Row ID,Order ID,Order Date,Ship Date,Ship Mode,Customer Name,Segment,Product,Category,Sub-Category,Sales,Quantity,Discount,Profit,City,State,Region
1,US-2022-101907,2022-12-03,2022-12-07,First Class,Jessica Thomas,Corporate,Bookcases Item 310,Furniture,Bookcases,1102.2,5,0.3,-63.05,Worcester,Massachusetts,East
2,US-2023-101746,2023-11-28,2023-12-05,Same Day,James Lee,Consumer,Labels Item 476,Office Supplies,Labels,11.85,3,0.0,3.22,Nashville,Tennessee,South
3,US-2024-102318,2024-02-10,2024-02-17,First Class,Jennifer Torres,Home Office,Paper Item 257,Office Supplies,Paper,43.32,6,0.3,0.45,Detroit,Michigan,Central
4,US-2023-102115,2023-02-02,2023-02-08,Same Day,Aiden Thomas,Corporate,Furnishings Item 411,Furniture,Furnishings,381.66,3,0.0,71.75,Miami,Florida,South
5,US-2022-101754,2022-09-03,2022-09-07,Standard Class,Richard Brown,Corporate,Tables Item 299,Furniture,Tables,878.71,1,0.0,213.53,Atlanta,Georgia,South
6,US-2024-101950,2024-02-23,2024-02-28,Second Class,Patricia Smith,Consumer,Labels Item 505,Office Supplies,Labels,43.29,3,0.3,-0.48,Buffalo,New York,East
7,US-2024-101733,2024-03-05,2024-03-12,Second Class,Elizabeth Singh,Home Office,Printers Item 928,Technology,Printers,1386.16,8,0.0,403.41,Raleigh,North Carolina,South
8,US-2024-100077,2024-03-31,2024-04-01,Second Class,Amara Garcia,Home Office,Storage Item 395,Office Supplies,Storage,292.67,7,0.1,40.36,Las Vegas,Nevada,West
9,US-2022-101688,2022-05-05,2022-05-09,Standard Class,Jennifer Singh,Corporate,Storage Item 575,Office Supplies,Storage,1326.08,8,0.3,-32.35,Portland,Oregon,West
10,US-2022-100846,2022-03-14,2022-03-20,Standard Class,Mary Walker,Consumer,Bookcases Item 700,Furniture,Bookcases,753.6,4,0.3,-59.9,Portland,Oregon,West
11,US-2024-102184,2024-02-06,2024-02-10,Second Class,John Kim,Consumer,Printers Item 343,Technology,Printers,729.9,6,0.3,-66.88,Cleveland,Ohio,Central
12,US-2023-101915,2023-11-06,2023-11-09,First Class,Richard Smith,Consumer,Laptops Item 314,Technology,Laptops,9568.2,5,0.1,806.1,Spokane,Washington,West
13,US-2023-101671,2023-11-22,2023-11-25,Standard Class,Mei Kim,Home Office,Binders Item 888,Office Supplies,Binders,322.08,6,0.1,50.17,Jersey City,New Jersey,East
14,US-2023-102194,2023-09-27,2023-09-29,Same Day,Carlos Miller,Home Office,Phones Item 332,Technology,Phones,6958.72,8,0.4,-1950.26,New York City,New York,East
15,US-2022-103437,2022-03-08,2022-03-13,Same Day,Richard Rodriguez,Home Office,Binders Item 572,Office Supplies,Binders,191.7,5,0.1,20.71,Memphis,Tennessee,South
16,US-2023-103489,2023-09-04,2023-09-05,Same Day,Michael Miller,Home Office,Chairs Item 486,Furniture,Chairs,389.42,1,0.0,122.9,Albany,New York,East
17,US-2023-101341,2023-04-23,2023-04-28,Same Day,Elizabeth Johnson,Corporate,Art Item 548,Office Supplies,Art,150.42,6,0.1,31.15,Chicago,Illinois,Central
18,US-2022-103495,2022-01-08,2022-01-11,Same Day,David Kim,Consumer,Furnishings Item 948,Furniture,Furnishings,168.6,3,0.0,26.34,Raleigh,North Carolina,South
19,US-2022-101912,2022-05-26,2022-06-02,Same Day,Elizabeth Nguyen,Home Office,Accessories Item 321,Technology,Accessories,245.6,2,0.2,-1.07,Boston,Massachusetts,East
20,US-2022-102958,2022-11-08,2022-03-15,Same Day,Mei Ali,Corporate,Phones Item 817,Technology,Phones,4303.6,8,0.1,244.63,San Diego,California,West
21,US-2023-103233,2023-02-22,2023-02-26,Standard Class,John Rodriguez,Home Office,Art Item 370,Office Supplies,Art,263.44,4,0.0,42.43,Cleveland,Ohio,Central
22,US-2024-101849,2024-07-06,2024-07-07,First Class,Elizabeth Davis,Corporate,Art Item 694,Office Supplies,Art,462.66,6,0.3,-21.48,Miami,Florida,South
23,US-2023-103232,2023-06-13,2023-06-15,First Class,Robert Wilson,Consumer,Storage Item 399,Office Supplies,Storage,381.06,2,0.0,77.59,Buffalo,New York,East
24,US-2022-102988,2022-11-20,2022-11-21,Same Day,Carlos Smith,Corporate,Paper Item 538,Office Supplies,Paper,25.98,2,0.4,-2.59,New York City,New York,East
25,US-2022-100571,2022-04-22,2022-04-29,First Class,Jennifer Martinez,Consumer,Printers Item 174,Technology,Printers,2035.32,4,0.4,-448.66,Eugene,Oregon,West
26,US-2022-100267,2022-12-26,2023-01-01,Standard Class,William Taylor,Consumer,Bookcases Item 651,Furniture,Bookcases,5583.28,8,0.15,536.48,Ann Arbor,Michigan,Central
27,US-2022-100343,2022-02-16,2022-02-19,Second Class,Mary Garcia,Consumer,Phones Item 308,Technology,Phones,4235.15,5,0.1,641.0,Pittsburgh,Pennsylvania,East
28,US-2022-100262,2022-01-11,2022-01-16,Same Day,Mary Garcia,Home Office,Binders Item 187,Office Supplies,Binders,174.87,3,0.0,55.68,Worcester,Massachusetts,East
29,US-2024-102962,2024-12-02,2024-05-03,Same Day,Joseph Torres,Home Office,Accessories Item 696,Technology,Accessories,206.82,6,0.3,-10.42,Cleveland,Ohio,Central
30,US-2024-103475,2024-08-18,2024-08-23,Same Day,Sarah Lee,Corporate,Accessories Item 624,Technology,Accessories,534.2,4,0.0,82.28,San Francisco,California,West
31,US-2022-101629,2022-04-02,2022-04-06,Standard Class,Carlos Thomas,Home Office,Labels Item 444,Office Supplies,Labels,143.36,8,0.2,-4.12,Savannah,Georgia,
32,US-2022-101886,2022-01-31,2022-02-04,Standard Class,Jessica Torres,Corporate,Furnishings Item 199,Furniture,Furnishings,437.22,3,0.15,72.35,Springfield,Illinois,Central
33,US-2022-100478,2022-04-26,2022-05-02,Second Class,Joseph Anderson,Consumer,Accessories Item 763,Technology,Accessories,411.78,6,0.1,48.02,Eugene,Oregon,West
34,US-2024-100602,2024-07-23,2024-07-26,First Class,Susan Garcia,Home Office,Binders Item 943,Office Supplies,Binders,21.3,5,0.15,1.06,Memphis,Tennessee,South
35,US-2022-100699,2022-06-21,2022-06-24,Second Class,Diego Kim,Consumer,Binders Item 910,Office Supplies,Binders,82.68,3,0.0,16.51,Los Angeles,California,West
36,US-2024-102003,2024-04-14,2024-04-18,First Class,Joseph Davis,Home Office,Binders Item 245,Office Supplies,Binders,92.08,8,0.15,3.56,Philadelphia,Pennsylvania,East
37,US-2024-100095,2024-11-26,2024-11-01,First Class,Wei Davis,Home Office,Accessories Item 402,Technology,Accessories,252.45,3,0.1,22.31,Albany,New York,East
38,US-2024-102147,2024-11-13,2024-10-18,Standard Class,Linda Jones,Consumer,Binders Item 453,Office Supplies,Binders,141.0,4,0.15,23.49,Jersey City,New Jersey,East
39,US-2023-102264,2023-03-11,2023-03-17,Second Class,Mary Miller,Consumer,Art Item 625,Office Supplies,Art,61.24,1,0.0,20.37,Boston,Massachusetts,East
40,US-2023-102306,2023-04-16,2023-04-18,Standard Class,John Johnson,Corporate,Labels Item 865,Office Supplies,Labels,78.4,8,0.0,12.74,Raleigh,North Carolina,South
41,US-2022-101609,2022-12-14,2022-12-15,Second Class,Linda Martinez,Consumer,Printers Item 708,Technology,Printers,1327.6,8,0.15,-19.39,Buffalo,New York,East
42,US-2024-100528,2024-08-17,2024-08-19,First Class,Diego Rodriguez,Corporate,Tables Item 953,Furniture,Tables,5390.1,6,0.4,-1185.05,Jersey City,New Jersey,East
43,US-2024-102135,2024-11-18,2024-11-21,Second Class,David Johnson,Corporate,Tables Item 890,Furniture,Tables,750.98,1,0.0,253.91,Boston,Massachusetts,East
44,US-2022-100958,2022-11-03,2022-02-04,Same Day,Joseph Thomas,Corporate,Bookcases Item 978,Furniture,Bookcases,716.28,2,0.4,-104.28,Albany,New York,East
45,US-2022-100474,2022-02-06,2022-02-13,Standard Class,Jennifer Walker,Consumer,Art Item 492,Office Supplies,Art,76.35,5,0.1,16.8,Savannah,Georgia,South
46,US-2022-103381,2022-01-18,2022-01-25,Second Class,Linda Taylor,Home Office,Labels Item 277,Office Supplies,Labels,67.6,8,0.2,-2.57,Charlotte,North Carolina,South
47,US-2023-102319,2023-12-10,2023-05-13,Second Class,Priya Davis,Corporate,Storage Item 723,Office Supplies,Storage,151.66,2,0.5,-40.57,Memphis,Tennessee,South
48,US-2022-101637,2022-07-13,2022-07-20,Second Class,Wei Johnson,Home Office,Accessories Item 439,Technology,Accessories,222.56,2,0.0,57.23,Worcester,Massachusetts,East
49,US-2024-101073,2024-10-03,2024-10-04,First Class,David Kim,Home Office,Phones Item 476,Technology,Phones,2013.52,4,0.0,632.9,Miami,Florida,South
50,US-2022-103178,2022-09-01,2022-09-05,Standard Class,Priya Garcia,Corporate,Printers Item 750,Technology,Printers,558.8,1,0.1,130.58,Charlotte,North Carolina,South
51,US-2024-101710,2024-05-30,2024-06-02,Standard Class,Linda Rodriguez,Home Office,Paper Item 158,Office Supplies,Paper,32.46,3,0.15,-0.39,Nashville,Tennessee,South
52,US-2024-102033,2024-09-30,2024-10-02,First Class,Wei Singh,Home Office,Art Item 907,Office Supplies,Art,559.36,8,0.0,95.41,Chicago,Illinois,Central
53,US-2024-100657,2024-11-02,2024-11-05,First Class,Susan Thomas,Consumer,Phones Item 533,Technology,Phones,1121.38,2,0.5,-265.25,Albany,New York,East
54,US-2022-101930,2022-11-14,2022-11-17,Standard Class,James Singh,Corporate,Laptops Item 582,Technology,Laptops,3377.31,3,0.0,1069.69,Philadelphia,Pennsylvania,East
55,US-2022-101231,2022-11-02,2022-03-07,Standard Class,David Lee,Corporate,Paper Item 214,Office Supplies,Paper,39.77,1,0.5,-8.91,Miami,Florida,South
56,US-2022-100532,2022-08-16,2022-08-17,Standard Class,Joseph Johnson,Consumer,Art Item 619,Office Supplies,Art,500.96,8,0.5,-158.53,Chicago,Illinois,Central
57,US-2023-103430,2023-09-15,2023-09-19,First Class,Wei Walker,Home Office,Bookcases Item 966,Furniture,Bookcases,3863.64,6,0.1,644.37,Los Angeles,California,West
58,US-2022-101005,2022-08-09,2022-08-12,Second Class,David Jones,Consumer,Phones Item 202,Technology,Phones,995.1,5,0.4,-191.54,Tampa,Florida,South
59,US-2022-101187,2022-01-06,2022-01-12,Second Class,Richard Singh,Home Office,Tables Item 114,Furniture,Tables,3269.95,5,0.4,-667.11,San Diego,California,West
60,US-2023-102296,2023-10-24,2023-10-31,First Class,Mei Martinez,Corporate,Bookcases Item 259,Furniture,Bookcases,1309.62,3,0.1,106.56,Las Vegas,Nevada,West
61,US-2023-100735,2023-09-21,2023-09-26,Standard Class,Michael Rodriguez,Home Office,Bookcases Item 566,Furniture,Bookcases,619.87,1,0.0,189.98,Philadelphia,Pennsylvania,East
62,US-2023-101488,2023-12-16,2023-12-20,Same Day,Amara Singh,Corporate,Phones Item 676,Technology,Phones,2629.62,6,0.3,-460.08,New York City,New York,East
63,US-2024-101704,2024-03-31,2024-04-02,Same Day,Jessica Williams,Corporate,Printers Item 426,Technology,Printers,3157.02,6,0.0,1103.46,Tampa,Florida,South
64,US-2022-101401,2022-04-19,2022-04-23,Second Class,Mei Kim,Consumer,Paper Item 385,Office Supplies,Paper,192.72,6,0.1,42.7,Los Angeles,California,West
65,US-2022-100704,08/01/2022,2022-08-04,Same Day,Robert Kim,Corporate,Accessories Item 930,Technology,Accessories,640.9,5,0.0,199.41,Springfield,Illinois,Central
66,US-2022-101562,2022-03-21,2022-03-25,Second Class,Sarah Miller,Consumer,Storage Item 431,Office Supplies,Storage,79.71,3,0.0,19.27,Ann Arbor,Michigan,Central
67,US-2024-102005,2024-02-12,2024-02-19,Standard Class,Wei Davis,Consumer,Chairs Item 703,Furniture,Chairs,718.14,2,0.0,115.86,Albany,New York,East
68,US-2022-100149,2022-09-29,2022-10-01,Second Class,John Lee,Consumer,Storage Item 879,Office Supplies,Storage,472.35,3,0.2,-12.68,Spokane,Washington,West
69,US-2022-102594,2022-01-27,2022-01-28,Standard Class,Elizabeth Torres,Corporate,Tables Item 199,Furniture,Tables,1282.58,2,0.0,285.61,Jersey City,New Jersey,East
70,US-2022-101065,2022-11-18,2022-11-23,Same Day,John Kim,Consumer,Tables Item 380,Furniture,Tables,6444.32,8,0.15,454.31,Orlando,Florida,South
71,US-2024-102752,2024-01-10,2024-01-11,First Class,Joseph Johnson,Corporate,Printers Item 857,Technology,Printers,804.36,4,0.0,199.8,Atlanta,Georgia,South
72,US-2023-102474,2023-03-15,2023-03-21,Same Day,Sarah Williams,Consumer,Tables Item 524,Furniture,Tables,1197.14,2,0.2,93.77,Columbus,Ohio,Central
73,US-2024-100243,2024-04-28,2024-04-29,Standard Class,Jessica Ali,Corporate,Paper Item 774,Office Supplies,Paper,145.2,6,0.0,47.95,Savannah,Georgia,South
74,US-2022-103024,2022-12-15,2022-12-22,First Class,Susan Thomas,Corporate,Labels Item 281,Office Supplies,Labels,13.29,3,0.0,3.34,Tampa,Florida,South
75,US-2024-100286,2024-12-03,2024-12-06,Standard Class,Richard Brown,Home Office,Art Item 606,Office Supplies,Art,304.85,7,0.15,43.21,Boston,Massachusetts,East
76,US-2024-100738,2024-10-27,2024-11-01,Standard Class,James Martinez,Corporate,Labels Item 316,Office Supplies,Labels,19.04,2,0.15,2.26,Orlando,Florida,South
77,US-2022-101788,2022-08-17,2022-08-22,Same Day,Diego Williams,Corporate,Paper Item 565,Office Supplies,Paper,107.4,3,0.15,6.37,Portland,Oregon,West
78,US-2023-101527,2023-08-09,2023-08-10,Standard Class,Mei Patel,Corporate,Accessories Item 323,Technology,Accessories,142.77,3,0.0,29.62,Seattle,Washington,West
79,US-2024-102423,2024-07-09,2024-07-15,First Class,Mei Ali,Consumer,Phones Item 154,Technology,Phones,852.96,3,0.2,7.2,Portland,Oregon,West
80,US-2022-103171,2022-12-16,2022-12-19,Standard Class,,Corporate,Labels Item 205,Office Supplies,Labels,23.07,3,0.0,6.44,Springfield,Illinois,Central
81,US-2023-101981,2023-10-17,2023-10-20,Standard Class,Susan Martinez,Consumer,Laptops Item 739,Technology,Laptops,11464.88,8,0.0,2620.63,Chicago,Illinois,Central
82,US-2022-100055,2022-02-03,2022-02-06,Standard Class,William Chen,Consumer,Printers Item 850,Technology,Printers,1193.88,6,0.0,197.46,Reno,Nevada,West
83,US-2022-102274,2022-11-12,2022-11-13,First Class,Joseph Johnson,Home Office,Chairs Item 494,Furniture,Chairs,396.6,6,0.0,111.0,San Francisco,California,West
84,US-2022-100651,2022-12-16,2022-07-19,Same Day,Robert Thomas,Consumer,Art Item 220,Office Supplies,Art,22.11,3,0.4,-2.27,Spokane,Washington,West
85,US-2022-101181,2022-10-08,2022-10-09,Standard Class,Amara Brown,Consumer,Accessories Item 588,Technology,Accessories,58.2,5,0.2,0.84,Eugene,Oregon,West
86,US-2024-100753,2024-02-05,2024-02-11,Standard Class,Priya Anderson,Consumer,Art Item 134,Office Supplies,Art,134.04,4,0.15,8.68,Columbus,Ohio,Central
87,US-2022-101153,2022-06-29,2022-06-30,Second Class,Carlos Miller,Corporate,Accessories Item 202,Technology,Accessories,842.7,6,0.15,54.27,New York City,New York,East
88,US-2022-100326,2022-09-23,2022-09-25,Standard Class,James Singh,Consumer,Chairs Item 597,Furniture,Chairs,$98.24,1,0.3,-7.13,Houston,Texas,Central
89,US-2023-102099,2023-04-17,2023-04-19,First Class,Elizabeth Khan,Corporate,Tables Item 479,Furniture,Tables,$602.75,5,0.15,25.26,Pittsburgh,Pennsylvania,East
90,US-2023-103470,2023-12-14,2023-11-20,Same Day,Carlos Davis,Corporate,Binders Item 741,Office Supplies,Binders,188.28,6,0.1,19.21,Spokane,Washington,West
91,US-2022-100279,2022-09-24,2022-09-29,Standard Class,Michael Anderson,Home Office,Labels Item 530,Office Supplies,Labels,10.16,2,0.0,1.58,Newark,New Jersey,East
92,US-2023-101158,2023-05-05,2023-05-11,Same Day,Wei Smith,Corporate,Storage Item 225,Office Supplies,Storage,1192.02,6,0.15,13.47,Atlanta,Georgia,South
93,US-2023-103304,2023-07-13,2023-07-20,Second Class,Carlos Khan,Corporate,Bookcases Item 123,Furniture,Bookcases,1280.16,8,0.0,329.48,Atlanta,Georgia,South
94,US-2022-102743,2022-02-08,2022-02-10,Same Day,Amara Garcia,Home Office,Labels Item 481,Office Supplies,Labels,35.88,2,0.1,8.52,Los Angeles,California,West
95,US-2022-100949,2022-03-07,2022-03-12,First Class,Sarah Patel,Corporate,Accessories Item 389,Technology,Accessories,96.24,1,0.15,2.18,Tampa,Florida,South
96,US-2023-101115,2023-06-02,2023-06-03,Same Day,Mei Taylor,Corporate,Tables Item 103,Furniture,Tables,1688.95,5,0.15,75.98,Raleigh,North Carolina,South
97,US-2024-102484,2024-10-22,2024-10-23,Standard Class,Aiden Anderson,Corporate,Paper Item 860,Office Supplies,Paper,310.08,8,0.0,90.86,Reno,Nevada,West
98,US-2022-103034,2022-11-18,2022-12-23,First Class,Susan Anderson,Consumer,Phones Item 349,Technology,Phones,514.86,1,0.15,26.67,Dallas,Texas,Central
99,US-2022-103426,2022-06-02,2022-06-09,First Class,Jessica Ali,Consumer,Paper Item 781,Office Supplies,Paper,84.96,8,0.1,19.23,Boston,Massachusetts,East
100,US-2022-102168,2022-12-14,2022-11-16,First Class,Jennifer Rodriguez,Consumer,Storage Item 636,Office Supplies,Storage,683.84,8,0.15,-2.79,New York City,New York,East
101,US-2022-102861,2022-10-14,2022-10-15,Standard Class,Wei Jones,Consumer,Printers Item 288,Technology,Printers,672.1,5,0.1,83.74,Charlotte,North Carolina,South
102,US-2024-101274,2024-11-05,2024-10-09,Second Class,Patricia Kim,Corporate,Art Item 617,Office Supplies,Art,86.56,8,0.15,5.76,San Diego,California,West
103,US-2024-101339,2024-11-16,2024-11-21,Same Day,Robert Lee,Consumer,Binders Item 185,Office Supplies,Binders,95.84,4,0.1,4.95,Austin,Texas,Central
104,US-2022-103376,2022-11-17,2022-02-21,Standard Class,Priya Anderson,Home Office,Bookcases Item 237,Furniture,Bookcases,1807.33,7,0.0,472.75,Portland,Oregon,West
105,US-2023-102555,2023-08-09,2023-08-13,Second Class,Elizabeth Torres,Home Office,Paper Item 510,Office Supplies,Paper,31.13,1,0.0,10.69,Tampa,Florida,South
106,US-2023-101060,2023-05-01,2023-05-08,Second Class,Wei Thomas,Home Office,Labels Item 581,Office Supplies,Labels,$15.68,4,0.2,1.67,Chicago,Illinois,Central
107,US-2022-101157,2022-03-17,2022-03-18,Standard Class,Wei Davis,Consumer,Printers Item 210,Technology,Printers,1009.92,3,0.2,71.15,Worcester,Massachusetts,East
108,US-2023-100085,2023-03-01,2023-03-07,Same Day,Linda Garcia,Corporate,Tables Item 457,Furniture,Tables,663.1,5,0.2,31.95,Pittsburgh,Pennsylvania,East
109,US-2024-101935,2024-11-11,2024-11-18,Standard Class,Susan Ali,Corporate,Accessories Item 580,Technology,Accessories,306.42,3,0.2,-17.15,Columbus,Ohio,Central
110,US-2022-100168,2022-11-04,2022-11-06,Standard Class,William Rodriguez,Home Office,Printers Item 858,Technology,Printers,623.52,6,0.1,30.02,Los Angeles,California,West
111,US-2022-103349,2022-08-05,2022-08-08,Standard Class,Susan Garcia,Corporate,Storage Item 487,Office Supplies,Storage,824.64,6,0.3,-89.8,Miami,Florida,South
112,US-2024-101184,2024-03-06,2024-03-08,First Class,Jessica Thomas,Consumer,Chairs Item 514,Furniture,Chairs,798.84,7,0.0,209.08,Springfield,Illinois,Central
113,US-2024-100189,2024-11-24,2024-09-30,First Class,Mei Davis,Home Office,Laptops Item 675,Technology,Laptops,13445.46,7,0.2,-878.6,Cleveland,Ohio,Central
114,US-2023-103457,2023-11-26,2023-04-29,Second Class,Patricia Anderson,Home Office,Paper Item 309,Office Supplies,Paper,38.48,4,0.0,7.43,Charlotte,North Carolina,South
115,US-2024-103046,2024-09-23,2024-09-30,Second Class,Jennifer Johnson,Corporate,Bookcases Item 899,Furniture,Bookcases,2378.18,7,0.0,725.76,Cleveland,Ohio,Central
116,US-2022-100782,2022-03-25,2022-03-27,First Class,William Williams,Consumer,Chairs Item 600,Furniture,Chairs,2017.15,5,0.0,413.44,Springfield,Illinois,Central
117,US-2023-100642,2023-04-03,2023-04-06,Standard Class,Elizabeth Miller,Consumer,Labels Item 214,Office Supplies,Labels,104.09,7,0.2,-7.08,Ann Arbor,Michigan,Central
118,US-2024-100587,2024-04-01,2024-04-07,Standard Class,John Rodriguez,Consumer,Furnishings Item 307,Furniture,Furnishings,1322.56,8,0.1,121.62,Worcester,Massachusetts,East
119,US-2024-102107,2024-10-31,2024-11-04,Standard Class,Patricia Anderson,Corporate,Binders Item 603,Office Supplies,Binders,204.18,6,0.0,40.17,Ann Arbor,Michigan,Central
120,US-2024-101298,2024-02-16,2024-02-18,Standard Class,Fatima Ali,Consumer,Accessories Item 733,Technology,Accessories,150.0,5,0.1,29.26,Memphis,Tennessee,South
121,US-2024-103319,2024-09-25,2024-09-29,First Class,Amara Brown,Home Office,Art Item 492,Office Supplies,Art,584.08,8,0.0,156.23,Houston,Texas,Central
122,US-2024-102401,2024-07-16,2024-07-22,Second Class,William Lee,Corporate,Bookcases Item 185,Furniture,Bookcases,1254.24,8,0.15,-1.12,Chicago,Illinois,Central
123,US-2022-101432,2022-09-16,2022-09-17,Same Day,Linda Davis,Consumer,Printers Item 920,Technology,Printers,574.24,1,0.15,58.18,Chicago,Illinois,Central
124,US-2024-103420,2024-12-18,2024-12-22,First Class,Michael Rodriguez,Corporate,Binders Item 936,Office Supplies,Binders,12.09,1,0.0,4.15,Seattle,Washington,
125,US-2022-102706,2022-05-19,2022-05-20,First Class,Joseph Davis,Corporate,Phones Item 898,Technology,Phones,665.83,1,0.2,-10.19,Springfield,Illinois,Central
126,US-2023-103136,2023-10-12,2023-10-17,Same Day,Sarah Kim,Corporate,Art Item 580,Office Supplies,Art,93.75,3,0.2,10.84,Jersey City,New Jersey,East
127,US-2023-102933,2023-06-01,2023-06-06,First Class,Mary Garcia,Corporate,Tables Item 177,Furniture,Tables,5395.6,8,0.3,-493.49,Raleigh,North Carolina,South
128,US-2023-101643,2023-02-24,2023-03-02,First Class,Priya Taylor,Consumer,Laptops Item 365,Technology,Laptops,1239.36,1,0.1,68.34,San Diego,California,West
129,US-2023-102527,2023-09-07,2023-09-10,Same Day,Sarah Rodriguez,Home Office,Storage Item 339,Office Supplies,Storage,345.59,7,0.1,19.7,Cleveland,Ohio,Central
130,US-2024-100386,2024-08-06,2024-08-09,Standard Class,Linda Taylor,Consumer,Binders Item 415,Office Supplies,Binders,74.48,8,0.0,23.78,Chicago,Illinois,Central
131,US-2023-101342,2023-10-18,2023-10-22,Standard Class,Mei Nguyen,Consumer,Storage Item 489,Office Supplies,Storage,17.72,1,0.1,2.05,Seattle,Washington,West
132,US-2024-103135,2024-01-16,2024-01-23,Second Class,Carlos Martinez,Home Office,Labels Item 746,Office Supplies,Labels,17.94,2,0.0,4.98,Orlando,Florida,South
133,US-2022-101712,2022-12-19,2022-12-20,First Class,Mei Taylor,Corporate,Art Item 228,Office Supplies,Art,186.51,3,0.1,8.91,Worcester,Massachusetts,East
134,US-2023-103281,2023-12-13,2023-05-14,Standard Class,Jennifer Singh,Consumer,Art Item 363,Office Supplies,Art,138.06,6,0.15,6.86,New York City,New York,East
135,US-2022-100143,2022-04-20,2022-04-27,First Class,Robert Miller,Corporate,Laptops Item 239,Technology,Laptops,8645.4,6,0.3,-1494.02,Pittsburgh,Pennsylvania,East
136,US-2024-100981,2024-11-06,2024-11-09,Same Day,Richard Wilson,Corporate,Storage Item 185,Office Supplies,Storage,184.45,5,0.4,-38.37,Nashville,Tennessee,South
137,US-2022-100711,2022-10-17,2022-10-18,Second Class,,Consumer,Paper Item 682,Office Supplies,Paper,14.01,1,0.0,3.52,San Francisco,California,West
138,US-2024-102294,2024-11-23,2024-11-30,Second Class,Elizabeth Johnson,Consumer,Chairs Item 444,Furniture,Chairs,1165.8,5,0.0,205.35,Austin,Texas,Central
139,US-2023-103160,2023-02-03,2023-02-09,First Class,Wei Martinez,Corporate,Tables Item 940,Furniture,Tables,3709.08,6,0.3,-645.9,Buffalo,New York,East
140,US-2024-100715,2024-04-09,2024-04-16,Same Day,Carlos Ali,Consumer,Phones Item 922,Technology,Phones,5034.72,8,0.1,1075.33,Spokane,Washington,West
141,US-2022-101887,2022-04-19,2022-04-23,Standard Class,Wei Lee,Corporate,Tables Item 941,Furniture,Tables,2251.02,6,0.2,172.43,Reno,Nevada,West
142,US-2024-103006,2024-12-22,2024-12-26,First Class,Amara Thomas,Corporate,Paper Item 134,Office Supplies,Paper,32.54,1,0.4,-4.11,Seattle,Washington,West
143,US-2022-102934,2022-04-16,2022-04-17,Same Day,William Lee,Consumer,Labels Item 972,Office Supplies,Labels,94.2,5,0.1,8.16,Pittsburgh,Pennsylvania,East
144,US-2023-101832,2023-11-23,2023-11-28,Same Day,Amara Wilson,Consumer,Phones Item 398,Technology,Phones,1313.76,7,0.1,61.72,Memphis,Tennessee,South
145,US-2022-101263,2022-10-18,2022-10-22,Same Day,Aiden Nguyen,Consumer,Art Item 291,Office Supplies,Art,522.64,8,0.1,50.04,Savannah,Georgia,South
146,US-2024-100495,2024-11-25,2024-05-02,First Class,David Wilson,Consumer,Phones Item 944,Technology,Phones,2678.4,8,0.1,545.91,Detroit,Michigan,Central
147,US-2024-101492,2024-01-04,2024-01-06,Same Day,James Brown,Corporate,Art Item 310,Office Supplies,Art,462.96,8,0.0,145.1,Raleigh,North Carolina,South
148,US-2023-100497,2023-05-27,2023-06-01,Second Class,William Smith,Corporate,Storage Item 562,Office Supplies,Storage,130.7,2,0.0,35.03,Las Vegas,Nevada,West
149,US-2022-102447,2022-09-26,2022-10-02,First Class,Wei Lee,Consumer,Accessories Item 564,Technology,Accessories,286.11,3,0.15,9.49,Austin,Texas,Central
150,US-2022-100429,2022-11-18,2022-11-25,Second Class,Priya Torres,Home Office,Accessories Item 975,Technology,Accessories,60.48,4,0.3,-5.18,Memphis,Tennessee,South
151,US-2023-102016,2023-02-03,2023-02-07,Same Day,Amara Rodriguez,Corporate,Furnishings Item 936,Furniture,Furnishings,174.39,1,0.15,6.82,Pittsburgh,Pennsylvania,East
152,US-2024-102463,2024-11-28,2024-11-03,Standard Class,Priya Smith,Home Office,Laptops Item 973,Technology,Laptops,3914.32,8,0.4,-933.91,Buffalo,New York,East
153,US-2023-101264,2023-02-01,2023-02-04,Same Day,Priya Williams,Home Office,Art Item 659,Office Supplies,Art,62.4,3,0.0,21.31,Los Angeles,California,West
154,US-2023-100379,2023-12-19,2023-12-24,First Class,Amara Ali,Consumer,Labels Item 821,Office Supplies,Labels,32.52,2,0.0,8.35,Houston,Texas,Central
155,US-2022-102301,2022-04-03,2022-04-05,First Class,Amara Brown,Corporate,Tables Item 195,Furniture,Tables,1294.55,5,0.0,397.01,Worcester,Massachusetts,East
156,US-2023-101582,2023-06-29,2023-07-06,Second Class,Linda Lee,Corporate,Storage Item 878,Office Supplies,Storage,424.14,6,0.2,12.95,Eugene,Oregon,West
157,US-2022-101994,2022-04-17,2022-04-20,Same Day,Elizabeth Singh,Corporate,Accessories Item 196,Technology,Accessories,$186.8,8,0.0,44.83,Chicago,Illinois,Central
158,US-2023-100426,2023-10-30,2023-11-01,Standard Class,John Davis,Home Office,Accessories Item 522,Technology,Accessories,77.56,4,0.2,6.2,Raleigh,North Carolina,South
159,US-2023-102717,2023-09-15,2023-09-20,Second Class,Jennifer Johnson,Consumer,Chairs Item 933,Furniture,Chairs,2146.92,6,0.0,349.56,Eugene,Oregon,West
160,US-2022-100792,2022-02-20,2022-02-27,Same Day,Susan Garcia,Consumer,Tables Item 224,Furniture,Tables,2302.32,4,0.0,574.09,Seattle,Washington,West
161,US-2023-101925,2023-11-14,2023-12-20,Same Day,Elizabeth Khan,Corporate,Phones Item 472,Technology,Phones,4116.36,6,0.1,221.01,Chicago,Illinois,Central
162,US-2023-101690,2023-07-27,2023-07-31,Second Class,Joseph Patel,Corporate,Furnishings Item 263,Furniture,Furnishings,120.99,3,0.0,35.06,Philadelphia,Pennsylvania,East
163,US-2023-101804,2023-05-18,2023-05-23,First Class,Sarah Khan,Corporate,Accessories Item 680,Technology,Accessories,628.0,5,0.0,130.08,Orlando,Florida,South
164,US-2023-100700,2023-09-22,2023-09-25,Same Day,Mary Garcia,Consumer,Printers Item 157,Technology,Printers,3207.36,8,0.2,228.86,Portland,Oregon,West
165,US-2023-100888,2023-01-17,2023-01-21,Second Class,Susan Garcia,Home Office,Chairs Item 430,Furniture,Chairs,812.48,2,0.1,83.75,Boston,Massachusetts,East
166,US-2022-100337,2022-03-26,2022-03-29,Second Class,Priya Thomas,Home Office,Art Item 814,Office Supplies,Art,11.02,1,0.0,2.81,Albany,New York,East
167,US-2022-102246,2022-04-05,2022-04-06,Second Class,Sarah Martinez,Home Office,Storage Item 838,Office Supplies,Storage,126.64,2,0.15,15.7,Atlanta,Georgia,South
168,US-2023-102507,2023-06-13,2023-06-15,Second Class,James Williams,Corporate,Printers Item 813,Technology,Printers,1433.52,4,0.0,397.18,Atlanta,Georgia,South
169,US-2022-100232,2022-08-26,2022-08-27,Standard Class,Robert Miller,Consumer,Storage Item 779,Office Supplies,Storage,918.12,6,0.1,143.85,Seattle,Washington,West
170,US-2022-100964,2022-05-16,2022-05-17,Same Day,Fatima Martinez,Corporate,Laptops Item 976,Technology,Laptops,2917.52,2,0.1,397.35,Philadelphia,Pennsylvania,East
171,US-2022-101318,2022-09-24,2022-09-26,Standard Class,Carlos Rodriguez,Consumer,Furnishings Item 860,Furniture,Furnishings,920.0,5,0.2,58.21,Raleigh,North Carolina,South
172,US-2022-102924,2022-12-14,2022-12-16,Same Day,John Patel,Home Office,Furnishings Item 462,Furniture,Furnishings,274.6,4,0.3,-9.0,Springfield,Illinois,Central
173,US-2024-103356,2024-05-21,2024-05-24,First Class,Joseph Brown,Consumer,Phones Item 104,Technology,Phones,671.73,3,0.3,-89.73,Detroit,Michigan,Central
174,US-2023-102431,2023-11-24,2023-11-26,Same Day,John Thomas,Home Office,Art Item 573,Office Supplies,Art,363.37,7,0.0,113.25,Springfield,Illinois,Central
175,US-2024-100469,2024-10-03,2024-10-09,Standard Class,Carlos Smith,Corporate,Art Item 635,Office Supplies,Art,38.28,6,0.0,12.74,Detroit,Michigan,Central
176,US-2023-101431,2023-01-02,2023-01-09,Standard Class,Patricia Davis,Corporate,Paper Item 478,Office Supplies,Paper,244.58,7,0.15,10.15,Miami,Florida,South
177,US-2024-100357,2024-03-26,2024-03-29,First Class,Amara Walker,Consumer,Chairs Item 532,Furniture,Chairs,1069.96,4,0.0,248.62,Tampa,Florida,South
178,US-2024-101529,2024-11-19,2024-11-20,First Class,Elizabeth Davis,Consumer,Chairs Item 309,Furniture,Chairs,1953.6,6,0.15,0.77,Chicago,Illinois,Central
179,US-2022-101344,2022-04-13,2022-04-16,Standard Class,Amara Ali,Consumer,Art Item 830,Office Supplies,Art,114.64,8,0.15,7.76,Savannah,Georgia,South
180,US-2023-103076,2023-12-20,2023-12-21,Second Class,Amara Torres,Consumer,Art Item 343,Office Supplies,Art,96.96,2,0.0,25.02,Spokane,Washington,West
181,US-2022-101177,2022-10-08,2022-10-14,First Class,Wei Johnson,Consumer,Binders Item 387,Office Supplies,Binders,189.6,5,0.15,30.29,Charlotte,North Carolina,South
182,US-2022-101204,2022-10-03,2022-10-04,Standard Class,John Rodriguez,Corporate,Phones Item 742,Technology,Phones,3387.6,8,0.0,655.77,Philadelphia,Pennsylvania,East
183,US-2022-100461,2022-12-28,2022-09-02,Second Class,Michael Miller,Home Office,Accessories Item 332,Technology,Accessories,131.59,1,0.2,3.62,Jersey City,New Jersey,East
184,US-2024-101878,2024-02-17,2024-02-19,Standard Class,Aiden Khan,Home Office,Tables Item 901,Furniture,Tables,2538.48,8,0.2,-80.92,Miami,Florida,South
185,US-2024-100891,2024-04-01,2024-04-04,Standard Class,Patricia Anderson,Home Office,Accessories Item 210,Technology,Accessories,92.28,6,0.1,20.33,Nashville,Tennessee,South
186,US-2024-102151,2024-09-04,2024-09-07,Same Day,Richard Torres,Home Office,Printers Item 721,Technology,Printers,731.52,6,0.3,5.79,Seattle,Washington,West
187,US-2023-100897,2023-11-28,2023-12-03,Standard Class,Mei Taylor,Consumer,Paper Item 761,Office Supplies,Paper,85.84,4,0.1,15.11,Miami,Florida,South
188,US-2023-101317,2023-11-14,2023-04-18,Standard Class,Michael Miller,Corporate,Printers Item 295,Technology,Printers,82.27,1,0.2,-3.01,Spokane,Washington,West
189,US-2024-103029,2024-12-14,2024-02-16,Second Class,Patricia Kim,Corporate,Bookcases Item 177,Furniture,Bookcases,2980.64,8,0.15,247.58,Portland,Oregon,West
190,US-2023-100706,2023-11-24,2023-12-27,Same Day,David Lee,Corporate,Laptops Item 810,Technology,Laptops,2311.53,3,0.2,-110.07,Charlotte,North Carolina,South
191,US-2023-102004,2023-08-18,2023-08-19,Standard Class,Linda Martinez,Home Office,Laptops Item 852,Technology,Laptops,$8399.44,8,0.15,560.17,Ann Arbor,Michigan,Central
192,US-2022-102269,2022-05-26,2022-05-27,Second Class,Mary Rodriguez,Corporate,Accessories Item 976,Technology,Accessories,418.26,6,0.1,68.21,Portland,Oregon,West
193,US-2023-100178,2023-05-27,2023-05-28,Same Day,Wei Jones,Consumer,Printers Item 224,Technology,Printers,933.6,8,0.15,105.95,Columbus,Ohio,Central
194,US-2024-102466,2024-10-11,2024-10-18,Standard Class,Jessica Williams,Home Office,Bookcases Item 149,Furniture,Bookcases,342.74,1,0.2,-0.54,Miami,Florida,South
195,US-2023-101727,2023-07-05,2023-07-08,Same Day,Robert Torres,Consumer,Binders Item 613,Office Supplies,Binders,332.96,8,0.0,74.79,Raleigh,North Carolina,South
196,US-2024-103271,2024-10-07,2024-10-08,Same Day,Sarah Rodriguez,Consumer,Chairs Item 192,Furniture,Chairs,1000.58,7,0.1,201.11,Philadelphia,Pennsylvania,East
197,US-2022-103187,2022-11-11,2022-11-14,Same Day,Michael Singh,Consumer,Accessories Item 258,Technology,Accessories,986.79,7,,219.5,San Francisco,California,West
198,US-2024-103379,2024-07-26,2024-08-01,Second Class,Sarah Singh,Consumer,Accessories Item 287,Technology,Accessories,890.12,7,0.4,-156.25,Chicago,Illinois,Central
199,US-2024-100170,2024-07-24,2024-07-25,First Class,Aiden Patel,Corporate,Storage Item 677,Office Supplies,Storage,513.6,5,0.0,87.09,Las Vegas,Nevada,West
200,US-2022-100754,2022-08-23,2022-08-25,First Class,Sarah Wilson,Consumer,Labels Item 466,Office Supplies,Labels,92.04,6,0.1,13.5,Ann Arbor,Michigan,Central
201,US-2022-103427,2022-11-16,2022-11-19,Standard Class,Carlos Davis,Consumer,Binders Item 296,Office Supplies,Binders,328.68,6,0.15,46.43,Charlotte,North Carolina,South
202,US-2024-101834,2024-12-30,2025-01-03,Standard Class,Linda Rodriguez,Consumer,Laptops Item 956,Technology,Laptops,7642.08,4,0.1,551.27,Charlotte,North Carolina,South
203,US-2023-102285,2023-03-15,2023-03-17,Same Day,Sarah Walker,Corporate,Accessories Item 913,Technology,Accessories,176.04,6,0.1,37.29,Albany,New York,East
204,US-2024-101185,2024-10-16,2024-10-17,Standard Class,Carlos Johnson,Home Office,Phones Item 295,Technology,Phones,2851.66,7,0.0,843.62,Raleigh,North Carolina,South
205,US-2024-100560,2024-12-29,2025-01-03,Standard Class,Mei Kim,Consumer,Paper Item 504,Office Supplies,Paper,60.45,5,0.0,10.63,Ann Arbor,Michigan,Central
206,US-2022-101765,2022-04-11,2022-04-16,First Class,Linda Miller,Consumer,Laptops Item 435,Technology,Laptops,10709.85,5,0.1,1370.3,Detroit,Michigan,Central
207,US-2024-100418,2024-05-22,2024-05-25,Same Day,William Lee,Consumer,Tables Item 800,Furniture,Tables,997.38,2,0.2,13.75,Los Angeles,California,West
208,US-2022-101088,2022-11-23,2022-11-30,Second Class,Patricia Brown,Home Office,Tables Item 505,Furniture,Tables,1690.44,6,0.1,350.61,Buffalo,New York,East
209,US-2022-100174,2022-09-25,2022-09-27,First Class,Fatima Thomas,Corporate,Binders Item 920,Office Supplies,Binders,274.4,7,0.15,-1.63,Newark,New Jersey,East
210,US-2024-100533,2024-06-23,2024-06-30,Same Day,Carlos Williams,Consumer,Storage Item 762,Office Supplies,Storage,278.85,3,0.2,21.62,Seattle,Washington,West
211,US-2022-102946,2022-10-14,2022-10-18,Second Class,Patricia Lee,Corporate,Chairs Item 480,Furniture,Chairs,752.46,2,0.4,-129.99,Columbus,Ohio,Central
212,US-2024-101596,2024-05-09,2024-05-11,Same Day,Susan Thomas,Home Office,Binders Item 993,Office Supplies,Binders,102.7,5,0.0,34.17,Spokane,Washington,West
213,US-2022-101551,2022-01-08,2022-01-13,Same Day,Sarah Khan,Home Office,Printers Item 796,Technology,Printers,897.19,7,0.1,170.18,Memphis,Tennessee,South
214,US-2022-100685,2022-09-24,2022-09-27,First Class,Mei Taylor,Home Office,Phones Item 897,Technology,Phones,284.76,1,0.15,9.26,Raleigh,North Carolina,South
215,US-2022-100608,2022-09-12,2022-09-17,Same Day,Carlos Walker,Consumer,Labels Item 787,Office Supplies,Labels,35.9,2,0.0,6.97,Chicago,Illinois,Central
216,US-2024-101835,2024-04-16,2024-04-18,Standard Class,Mei Williams,Corporate,Art Item 257,Office Supplies,Art,6.87,1,0.4,-1.38,Detroit,Michigan,Central
217,US-2024-102778,2024-05-24,2024-05-27,Standard Class,Richard Rodriguez,Corporate,Storage Item 108,Office Supplies,Storage,677.88,4,0.0,197.99,Cleveland,Ohio,Central
218,US-2022-102324,2022-01-15,2022-01-16,Standard Class,Richard Singh,Home Office,Paper Item 889,Office Supplies,Paper,194.25,7,0.5,-67.9,Portland,Oregon,West
219,US-2023-101406,06/10/2023,2023-06-16,Standard Class,James Thomas,Home Office,Binders Item 904,Office Supplies,Binders,17.1,1,0.4,-2.77,Orlando,Florida,
220,US-2023-101329,2023-02-23,2023-02-24,Standard Class,Aiden Davis,Consumer,Labels Item 787,Office Supplies,Labels,104.55,5,0.1,21.96,Ann Arbor,Michigan,Central
221,US-2023-101475,2023-03-06,2023-03-08,Second Class,Michael Miller,Consumer,Printers Item 829,Technology,Printers,1360.15,5,0.0,457.81,Ann Arbor,Michigan,Central
222,US-2023-101451,2023-10-19,2023-10-22,Second Class,Sarah Williams,Home Office,Paper Item 627,Office Supplies,Paper,41.16,6,0.4,-5.63,Boston,Massachusetts,East
223,US-2024-102156,2024-12-03,2024-12-08,First Class,Mary Walker,Home Office,Phones Item 272,Technology,Phones,$1789.0,5,0.3,14.63,Seattle,Washington,West
224,US-2023-102984,2023-05-02,2023-05-07,Same Day,Michael Williams,Home Office,Furnishings Item 448,Furniture,Furnishings,1601.53,7,0.0,268.23,Cleveland,Ohio,Central
225,US-2024-102615,2024-12-15,2024-08-16,Same Day,Sarah Lee,Corporate,Paper Item 442,Office Supplies,Paper,54.39,7,0.0,14.66,Dallas,Texas,Central
226,US-2023-102182,2023-12-14,2023-04-21,First Class,William Thomas,Consumer,Accessories Item 779,Technology,Accessories,584.6,5,0.1,84.58,Los Angeles,California,West
227,US-2022-100435,2022-12-15,2022-06-20,First Class,Robert Miller,Home Office,Accessories Item 790,Technology,Accessories,522.6,4,0.2,62.31,Charlotte,North Carolina,South
228,US-2022-102578,2022-11-11,2022-11-15,First Class,James Wilson,Corporate,Laptops Item 547,Technology,Laptops,3235.04,2,0.1,324.13,Reno,Nevada,West
229,US-2023-102054,2023-11-13,2023-10-14,Standard Class,Carlos Khan,Consumer,Tables Item 234,Furniture,Tables,872.24,1,0.0,139.63,Columbus,Ohio,Central
230,US-2023-101615,2023-11-24,2023-08-31,Second Class,Diego Wilson,Corporate,Tables Item 247,Furniture,Tables,737.12,4,0.2,-18.82,Columbus,Ohio,Central
231,US-2023-101115,2023-11-02,2023-06-03,Same Day,Mei Taylor,Corporate,Tables Item 103,Furniture,Tables,1688.95,5,0.15,75.98,Raleigh,North Carolina,South
232,US-2022-102851,2022-06-22,2022-06-29,Standard Class,Amara Nguyen,Home Office,Binders Item 291,Office Supplies,Binders,99.0,5,0.2,0.09,Cleveland,Ohio,Central
233,US-2023-100570,2023-09-29,2023-09-30,Standard Class,Patricia Taylor,Corporate,Paper Item 542,Office Supplies,Paper,81.04,4,0.0,21.76,Spokane,Washington,West
234,US-2024-100350,2024-12-08,2024-12-10,Same Day,Jennifer Rodriguez,Home Office,Paper Item 678,Office Supplies,Paper,23.61,3,0.0,5.81,Philadelphia,Pennsylvania,East
235,US-2022-100425,2022-03-01,2022-03-05,Standard Class,John Kim,Consumer,Phones Item 838,Technology,Phones,1579.95,3,0.0,425.13,Cleveland,Ohio,Central
236,US-2024-103189,2024-11-01,2024-11-06,Same Day,James Williams,Corporate,Phones Item 337,Technology,Phones,705.98,1,0.15,106.27,Raleigh,North Carolina,South
237,US-2024-101703,2024-07-06,2024-07-09,Standard Class,Patricia Brown,Consumer,Accessories Item 505,Technology,Accessories,229.5,2,0.15,33.58,San Francisco,California,West
238,US-2023-103470,2023-11-14,2023-11-20,Same Day,Carlos Davis,Corporate,Binders Item 741,Office Supplies,Binders,$188.28,6,0.1,19.21,Spokane,Washington,West
239,US-2022-102295,2022-09-18,2022-09-22,First Class,Fatima Wilson,Corporate,Chairs Item 750,Furniture,Chairs,1066.65,3,0.0,315.58,Reno,Nevada,West
240,US-2024-100119,2024-06-07,2024-06-13,First Class,Diego Walker,Consumer,Paper Item 640,Office Supplies,Paper,25.34,2,0.1,1.14,Nashville,Tennessee,South
241,US-2024-100280,2024-02-20,2024-02-23,Standard Class,,Consumer,Tables Item 360,Furniture,Tables,5632.88,8,0.2,304.52,Austin,Texas,Central
242,US-2022-101796,2022-08-18,2022-08-23,Second Class,Fatima Khan,Consumer,Labels Item 150,Office Supplies,Labels,143.28,6,0.0,26.52,Jersey City,New Jersey,East
243,US-2023-101818,2023-11-02,2023-09-08,Standard Class,Patricia Brown,Corporate,Phones Item 376,Technology,Phones,1762.64,8,0.2,47.99,Springfield,Illinois,Central
244,US-2024-101463,2024-01-13,2024-01-20,First Class,Carlos Davis,Corporate,Accessories Item 617,Technology,Accessories,371.58,6,0.0,122.77,Eugene,Oregon,West
245,US-2024-102648,2024-04-11,2024-04-14,Standard Class,Diego Williams,Home Office,Laptops Item 825,Technology,Laptops,5382.21,3,0.0,952.04,New York City,New York,East
246,US-2024-101082,2024-09-09,2024-09-10,Second Class,Aiden Thomas,Consumer,Accessories Item 507,Technology,Accessories,296.65,5,0.0,94.42,San Diego,California,West
247,US-2024-102352,2024-08-08,2024-08-09,Standard Class,Mei Brown,Corporate,Furnishings Item 397,Furniture,Furnishings,1207.64,7,0.0,324.94,Houston,Texas,Central
248,US-2023-101021,2023-08-21,2023-08-26,Standard Class,John Chen,Consumer,Chairs Item 742,Furniture,Chairs,3039.89,7,0.1,462.81,Springfield,Illinois,Central
249,US-2022-100758,2022-02-13,2022-02-16,Standard Class,John Walker,Consumer,Labels Item 572,Office Supplies,Labels,45.5,7,0.0,6.89,Las Vegas,Nevada,West
250,US-2024-101111,2024-12-27,2025-01-01,Standard Class,Richard Wilson,Home Office,Chairs Item 374,Furniture,Chairs,2956.96,8,0.5,-863.02,Nashville,Tennessee,South
251,US-2023-100042,2023-11-03,2023-08-07,Same Day,William Chen,Home Office,Art Item 712,Office Supplies,Art,89.46,3,0.1,4.72,New York City,New York,East
252,US-2023-102639,2023-02-09,2023-02-15,First Class,Amara Nguyen,Home Office,Binders Item 965,Office Supplies,Binders,87.29,7,0.1,9.3,Memphis,Tennessee,South
253,US-2024-101486,2024-12-22,2024-12-27,Same Day,Susan Thomas,Corporate,Binders Item 460,Office Supplies,Binders,197.52,8,0.4,-50.84,Pittsburgh,Pennsylvania,East
254,US-2023-102368,2023-10-03,2023-10-07,First Class,Carlos Miller,Corporate,Accessories Item 212,Technology,Accessories,351.4,5,0.2,-16.22,San Francisco,California,West
255,US-2023-101067,2023-10-26,2023-10-30,Second Class,Priya Thomas,Home Office,Printers Item 956,Technology,Printers,371.07,1,0.15,33.57,Ann Arbor,Michigan,Central
256,US-2024-102051,2024-05-25,2024-05-27,Standard Class,Mary Wilson,Home Office,Paper Item 615,Office Supplies,Paper,77.97,3,0.1,9.77,Charlotte,North Carolina,South
257,US-2023-101649,2023-12-31,2024-01-02,First Class,Wei Wilson,Home Office,Art Item 904,Office Supplies,Art,268.1,5,0.15,-0.05,Buffalo,New York,East
258,US-2023-103336,2023-06-18,2023-06-25,Second Class,Fatima Brown,Corporate,Storage Item 909,Office Supplies,Storage,236.82,3,0.15,34.7,Columbus,Ohio,Central
259,US-2022-103250,2022-11-10,2022-11-15,Standard Class,Amara Wilson,Corporate,Accessories Item 557,Technology,Accessories,328.4,8,0.4,-43.97,Eugene,Oregon,West
260,US-2024-100188,2024-12-18,2024-01-19,First Class,Carlos Smith,Home Office,Laptops Item 203,Technology,Laptops,1056.28,2,0.3,-122.74,Boston,Massachusetts,East
261,US-2022-103398,2022-12-27,2022-12-29,Same Day,Joseph Thomas,Corporate,Phones Item 351,Technology,Phones,500.54,1,0.1,48.61,Austin,Texas,Central
262,US-2023-100318,2023-10-02,2023-10-05,Second Class,Diego Singh,Home Office,Binders Item 662,Office Supplies,Binders,36.44,4,0.1,4.72,Spokane,Washington,West
263,US-2023-101999,2023-11-05,2023-11-06,Standard Class,Aiden Williams,Consumer,Labels Item 506,Office Supplies,Labels,19.38,2,0.0,4.44,Eugene,Oregon,West
264,US-2023-101542,2023-02-22,2023-02-24,Same Day,Jessica Singh,Home Office,Laptops Item 185,Technology,Laptops,5353.18,7,0.15,548.79,Atlanta,Georgia,South
265,US-2024-101152,2024-11-05,2024-10-06,Second Class,Mei Wilson,Consumer,Phones Item 582,Technology,Phones,1603.5,3,0.1,158.26,Los Angeles,California,West
266,US-2022-102488,2022-07-04,2022-07-10,First Class,Fatima Williams,Home Office,Labels Item 822,Office Supplies,Labels,39.0,5,0.15,2.9,Buffalo,New York,
267,US-2024-100614,2024-10-20,2024-10-21,Second Class,Richard Wilson,Consumer,Art Item 714,Office Supplies,Art,174.1,5,0.2,-2.64,Houston,Texas,Central
268,US-2023-102633,2023-12-26,2023-08-31,First Class,Robert Rodriguez,Home Office,Storage Item 217,Office Supplies,Storage,194.79,1,0.3,-15.09,Nashville,Tennessee,South
269,US-2022-100607,2022-05-20,2022-05-21,Second Class,Amara Thomas,Consumer,Storage Item 582,Office Supplies,Storage,362.16,8,0.1,72.06,Austin,Texas,Central
270,US-2023-102383,2023-01-28,2023-02-02,Standard Class,William Thomas,Home Office,Art Item 943,Office Supplies,Art,317.66,7,0.3,5.85,Chicago,Illinois,Central
271,US-2022-101802,2022-02-25,2022-02-26,First Class,Wei Torres,Home Office,Binders Item 104,Office Supplies,Binders,81.36,6,0.1,7.79,Pittsburgh,Pennsylvania,East
272,US-2024-102570,2024-06-10,2024-06-14,Same Day,Fatima Kim,Home Office,Accessories Item 231,Technology,Accessories,845.12,8,0.1,191.43,Pittsburgh,Pennsylvania,East
273,US-2023-102304,2023-06-22,2023-06-29,First Class,Diego Rodriguez,Corporate,Chairs Item 422,Furniture,Chairs,432.29,1,0.0,80.65,Eugene,Oregon,West
274,US-2022-101942,2022-04-30,2022-05-02,First Class,Amara Lee,Home Office,Chairs Item 120,Furniture,Chairs,$2407.85,5,0.15,70.04,Miami,Florida,South
275,US-2023-101871,2023-11-21,2023-02-27,Same Day,Priya Anderson,Corporate,Chairs Item 126,Furniture,Chairs,2289.6,5,0.2,214.04,Cleveland,Ohio,Central
276,US-2022-101269,2022-12-23,2022-12-24,Second Class,Wei Lee,Home Office,Laptops Item 507,Technology,Laptops,3465.72,2,0.1,237.64,Tampa,Florida,South
277,US-2023-102676,2023-10-17,2023-10-18,Same Day,David Davis,Corporate,Accessories Item 937,Technology,Accessories,563.2,5,0.1,134.65,Philadelphia,Pennsylvania,East
278,US-2024-102811,2024-03-08,2024-03-12,Second Class,Jessica Khan,Consumer,Art Item 973,Office Supplies,Art,25.28,2,0.0,8.4,Newark,New Jersey,East
279,US-2023-100942,2023-12-19,2023-02-21,First Class,Joseph Lee,Corporate,Storage Item 124,Office Supplies,Storage,132.71,1,0.2,10.91,Charlotte,North Carolina,South
280,US-2024-101533,2024-09-10,2024-09-12,First Class,Fatima Ali,Corporate,Printers Item 894,Technology,Printers,3337.76,8,0.15,128.44,San Francisco,California,West
281,US-2024-101759,2024-12-28,2024-04-06,First Class,Diego Lee,Home Office,Storage Item 250,Office Supplies,Storage,30.74,1,0.5,-9.93,Reno,Nevada,West
282,US-2022-101772,2022-11-10,2022-11-17,First Class,Wei Williams,Corporate,Furnishings Item 353,Furniture,Furnishings,322.74,6,0.5,-106.98,Reno,Nevada,West
283,US-2024-103494,2024-11-21,2024-11-27,First Class,Robert Davis,Home Office,Printers Item 718,Technology,Printers,909.93,3,0.15,72.01,Eugene,Oregon,West
284,US-2022-101734,2022-03-10,2022-03-11,Second Class,Susan Torres,Corporate,Binders Item 812,Office Supplies,Binders,173.64,6,0.2,11.04,Eugene,Oregon,West
285,US-2023-101821,2023-03-22,2023-03-27,Same Day,Patricia Kim,Home Office,Printers Item 825,Technology,Printers,815.36,4,0.0,270.44,Eugene,Oregon,West
286,US-2024-100048,2024-05-07,2024-05-09,Second Class,Aiden Brown,Corporate,Bookcases Item 153,Furniture,Bookcases,3906.0,7,0.1,541.99,Worcester,Massachusetts,East
287,US-2024-100816,2024-10-28,2024-10-29,Standard Class,Joseph Thomas,Corporate,Bookcases Item 822,Furniture,Bookcases,3292.92,6,0.15,179.51,Columbus,Ohio,Central
288,US-2024-101797,2024-10-06,2024-10-09,First Class,James Brown,Corporate,Art Item 745,Office Supplies,Art,285.48,6,0.4,-49.71,Miami,Florida,South
289,US-2022-100322,2022-10-03,2022-10-06,Standard Class,Mary Jones,Home Office,Binders Item 548,Office Supplies,Binders,105.35,7,0.1,11.11,Cleveland,Ohio,Central
290,US-2022-100477,2022-02-27,2022-03-04,Standard Class,Amara Nguyen,Corporate,Storage Item 457,Office Supplies,Storage,237.2,5,0.0,78.96,Ann Arbor,Michigan,Central
291,US-2023-101654,2023-05-06,2023-05-10,Second Class,Robert Ali,Home Office,Labels Item 847,Office Supplies,Labels,73.99,7,0.0,12.12,Orlando,Florida,South
292,US-2022-103036,2022-05-16,2022-05-18,Second Class,Fatima Kim,Home Office,Storage Item 282,Office Supplies,Storage,1143.72,6,0.0,241.35,Eugene,Oregon,West
293,US-2023-102713,2023-11-22,2023-11-24,Standard Class,Carlos Rodriguez,Home Office,Bookcases Item 880,Furniture,Bookcases,711.44,2,0.1,110.49,New York City,New York,East
294,US-2024-102598,2024-01-16,2024-01-19,Same Day,Robert Davis,Consumer,Storage Item 886,Office Supplies,Storage,423.12,8,0.0,131.0,Nashville,Tennessee,South
295,US-2023-102620,2023-11-04,2023-11-10,First Class,Carlos Thomas,Corporate,Bookcases Item 998,Furniture,Bookcases,830.48,8,0.0,185.74,Spokane,Washington,West
296,US-2023-100315,2023-04-22,2023-04-23,Second Class,Jessica Davis,Corporate,Laptops Item 322,Technology,Laptops,3728.24,8,0.2,-72.75,Seattle,Washington,West
297,US-2024-101901,2024-11-06,2024-03-10,Second Class,Amara Garcia,Consumer,Paper Item 446,Office Supplies,Paper,$66.3,5,0.0,22.39,Savannah,Georgia,South
298,US-2023-102566,2023-09-29,2023-10-01,Same Day,Jessica Thomas,Corporate,Phones Item 631,Technology,Phones,$3985.87,7,0.0,1008.22,San Diego,California,West
299,US-2023-103453,2023-11-02,2023-11-07,First Class,Wei Johnson,Corporate,Art Item 618,Office Supplies,Art,197.52,8,0.0,31.7,Pittsburgh,Pennsylvania,East
300,US-2023-102232,2023-06-27,2023-06-30,First Class,Carlos Martinez,Home Office,Binders Item 590,Office Supplies,Binders,59.8,1,0.2,-2.57,Springfield,Illinois,Central
301,US-2024-100815,2024-01-02,2024-01-09,Second Class,Robert Martinez,Home Office,Laptops Item 409,Technology,Laptops,4592.16,8,0.2,92.18,Los Angeles,California,West
302,US-2024-101343,2024-10-20,2024-10-26,First Class,Wei Johnson,Home Office,Phones Item 786,Technology,Phones,1209.03,3,0.1,53.03,Eugene,Oregon,West
303,US-2024-100060,2024-05-22,2024-05-24,Same Day,Richard Walker,Corporate,Storage Item 143,Office Supplies,Storage,1440.96,8,0.15,133.82,San Francisco,California,West
304,US-2024-102921,2024-09-11,2024-09-13,Same Day,Robert Singh,Consumer,Accessories Item 754,Technology,Accessories,68.43,1,0.0,12.24,Las Vegas,Nevada,West
305,US-2022-101308,2022-05-17,2022-05-20,Second Class,William Miller,Home Office,Binders Item 684,Office Supplies,Binders,126.18,6,0.0,21.5,Columbus,Ohio,Central
306,US-2024-101897,2024-01-09,2024-01-11,Same Day,Michael Singh,Corporate,Paper Item 514,Office Supplies,Paper,123.0,5,0.15,16.33,Memphis,Tennessee,South
307,US-2022-100843,2022-02-22,2022-02-25,Second Class,Diego Martinez,Home Office,Labels Item 536,Office Supplies,Labels,20.2,4,0.0,6.51,Albany,New York,East
308,US-2024-100195,2024-09-15,2024-09-21,Standard Class,Michael Anderson,Home Office,Binders Item 268,Office Supplies,Binders,274.74,6,0.15,40.21,Albany,New York,East
309,US-2022-102050,2022-11-28,2022-11-04,Standard Class,Susan Garcia,Home Office,Phones Item 229,Technology,Phones,2063.64,6,0.0,321.04,Jersey City,New Jersey,East
310,US-2023-100014,2023-11-21,2023-06-26,Same Day,Mary Rodriguez,Consumer,Furnishings Item 791,Furniture,Furnishings,395.52,6,0.15,34.75,Orlando,Florida,South
311,US-2024-100565,2024-10-08,2024-10-11,Standard Class,William Taylor,Corporate,Accessories Item 820,Technology,Accessories,248.72,4,0.0,50.23,Columbus,Ohio,Central
312,US-2024-102515,2024-12-26,2024-12-03,Second Class,Mei Kim,Consumer,Labels Item 810,Office Supplies,Labels,149.6,8,0.4,-39.75,New York City,New York,East
313,US-2022-101978,2022-11-02,2022-01-03,Standard Class,Aiden Rodriguez,Corporate,Storage Item 500,Office Supplies,Storage,57.82,1,0.3,-0.37,Austin,Texas,Central
314,US-2024-102672,2024-05-07,2024-05-14,Second Class,Mei Miller,Corporate,Storage Item 433,Office Supplies,Storage,191.4,6,0.1,13.84,Newark,New Jersey,East
315,US-2023-102589,2023-02-09,2023-02-10,Second Class,Priya Kim,Consumer,Laptops Item 805,Technology,Laptops,15947.44,8,0.15,37.34,Columbus,Ohio,Central
316,US-2023-102155,2023-07-27,2023-07-31,First Class,Elizabeth Singh,Consumer,Labels Item 871,Office Supplies,Labels,147.42,7,0.0,45.21,San Diego,California,West
317,US-2024-101039,2024-12-10,2024-10-11,Same Day,Priya Patel,Corporate,Binders Item 971,Office Supplies,Binders,99.66,6,0.15,7.5,Worcester,Massachusetts,East
318,US-2023-101900,2023-10-13,2023-10-19,Second Class,William Chen,Consumer,Storage Item 674,Office Supplies,Storage,328.44,7,0.1,50.45,Springfield,Illinois,Central
319,US-2024-101434,2024-09-28,2024-10-04,Standard Class,James Taylor,Home Office,Labels Item 196,Office Supplies,Labels,27.76,2,0.1,5.32,Buffalo,New York,East
320,US-2023-102900,2023-09-20,2023-09-23,Standard Class,Robert Nguyen,Corporate,Tables Item 876,Furniture,Tables,1742.96,2,0.1,126.79,Miami,Florida,South
321,US-2022-100192,2022-08-10,2022-08-16,Standard Class,Richard Rodriguez,Corporate,Laptops Item 548,Technology,Laptops,3064.2,2,0.1,660.32,Detroit,Michigan,Central
322,US-2024-101538,2024-06-03,2024-06-07,Same Day,Michael Wilson,Home Office,Phones Item 804,Technology,Phones,598.25,1,0.0,193.37,Seattle,Washington,West
323,US-2022-100419,2022-09-05,2022-09-08,Second Class,John Thomas,Consumer,Labels Item 813,Office Supplies,Labels,69.12,3,0.0,15.38,Boston,Massachusetts,East
324,US-2024-102147,2024-10-13,2024-10-18,Standard Class,Linda Jones,Consumer,Binders Item 453,Office Supplies,Binders,141.0,4,0.15,23.49,Jersey City,New Jersey,East
325,US-2024-103088,2024-06-25,2024-06-26,First Class,Aiden Williams,Home Office,Phones Item 715,Technology,Phones,1601.85,3,0.15,144.81,Los Angeles,California,West
326,US-2024-100890,2024-06-18,2024-06-25,Same Day,John Walker,Home Office,Printers Item 545,Technology,Printers,637.29,3,0.2,62.57,Spokane,Washington,West
327,US-2022-103497,2022-12-12,2022-05-19,First Class,Joseph Jones,Home Office,Art Item 477,Office Supplies,Art,115.0,5,0.0,19.17,Tampa,Florida,South
328,US-2024-100770,2024-02-23,2024-02-29,Same Day,Priya Rodriguez,Corporate,Bookcases Item 293,Furniture,Bookcases,384.98,2,0.0,98.18,Charlotte,North Carolina,South
329,US-2024-101992,2024-10-23,2024-10-26,Second Class,Joseph Johnson,Consumer,Chairs Item 809,Furniture,Chairs,317.4,2,0.3,-42.78,Jersey City,New Jersey,East
330,US-2023-101372,2023-04-22,2023-04-27,First Class,David Anderson,Corporate,Paper Item 916,Office Supplies,Paper,47.2,5,0.0,8.41,Worcester,Massachusetts,East
331,US-2022-102278,2022-04-04,2022-04-07,Standard Class,Aiden Williams,Corporate,Storage Item 509,Office Supplies,Storage,698.81,7,0.4,-123.75,Austin,Texas,Central
332,US-2023-100021,2023-06-28,2023-06-29,Second Class,Amara Nguyen,Home Office,Tables Item 216,Furniture,Tables,1185.78,6,0.0,295.3,Seattle,Washington,West
333,US-2023-101932,2023-12-12,2023-12-18,Standard Class,John Kim,Consumer,Binders Item 426,Office Supplies,Binders,48.58,2,0.4,-11.61,Spokane,Washington,West
334,US-2022-100939,2022-11-13,2022-11-16,Second Class,Patricia Williams,Corporate,Accessories Item 904,Technology,Accessories,370.6,4,0.15,32.12,Cleveland,Ohio,Central
335,US-2024-103005,2024-06-15,2024-06-22,Same Day,Carlos Johnson,Corporate,Printers Item 605,Technology,Printers,2841.65,7,0.0,570.15,Philadelphia,Pennsylvania,East
336,US-2024-102669,2024-05-26,2024-05-27,Standard Class,Sarah Walker,Consumer,Storage Item 211,Office Supplies,Storage,153.9,2,0.0,40.66,Reno,Nevada,West
337,US-2023-101197,2023-11-20,2023-11-23,Same Day,William Thomas,Home Office,Tables Item 441,Furniture,Tables,1777.68,4,0.0,317.35,Dallas,Texas,Central
338,US-2023-103424,2023-11-28,2023-02-05,Standard Class,Carlos Miller,Home Office,Binders Item 406,Office Supplies,Binders,213.84,8,0.0,51.27,Newark,New Jersey,East
339,US-2023-100570,2023-11-28,2023-09-30,Standard Class,Patricia Taylor,Corporate,Paper Item 542,Office Supplies,Paper,81.04,4,0.0,21.76,Spokane,Washington,West
340,US-2022-101106,2022-05-26,2022-05-28,Second Class,Diego Lee,Consumer,Laptops Item 981,Technology,Laptops,12299.91,7,0.15,1795.56,Memphis,Tennessee,South
341,US-2022-101303,2022-02-10,2022-02-15,First Class,Fatima Thomas,Corporate,Printers Item 691,Technology,Printers,400.35,5,0.0,100.98,Memphis,Tennessee,South
342,US-2024-100080,2024-11-09,2024-11-14,Same Day,Michael Rodriguez,Corporate,Accessories Item 586,Technology,Accessories,259.62,6,0.1,48.2,Worcester,Massachusetts,East
343,US-2022-103351,2022-10-31,2022-11-02,First Class,Fatima Wilson,Corporate,Tables Item 147,Furniture,Tables,1670.91,3,0.2,132.13,Springfield,Illinois,Central
344,US-2022-102710,2022-11-30,2022-12-01,Second Class,William Williams,Consumer,Accessories Item 449,Technology,Accessories,472.44,6,0.0,101.17,Newark,New Jersey,East
345,US-2024-100467,2024-11-30,2024-12-02,Same Day,William Singh,Home Office,Bookcases Item 395,Furniture,Bookcases,1380.66,2,0.1,200.39,Atlanta,Georgia,South
346,US-2022-100679,2022-01-17,2022-01-21,Same Day,,Corporate,Storage Item 597,Office Supplies,Storage,1271.41,7,0.5,-401.33,Seattle,Washington,West
347,US-2024-102331,2024-08-05,2024-08-09,First Class,Jessica Davis,Consumer,Bookcases Item 250,Furniture,Bookcases,793.78,2,0.1,127.69,Savannah,Georgia,South
348,US-2024-101936,2024-11-10,2024-11-16,Second Class,Richard Brown,Corporate,Paper Item 327,Office Supplies,Paper,17.02,1,0.0,3.17,Memphis,Tennessee,South
349,US-2023-102712,2023-06-15,2023-06-19,Standard Class,Wei Davis,Corporate,Chairs Item 151,Furniture,Chairs,2933.76,6,0.3,-286.86,Worcester,Massachusetts,East
350,US-2022-102402,2022-04-15,2022-04-22,Standard Class,Mary Khan,Home Office,Phones Item 854,Technology,Phones,832.07,1,0.15,19.16,Portland,Oregon,West
351,US-2023-101253,2023-11-17,2023-11-24,Standard Class,Richard Rodriguez,Consumer,Chairs Item 484,Furniture,Chairs,296.42,2,0.15,2.03,San Francisco,California,West
352,US-2023-101016,2023-04-02,2023-04-03,Standard Class,Robert Wilson,Consumer,Art Item 910,Office Supplies,Art,59.58,3,0.15,5.84,Las Vegas,Nevada,West
353,US-2023-103291,2023-12-11,2023-05-18,Same Day,Wei Jones,Corporate,Chairs Item 863,Furniture,Chairs,895.9,2,0.3,7.51,Seattle,Washington,West
354,US-2024-100098,2024-11-11,2024-11-15,Standard Class,Joseph Rodriguez,Consumer,Laptops Item 625,Technology,Laptops,8082.0,8,0.0,1776.76,Worcester,Massachusetts,East
355,US-2022-103214,2022-12-21,2022-01-26,Second Class,Mary Ali,Consumer,Labels Item 449,Office Supplies,Labels,23.79,1,0.0,7.22,Orlando,Florida,South
356,US-2023-101037,2023-01-08,2023-01-12,Standard Class,Priya Taylor,Home Office,Storage Item 680,Office Supplies,Storage,423.2,8,0.15,67.95,Albany,New York,East
357,US-2024-102776,2024-10-15,2024-10-21,Standard Class,Robert Rodriguez,Home Office,Art Item 745,Office Supplies,Art,147.0,6,0.0,33.37,Portland,Oregon,West
358,US-2022-101978,2022-01-02,2022-01-03,Standard Class,Aiden Rodriguez,Corporate,Storage Item 500,Office Supplies,Storage,57.82,1,0.3,-0.37,Austin,Texas,Central
359,US-2023-100094,2023-12-07,2023-11-10,Standard Class,Fatima Thomas,Home Office,Laptops Item 468,Technology,Laptops,14968.0,8,0.2,614.29,Chicago,Illinois,Central
360,US-2023-102817,2023-08-05,2023-08-07,Same Day,Susan Khan,Corporate,Art Item 184,Office Supplies,Art,94.95,5,0.3,-13.52,Austin,Texas,Central
361,US-2023-102371,2023-04-02,2023-04-08,Same Day,Sarah Lee,Corporate,Bookcases Item 781,Furniture,Bookcases,4204.88,8,0.1,261.21,Memphis,Tennessee,South
362,US-2024-101404,2024-02-01,2024-02-02,Second Class,Carlos Patel,Consumer,Labels Item 935,Office Supplies,Labels,19.42,1,0.0,3.54,Miami,Florida,South
363,US-2023-102777,2023-12-28,2023-08-04,Same Day,Joseph Lee,Corporate,Accessories Item 594,Technology,Accessories,426.06,3,0.1,69.05,Savannah,Georgia,South
364,US-2023-101316,2023-12-18,2023-12-24,Same Day,Carlos Taylor,Home Office,Laptops Item 853,Technology,Laptops,9233.28,6,0.5,-2393.53,Detroit,Michigan,Central
365,US-2024-102987,2024-12-23,2024-12-27,Standard Class,Amara Thomas,Consumer,Paper Item 100,Office Supplies,Paper,228.13,7,0.0,73.01,Tampa,Florida,South
366,US-2023-100959,2023-12-08,2023-09-10,Standard Class,Diego Rodriguez,Corporate,Binders Item 116,Office Supplies,Binders,374.57,7,,-64.2,Eugene,Oregon,West
367,US-2024-103247,2024-08-18,2024-08-20,Same Day,Joseph Wilson,Consumer,Laptops Item 196,Technology,Laptops,6836.82,6,0.5,-2437.05,Atlanta,Georgia,South
368,US-2024-102367,2024-08-15,2024-08-19,Second Class,Mei Wilson,Home Office,Storage Item 682,Office Supplies,Storage,595.8,4,0.5,-127.64,Tampa,Florida,South
369,US-2024-102164,2024-07-25,2024-07-28,Standard Class,David Ali,Home Office,Labels Item 751,Office Supplies,Labels,20.08,8,0.0,6.96,Columbus,Ohio,Central
370,US-2023-100806,2023-08-17,2023-08-24,First Class,Diego Rodriguez,Home Office,Chairs Item 466,Furniture,Chairs,1788.92,4,0.3,-89.13,Albany,New York,East
371,US-2024-100590,2024-01-06,2024-01-07,First Class,Jennifer Davis,Home Office,Laptops Item 659,Technology,Laptops,8849.25,5,0.15,825.22,Detroit,Michigan,Central
372,US-2023-100391,2023-01-21,2023-01-26,Same Day,James Taylor,Corporate,Tables Item 257,Furniture,Tables,1965.48,3,0.1,291.96,Memphis,Tennessee,South
373,US-2023-100756,2023-03-11,2023-03-16,Second Class,John Singh,Home Office,Labels Item 384,Office Supplies,Labels,41.4,2,0.1,7.6,Jersey City,New Jersey,East
374,US-2023-100870,2023-01-30,2023-02-02,First Class,Carlos Khan,Home Office,Paper Item 846,Office Supplies,Paper,95.82,6,0.15,6.5,Buffalo,New York,East
375,US-2023-100147,2023-12-20,2023-12-27,Same Day,Wei Johnson,Home Office,Paper Item 242,Office Supplies,Paper,133.04,4,0.2,0.27,Las Vegas,Nevada,West
376,US-2022-101048,2022-12-05,2022-06-07,Second Class,John Lee,Consumer,Laptops Item 266,Technology,Laptops,1833.7,2,0.2,162.41,Pittsburgh,Pennsylvania,East
377,US-2024-103352,2024-10-16,2024-10-17,Second Class,Carlos Martinez,Consumer,Printers Item 872,Technology,Printers,2216.48,8,0.2,-20.94,Reno,Nevada,West
378,US-2023-100223,2023-12-07,2023-12-10,Second Class,John Singh,Corporate,Laptops Item 615,Technology,Laptops,7452.16,4,0.15,1300.03,Albany,New York,East
379,US-2024-101662,2024-01-21,2024-01-28,First Class,Patricia Miller,Home Office,Labels Item 132,Office Supplies,Labels,19.63,1,0.15,2.0,Los Angeles,California,West
380,US-2022-102138,2022-07-07,2022-07-12,Standard Class,Robert Miller,Consumer,Binders Item 645,Office Supplies,Binders,149.2,4,0.0,39.74,Philadelphia,Pennsylvania,East
381,US-2023-101567,2023-07-09,2023-07-14,Second Class,Joseph Thomas,Home Office,Art Item 428,Office Supplies,Art,599.6,8,0.0,155.21,Atlanta,Georgia,South
382,US-2024-101093,2024-01-03,2024-01-09,Same Day,Linda Patel,Home Office,Printers Item 711,Technology,Printers,839.28,2,0.1,191.07,Philadelphia,Pennsylvania,
383,US-2023-101608,2023-09-18,2023-09-22,Same Day,Carlos Williams,Home Office,Chairs Item 490,Furniture,Chairs,161.02,1,0.0,27.94,Chicago,Illinois,Central
384,US-2022-100202,2022-12-16,2022-09-17,Same Day,Amara Brown,Home Office,Laptops Item 545,Technology,Laptops,5237.8,4,,499.12,Buffalo,New York,East
385,US-2023-102960,2023-08-15,2023-08-21,Second Class,Jennifer Chen,Home Office,Bookcases Item 782,Furniture,Bookcases,770.85,3,0.1,121.15,Reno,Nevada,West
386,US-2022-100407,2022-06-05,2022-06-11,Same Day,Mei Brown,Corporate,Paper Item 808,Office Supplies,Paper,33.7,5,0.0,11.26,Newark,New Jersey,East
387,US-2022-102541,2022-01-24,2022-01-30,First Class,Wei Brown,Home Office,Furnishings Item 971,Furniture,Furnishings,74.46,2,0.1,4.56,Tampa,Florida,South
388,US-2024-102066,2024-06-21,2024-06-26,Second Class,Fatima Rodriguez,Corporate,Printers Item 472,Technology,Printers,1549.94,7,0.4,-381.94,Detroit,Michigan,Central
389,US-2023-101182,2023-05-23,2023-05-24,First Class,Carlos Walker,Consumer,Chairs Item 764,Furniture,Chairs,949.1,5,0.0,234.62,Reno,Nevada,West
390,US-2023-100860,2023-07-25,2023-07-29,First Class,Linda Singh,Home Office,Phones Item 350,Technology,Phones,3551.04,4,0.5,-1250.55,Ann Arbor,Michigan,Central
391,US-2022-103286,2022-08-07,2022-08-14,Same Day,Elizabeth Taylor,Consumer,Phones Item 797,Technology,Phones,1714.74,3,0.15,-23.71,Charlotte,North Carolina,South
392,US-2023-101722,2023-02-26,2023-03-05,Second Class,William Smith,Consumer,Paper Item 112,Office Supplies,Paper,40.16,4,0.15,7.39,Orlando,Florida,South
393,US-2022-101477,2022-04-11,2022-04-15,Second Class,Jennifer Johnson,Consumer,Accessories Item 168,Technology,Accessories,440.04,4,0.1,58.24,Orlando,Florida,South
394,US-2023-100564,2023-01-31,2023-02-04,Standard Class,Wei Torres,Home Office,Chairs Item 120,Furniture,Chairs,196.54,2,0.1,23.92,Ann Arbor,Michigan,Central
395,US-2023-103139,2023-08-12,2023-08-13,First Class,Michael Rodriguez,Corporate,Tables Item 185,Furniture,Tables,609.06,2,0.0,135.77,Jersey City,New Jersey,East
396,US-2022-102435,2022-11-17,2022-09-19,First Class,Carlos Anderson,Consumer,Laptops Item 419,Technology,Laptops,11789.12,8,0.0,3688.54,Detroit,Michigan,Central
397,US-2023-102509,2023-11-28,2023-05-31,Second Class,Diego Davis,Consumer,Accessories Item 373,Technology,Accessories,47.43,3,0.15,2.34,Newark,New Jersey,East
398,US-2022-100241,2022-08-22,2022-08-23,Second Class,David Davis,Corporate,Furnishings Item 463,Furniture,Furnishings,988.56,6,0.2,68.36,Spokane,Washington,West
399,US-2024-102954,2024-06-04,2024-06-07,First Class,John Thomas,Consumer,Art Item 944,Office Supplies,Art,192.6,5,0.5,-47.07,Eugene,Oregon,West
400,US-2023-102194,2023-09-27,2023-09-29,Same Day,Carlos Miller,Home Office,Phones Item 332,Technology,Phones,6958.72,8,0.4,-1950.26,New York City,New York,East
401,US-2023-102494,2023-01-14,2023-01-16,Same Day,Robert Nguyen,Corporate,Labels Item 672,Office Supplies,Labels,112.5,6,0.5,-31.49,Detroit,Michigan,Central
402,US-2023-103460,2023-01-23,2023-01-30,Same Day,Richard Brown,Corporate,Bookcases Item 997,Furniture,Bookcases,3692.16,8,0.2,45.74,Newark,New Jersey,East
403,US-2024-101549,2024-12-04,2024-11-09,Second Class,Michael Williams,Corporate,Printers Item 328,Technology,Printers,2352.16,4,0.0,400.76,Boston,Massachusetts,East
404,US-2024-102167,2024-10-29,2024-11-05,Second Class,David Jones,Consumer,Binders Item 505,Office Supplies,Binders,112.28,4,0.1,18.95,Atlanta,Georgia,South
405,US-2024-100622,2024-06-06,2024-06-13,Second Class,Richard Walker,Consumer,Printers Item 880,Technology,Printers,3366.16,7,0.1,703.38,Ann Arbor,Michigan,Central
406,US-2024-103248,2024-09-17,2024-09-24,First Class,Richard Rodriguez,Corporate,Storage Item 104,Office Supplies,Storage,774.84,4,0.0,136.47,Charlotte,North Carolina,South
407,US-2022-101350,2022-05-10,2022-05-11,First Class,Robert Taylor,Consumer,Printers Item 949,Technology,Printers,964.96,2,0.1,187.77,Ann Arbor,Michigan,Central
408,US-2022-101473,2022-07-22,2022-07-23,Same Day,Priya Davis,Consumer,Paper Item 505,Office Supplies,Paper,123.36,4,0.1,7.46,Nashville,Tennessee,South
409,US-2023-101635,2023-08-15,2023-08-16,Second Class,Susan Garcia,Consumer,Labels Item 134,Office Supplies,Labels,131.6,8,0.15,16.15,Seattle,Washington,West
410,US-2022-101275,2022-03-20,2022-03-27,First Class,Joseph Torres,Consumer,Tables Item 508,Furniture,Tables,3405.52,8,0.5,-1317.25,Atlanta,Georgia,South
411,US-2023-101971,2023-12-08,2023-12-12,Same Day,Mei Kim,Corporate,Art Item 219,Office Supplies,Art,61.8,1,0.0,20.37,Pittsburgh,Pennsylvania,East
412,US-2022-100983,2022-08-29,2022-09-05,Second Class,William Singh,Home Office,Labels Item 788,Office Supplies,Labels,30.3,2,0.15,3.11,Nashville,Tennessee,South
413,US-2023-102611,2023-11-19,2023-11-24,Second Class,Mary Wilson,Home Office,Paper Item 876,Office Supplies,Paper,107.2,8,0.0,26.25,Philadelphia,Pennsylvania,East
414,US-2023-100229,2023-06-23,2023-06-30,Second Class,Linda Rodriguez,Home Office,Art Item 519,Office Supplies,Art,23.4,4,0.15,1.84,Portland,Oregon,West
415,US-2023-102842,2023-08-03,2023-08-08,First Class,James Lee,Corporate,Laptops Item 150,Technology,Laptops,2046.7,1,0.0,393.67,Austin,Texas,Central
416,US-2022-100604,2022-05-17,2022-05-23,Second Class,Elizabeth Nguyen,Corporate,Labels Item 880,Office Supplies,Labels,88.6,5,0.15,6.57,Pittsburgh,Pennsylvania,East
417,US-2022-102129,2022-05-19,2022-05-22,Second Class,Linda Singh,Home Office,Bookcases Item 337,Furniture,Bookcases,698.6,1,0.1,91.06,Worcester,Massachusetts,East
418,US-2023-100339,2023-06-22,2023-06-23,Same Day,Jennifer Davis,Corporate,Furnishings Item 892,Furniture,Furnishings,45.77,1,0.1,5.47,Atlanta,Georgia,South
419,US-2022-102649,2022-03-29,2022-03-31,Standard Class,Fatima Ali,Home Office,Art Item 673,Office Supplies,Art,160.32,4,0.1,25.84,Philadelphia,Pennsylvania,East
420,US-2024-102307,2024-02-29,2024-03-01,Second Class,Mary Johnson,Corporate,Art Item 877,Office Supplies,Art,207.3,5,0.0,35.61,Houston,Texas,Central
421,US-2022-102248,2022-06-08,2022-06-12,Second Class,Robert Martinez,Consumer,Bookcases Item 389,Furniture,Bookcases,3214.32,6,0.2,167.21,Buffalo,New York,East
422,US-2023-102890,2023-10-17,2023-10-18,First Class,Jennifer Davis,Corporate,Binders Item 267,Office Supplies,Binders,399.28,8,0.0,78.66,Houston,Texas,Central
423,US-2023-103255,2023-06-19,2023-06-20,Second Class,Priya Martinez,Consumer,Laptops Item 608,Technology,Laptops,15505.04,8,0.15,1885.96,Worcester,Massachusetts,East
424,US-2022-101117,2022-09-09,2022-09-12,Standard Class,Mei Rodriguez,Consumer,Bookcases Item 384,Furniture,Bookcases,1279.58,2,0.0,410.04,Orlando,Florida,South
425,US-2022-100651,2022-07-16,2022-07-19,Same Day,Robert Thomas,Consumer,Art Item 220,Office Supplies,Art,22.11,3,0.4,-2.27,Spokane,Washington,West
426,US-2022-103260,2022-08-01,2022-08-02,Standard Class,Jennifer Ali,Home Office,Laptops Item 312,Technology,Laptops,4330.74,2,0.0,784.46,Las Vegas,Nevada,West
427,US-2023-101822,2023-10-08,2023-10-15,First Class,Diego Chen,Corporate,Labels Item 711,Office Supplies,Labels,89.39,7,0.0,21.75,Dallas,Texas,Central
428,US-2024-102169,2024-04-20,2024-04-25,Standard Class,Aiden Khan,Home Office,Labels Item 632,Office Supplies,Labels,47.37,3,0.1,10.44,Springfield,Illinois,Central
429,US-2022-103087,2022-10-17,2022-10-19,First Class,,Consumer,Printers Item 859,Technology,Printers,650.04,6,0.0,206.25,Orlando,Florida,South
430,US-2024-102752,2024-11-10,2024-01-11,First Class,Joseph Johnson,Corporate,Printers Item 857,Technology,Printers,804.36,4,0.0,199.8,Atlanta,Georgia,South
431,US-2023-100141,2023-09-02,2023-09-07,Standard Class,Susan Thomas,Corporate,Furnishings Item 220,Furniture,Furnishings,674.1,3,0.2,-1.62,Nashville,Tennessee,South
432,US-2024-101845,2024-11-23,2024-11-25,Standard Class,Robert Martinez,Consumer,Printers Item 816,Technology,Printers,915.28,8,0.0,140.8,Ann Arbor,Michigan,Central
433,US-2022-101412,2022-04-08,2022-04-11,First Class,Mary Wilson,Corporate,Storage Item 935,Office Supplies,Storage,926.52,7,0.4,-227.54,Springfield,Illinois,Central
434,US-2024-101857,2024-11-02,2024-10-05,Same Day,Robert Singh,Home Office,Paper Item 523,Office Supplies,Paper,173.04,6,0.0,47.51,Raleigh,North Carolina,South
435,US-2024-102762,2024-04-28,2024-05-02,Standard Class,Linda Davis,Consumer,Printers Item 220,Technology,Printers,416.13,1,0.15,31.91,Savannah,Georgia,South
436,US-2024-101174,2024-01-26,2024-01-28,Standard Class,Patricia Taylor,Corporate,Printers Item 292,Technology,Printers,3463.28,8,0.1,389.22,Tampa,Florida,South
437,US-2023-101424,2023-05-10,2023-05-14,First Class,David Singh,Home Office,Furnishings Item 323,Furniture,Furnishings,1609.12,8,0.0,322.15,Miami,Florida,South
438,US-2024-102624,2024-12-03,2024-04-07,Second Class,David Garcia,Consumer,Binders Item 714,Office Supplies,Binders,145.41,3,0.15,22.96,Chicago,Illinois,Central
439,US-2024-103277,2024-07-11,2024-07-13,Standard Class,William Chen,Corporate,Furnishings Item 661,Furniture,Furnishings,309.4,2,0.0,46.94,Portland,Oregon,West
440,US-2023-101564,2023-09-14,2023-09-19,First Class,Fatima Ali,Corporate,Accessories Item 711,Technology,Accessories,833.6,8,0.4,-228.21,Detroit,Michigan,Central
441,US-2024-102893,2024-06-25,2024-06-27,Second Class,Jessica Torres,Consumer,Art Item 678,Office Supplies,Art,18.81,3,0.1,4.17,San Francisco,California,West
442,US-2023-100832,2023-11-05,2023-11-07,First Class,Mary Anderson,Corporate,Laptops Item 422,Technology,Laptops,10274.55,5,0.4,-1958.4,Reno,Nevada,West
443,US-2023-101876,2023-09-16,2023-09-19,Same Day,Diego Kim,Corporate,Labels Item 400,Office Supplies,Labels,45.2,2,0.0,15.0,San Francisco,California,West
444,US-2024-101124,2024-02-03,2024-02-05,Standard Class,Robert Walker,Consumer,Furnishings Item 906,Furniture,Furnishings,277.12,8,0.15,41.92,Dallas,Texas,Central
445,US-2022-100749,2022-03-02,2022-03-07,Standard Class,David Jones,Home Office,Bookcases Item 879,Furniture,Bookcases,928.16,2,0.0,225.26,Miami,Florida,South
446,US-2023-100666,2023-07-02,2023-07-03,First Class,,Home Office,Laptops Item 723,Technology,Laptops,4198.95,3,0.0,1233.82,Nashville,Tennessee,South
447,US-2024-103128,2024-01-25,2024-01-29,Same Day,Mei Williams,Home Office,Paper Item 929,Office Supplies,Paper,86.05,5,0.2,3.44,Las Vegas,Nevada,West
448,US-2023-100246,2023-03-22,2023-03-24,Second Class,Elizabeth Miller,Home Office,Accessories Item 453,Technology,Accessories,442.74,6,0.2,23.92,Detroit,Michigan,Central
449,US-2022-102074,2022-08-22,2022-08-26,Same Day,Mary Wilson,Corporate,Phones Item 442,Technology,Phones,910.32,4,0.0,209.74,Philadelphia,Pennsylvania,East
450,US-2024-103229,2024-12-01,2024-07-05,Same Day,Carlos Martinez,Consumer,Laptops Item 780,Technology,Laptops,6031.08,4,0.1,730.62,Miami,Florida,South
451,US-2022-103022,2022-07-25,2022-07-29,Same Day,Mary Taylor,Consumer,Labels Item 299,Office Supplies,Labels,82.81,7,0.1,5.98,Eugene,Oregon,West
452,US-2022-103384,2022-08-16,2022-08-20,Second Class,Priya Anderson,Consumer,Storage Item 839,Office Supplies,Storage,781.56,4,0.0,153.54,Ann Arbor,Michigan,Central
453,US-2023-101495,2023-08-22,2023-08-28,Second Class,Sarah Khan,Home Office,Accessories Item 363,Technology,Accessories,552.9,5,0.3,-4.13,Nashville,Tennessee,South
454,US-2022-100826,2022-03-20,2022-03-22,Same Day,Sarah Walker,Corporate,Paper Item 142,Office Supplies,Paper,3.37,1,0.0,0.71,Atlanta,Georgia,South
455,US-2024-100096,2024-02-05,2024-02-09,Same Day,Mary Garcia,Home Office,Art Item 945,Office Supplies,Art,35.94,3,0.1,7.89,Chicago,Illinois,Central
456,US-2022-101625,2022-01-20,2022-01-22,Standard Class,Amara Wilson,Consumer,Laptops Item 861,Technology,Laptops,5900.85,3,0.2,332.12,Jersey City,New Jersey,East
457,US-2022-103428,2022-08-04,2022-08-07,First Class,Michael Lee,Corporate,Phones Item 539,Technology,Phones,1316.4,8,0.1,138.75,Reno,Nevada,West
458,US-2024-100001,2024-09-29,2024-10-06,Second Class,Elizabeth Singh,Home Office,Storage Item 595,Office Supplies,Storage,421.45,5,0.3,4.27,Raleigh,North Carolina,South
459,US-2024-101447,2024-03-16,2024-03-20,Standard Class,James Davis,Consumer,Bookcases Item 817,Furniture,Bookcases,3906.7,7,0.3,-191.7,Eugene,Oregon,West
460,US-2023-102181,2023-12-10,2023-12-12,First Class,Carlos Patel,Corporate,Tables Item 227,Furniture,Tables,738.35,5,0.3,-43.66,Portland,Oregon,West
461,US-2022-102204,2022-01-04,2022-01-09,Same Day,Elizabeth Brown,Corporate,Tables Item 579,Furniture,Tables,6014.26,7,0.0,1073.61,Los Angeles,California,West
462,US-2023-103468,2023-06-23,2023-06-26,Standard Class,Patricia Taylor,Corporate,Art Item 773,Office Supplies,Art,304.28,4,0.15,24.35,Las Vegas,Nevada,West
463,US-2024-100164,2024-06-08,2024-06-09,Same Day,Robert Miller,Corporate,Paper Item 782,Office Supplies,Paper,23.07,1,0.0,6.28,Eugene,Oregon,West
464,US-2023-101289,2023-11-23,2023-11-28,First Class,Mei Thomas,Home Office,Laptops Item 747,Technology,Laptops,6486.51,3,0.1,1042.37,Memphis,Tennessee,South
465,US-2024-102404,2024-08-27,2024-08-30,Same Day,Aiden Davis,Home Office,Laptops Item 335,Technology,Laptops,4321.12,8,0.1,998.57,Philadelphia,Pennsylvania,East
466,US-2023-101197,2023-12-20,2023-11-23,Same Day,William Thomas,Home Office,Tables Item 441,Furniture,Tables,1777.68,4,0.0,317.35,Dallas,Texas,Central
467,US-2023-102346,2023-10-31,2023-11-01,Second Class,Wei Lee,Corporate,Art Item 439,Office Supplies,Art,130.76,4,0.15,7.38,Savannah,Georgia,South
468,US-2022-103138,2022-11-03,2022-08-05,Second Class,Susan Garcia,Home Office,Laptops Item 685,Technology,Laptops,5854.24,4,0.0,1642.38,Newark,New Jersey,East
469,US-2023-103275,2023-09-04,2023-09-06,First Class,Michael Anderson,Home Office,Bookcases Item 376,Furniture,Bookcases,1356.4,8,0.5,-422.64,Atlanta,Georgia,South
470,US-2024-101577,2024-03-22,2024-03-24,First Class,Jessica Rodriguez,Home Office,Binders Item 912,Office Supplies,Binders,216.05,5,0.0,50.88,Savannah,Georgia,South
471,US-2023-101812,2023-01-22,2023-01-24,Second Class,Wei Davis,Corporate,Storage Item 400,Office Supplies,Storage,55.37,1,0.0,17.98,Philadelphia,Pennsylvania,East
472,US-2022-102441,2022-09-21,2022-09-27,Standard Class,John Chen,Consumer,Accessories Item 689,Technology,Accessories,154.28,4,0.0,37.61,Reno,Nevada,West
473,US-2022-100623,2022-12-26,2022-12-29,Same Day,Carlos Patel,Corporate,Storage Item 564,Office Supplies,Storage,467.37,3,0.15,51.52,Nashville,Tennessee,South
474,US-2023-103244,2023-03-13,2023-03-17,Standard Class,Robert Torres,Home Office,Storage Item 790,Office Supplies,Storage,381.68,2,0.0,86.54,Orlando,Florida,South
475,US-2022-100803,2022-10-15,2022-10-16,First Class,Jessica Singh,Home Office,Phones Item 659,Technology,Phones,808.28,4,0.0,205.15,Albany,New York,East
476,US-2023-100165,2023-12-12,2023-12-17,First Class,Amara Wilson,Corporate,Binders Item 229,Office Supplies,Binders,80.76,3,0.1,7.23,New York City,New York,East
477,US-2024-101130,2024-08-21,2024-08-25,Second Class,Fatima Ali,Consumer,Labels Item 927,Office Supplies,Labels,27.87,3,0.0,6.6,Seattle,Washington,West
478,US-2022-101171,2022-07-08,2022-07-11,Second Class,Patricia Nguyen,Consumer,Storage Item 658,Office Supplies,Storage,307.94,2,0.1,16.69,Orlando,Florida,South
479,US-2024-102836,2024-12-11,2024-12-18,First Class,James Nguyen,Corporate,Art Item 704,Office Supplies,Art,344.05,5,0.0,71.3,Nashville,Tennessee,South
480,US-2022-101035,2022-08-31,2022-09-05,Same Day,Jessica Torres,Home Office,Laptops Item 665,Technology,Laptops,2089.41,3,0.0,451.4,Springfield,Illinois,Central
481,US-2024-100392,2024-09-23,2024-09-29,Same Day,Amara Johnson,Consumer,Phones Item 240,Technology,Phones,1016.55,3,0.2,-0.88,Chicago,Illinois,Central
482,US-2024-102668,2024-10-28,2024-11-04,Second Class,Fatima Kim,Corporate,Phones Item 988,Technology,Phones,4374.6,5,0.0,1482.73,Worcester,Massachusetts,East
483,US-2024-101136,2024-12-24,2024-04-28,Same Day,Elizabeth Patel,Corporate,Accessories Item 124,Technology,Accessories,122.95,5,0.0,27.9,Atlanta,Georgia,South
484,US-2024-101763,2024-04-15,2024-04-17,Second Class,William Chen,Corporate,Chairs Item 724,Furniture,Chairs,1069.6,8,0.4,-278.68,Buffalo,New York,East
485,US-2022-100630,2022-05-24,2022-05-31,Same Day,Elizabeth Torres,Corporate,Laptops Item 770,Technology,Laptops,4124.64,8,0.0,1098.78,Jersey City,New Jersey,East
486,US-2023-100263,2023-12-02,2023-06-04,Standard Class,Carlos Patel,Home Office,Laptops Item 918,Technology,Laptops,5726.97,3,0.0,1395.88,Springfield,Illinois,Central
487,US-2024-102268,2024-01-01,2024-01-04,Same Day,Richard Rodriguez,Home Office,Art Item 373,Office Supplies,Art,93.28,2,0.1,14.7,Boston,Massachusetts,East
488,US-2023-102996,2023-04-20,2023-04-26,First Class,Mary Khan,Corporate,Accessories Item 349,Technology,Accessories,59.3,5,0.1,8.8,San Francisco,California,West
489,US-2023-103378,2023-06-14,2023-06-17,Same Day,Wei Johnson,Home Office,Chairs Item 145,Furniture,Chairs,363.78,6,0.3,-32.77,Spokane,Washington,West
490,US-2023-102392,2023-06-11,2023-06-18,First Class,Carlos Khan,Corporate,Bookcases Item 572,Furniture,Bookcases,3395.52,8,,707.19,Tampa,Florida,South
491,US-2022-102061,2022-03-29,2022-03-30,First Class,Carlos Walker,Consumer,Art Item 363,Office Supplies,Art,216.0,8,0.0,55.1,Reno,Nevada,West
492,US-2023-101632,2023-01-23,2023-01-29,First Class,Wei Miller,Consumer,Bookcases Item 471,Furniture,Bookcases,1019.85,3,0.5,-404.24,Cleveland,Ohio,Central
493,US-2022-103334,2022-07-18,2022-07-22,Standard Class,Robert Kim,Home Office,Phones Item 121,Technology,Phones,1995.0,5,0.15,267.11,Jersey City,New Jersey,East
494,US-2023-103488,2023-04-07,2023-04-13,First Class,Patricia Williams,Corporate,Phones Item 305,Technology,Phones,$2239.84,4,0.2,38.55,Memphis,Tennessee,South
495,US-2022-101952,2022-04-10,2022-04-11,Second Class,Jennifer Torres,Consumer,Printers Item 482,Technology,Printers,1111.66,2,0.15,39.17,Houston,Texas,
496,US-2023-100298,2023-11-04,2023-12-07,Second Class,Michael Kim,Corporate,Accessories Item 315,Technology,Accessories,542.2,4,0.0,132.73,Cleveland,Ohio,Central
497,US-2023-100458,2023-09-09,2023-09-12,First Class,Patricia Anderson,Home Office,Labels Item 693,Office Supplies,Labels,88.2,6,0.3,-8.18,Albany,New York,East
498,US-2022-103176,2022-11-06,2022-11-08,First Class,Mary Jones,Home Office,Bookcases Item 398,Furniture,Bookcases,507.36,6,0.1,72.88,San Diego,California,West
499,US-2022-102915,2022-06-04,2022-06-11,Second Class,Amara Martinez,Corporate,Chairs Item 682,Furniture,Chairs,1095.4,5,0.1,160.98,New York City,New York,East
500,US-2022-102595,2022-07-03,2022-07-06,Same Day,Robert Torres,Home Office,Binders Item 777,Office Supplies,Binders,282.4,5,0.3,-35.27,Raleigh,North Carolina,South
501,US-2024-101849,2024-11-06,2024-07-07,First Class,Elizabeth Davis,Corporate,Art Item 694,Office Supplies,Art,462.66,6,0.3,-21.48,Miami,Florida,South
502,US-2022-101706,2022-08-05,2022-08-06,First Class,Elizabeth Anderson,Corporate,Storage Item 463,Office Supplies,Storage,91.07,1,0.0,16.03,Worcester,Massachusetts,East
503,US-2023-102480,2023-12-01,2023-02-04,Standard Class,Patricia Lee,Consumer,Storage Item 516,Office Supplies,Storage,395.92,8,0.0,118.73,Boston,Massachusetts,East
504,US-2022-102903,2022-12-18,2022-12-23,Second Class,Aiden Thomas,Home Office,Art Item 842,Office Supplies,Art,100.11,3,0.5,-38.27,Savannah,Georgia,South
505,US-2023-101511,2023-10-08,2023-10-10,Standard Class,Fatima Williams,Corporate,Printers Item 757,Technology,Printers,1371.54,6,0.2,22.7,Reno,Nevada,West
506,US-2022-102067,2022-04-06,2022-04-08,Second Class,James Wilson,Home Office,Printers Item 771,Technology,Printers,2120.75,5,0.3,-112.95,Savannah,Georgia,South
507,US-2023-103429,2023-11-13,2023-11-14,First Class,Wei Thomas,Corporate,Art Item 101,Office Supplies,Art,52.1,1,0.5,-17.97,Reno,Nevada,West
508,US-2022-100980,2022-07-31,2022-08-01,First Class,Mei Ali,Home Office,Art Item 606,Office Supplies,Art,263.55,5,0.0,80.94,Nashville,Tennessee,South
509,US-2023-102017,2023-12-11,2023-05-18,First Class,Diego Walker,Home Office,Chairs Item 208,Furniture,Chairs,765.92,8,0.0,266.94,Chicago,Illinois,Central
510,US-2022-103479,2022-02-19,2022-02-26,First Class,James Nguyen,Corporate,Tables Item 452,Furniture,Tables,532.61,1,0.1,93.45,Houston,Texas,Central
511,US-2022-100413,2022-12-28,2023-01-02,Standard Class,Michael Smith,Home Office,Printers Item 295,Technology,Printers,1797.25,5,0.15,303.68,Eugene,Oregon,West
512,US-2022-102957,2022-10-21,2022-10-28,First Class,Fatima Kim,Home Office,Labels Item 231,Office Supplies,Labels,73.36,4,0.1,9.08,Nashville,Tennessee,South
513,US-2024-103001,2024-03-04,2024-03-11,Second Class,Joseph Torres,Home Office,Furnishings Item 427,Furniture,Furnishings,169.1,1,0.5,-61.81,Memphis,Tennessee,South
514,US-2022-102284,2022-07-03,2022-07-08,Standard Class,Sarah Chen,Consumer,Accessories Item 702,Technology,Accessories,183.48,4,0.4,-45.11,Cleveland,Ohio,Central
515,US-2023-102335,2023-06-12,2023-06-13,Standard Class,Patricia Lee,Home Office,Paper Item 611,Office Supplies,Paper,110.0,4,0.0,31.83,San Francisco,California,West
516,US-2022-100112,2022-11-03,2022-02-06,Same Day,Mei Miller,Consumer,Phones Item 300,Technology,Phones,881.04,4,0.2,3.12,Springfield,Illinois,Central
517,US-2024-102281,2024-12-01,2024-12-08,First Class,John Singh,Home Office,Labels Item 361,Office Supplies,Labels,148.48,8,0.4,-34.53,Seattle,Washington,West
518,US-2023-103258,2023-11-07,2023-11-09,Standard Class,Patricia Kim,Corporate,Accessories Item 467,Technology,Accessories,243.57,3,0.15,7.69,Springfield,Illinois,Central
519,US-2022-102627,2022-09-20,2022-09-22,Standard Class,Fatima Rodriguez,Consumer,Bookcases Item 816,Furniture,Bookcases,512.24,1,0.0,85.36,Chicago,Illinois,Central
520,US-2022-100647,2022-04-18,2022-04-25,Second Class,Linda Brown,Home Office,Laptops Item 501,Technology,Laptops,5686.28,4,0.2,386.06,Orlando,Florida,South
521,US-2024-101576,2024-02-21,2024-02-25,Standard Class,Jennifer Johnson,Corporate,Paper Item 860,Office Supplies,Paper,129.75,5,0.0,25.91,Eugene,Oregon,West
522,US-2022-100417,2022-12-13,2022-04-16,Standard Class,Amara Miller,Home Office,Laptops Item 274,Technology,Laptops,653.54,1,0.0,121.09,Las Vegas,Nevada,West
523,US-2023-102302,2023-12-02,2023-12-03,Second Class,Richard Rodriguez,Corporate,Phones Item 751,Technology,Phones,4159.7,5,0.0,931.97,Albany,New York,East
524,US-2022-100150,2022-06-04,2022-06-10,Standard Class,Patricia Torres,Home Office,Storage Item 867,Office Supplies,Storage,911.61,7,0.1,52.03,Nashville,Tennessee,South
525,US-2024-101819,2024-05-10,2024-05-12,First Class,Linda Torres,Consumer,Storage Item 962,Office Supplies,Storage,556.02,3,0.1,26.7,Reno,Nevada,West
526,US-2022-103196,2022-10-21,2022-10-28,Same Day,Sarah Walker,Consumer,Furnishings Item 312,Furniture,Furnishings,80.54,2,0.15,5.46,Springfield,Illinois,Central
527,US-2022-100228,2022-10-08,2022-10-12,Standard Class,Robert Singh,Home Office,Labels Item 732,Office Supplies,Labels,22.8,5,0.15,1.9,Eugene,Oregon,West
528,US-2024-102486,2024-11-19,2024-11-24,Same Day,John Anderson,Home Office,Tables Item 799,Furniture,Tables,3360.56,7,0.0,1107.61,Las Vegas,Nevada,West
529,US-2022-100127,2022-12-14,2022-12-20,Same Day,Priya Patel,Consumer,Labels Item 375,Office Supplies,Labels,86.32,4,0.15,4.18,Ann Arbor,Michigan,Central
530,US-2024-102308,2024-03-23,2024-03-25,Standard Class,Patricia Taylor,Consumer,Labels Item 127,Office Supplies,Labels,7.72,1,0.0,1.65,Charlotte,North Carolina,South
531,US-2022-100961,2022-11-19,2022-11-23,Second Class,Mei Davis,Home Office,Storage Item 255,Office Supplies,Storage,862.14,6,0.15,-12.38,San Diego,California,West
532,US-2023-101775,2023-11-15,2023-11-22,Standard Class,Wei Torres,Home Office,Paper Item 595,Office Supplies,Paper,13.49,1,0.0,3.54,Tampa,Florida,South
533,US-2022-102279,2022-11-16,2022-11-22,Same Day,Richard Rodriguez,Consumer,Phones Item 841,Technology,Phones,647.27,1,0.1,113.8,Jersey City,New Jersey,East
534,US-2023-100979,2023-12-01,2023-12-04,Standard Class,Aiden Williams,Corporate,Phones Item 215,Technology,Phones,5055.36,8,0.0,1184.22,Savannah,Georgia,South
535,US-2022-101462,09/07/2022,2022-09-11,First Class,Mary Johnson,Consumer,Phones Item 223,Technology,Phones,762.58,1,0.1,58.2,Newark,New Jersey,East
536,US-2024-102750,2024-07-18,2024-07-22,Same Day,Carlos Martinez,Home Office,Labels Item 548,Office Supplies,Labels,120.72,8,0.2,6.8,Nashville,Tennessee,South
537,US-2023-101487,2023-01-21,2023-01-22,First Class,William Rodriguez,Consumer,Phones Item 227,Technology,Phones,5177.55,7,0.0,1537.16,Pittsburgh,Pennsylvania,East
538,US-2024-103266,2024-06-15,2024-06-21,Second Class,Robert Walker,Consumer,Tables Item 198,Furniture,Tables,4349.6,8,0.15,719.1,Columbus,Ohio,Central
539,US-2022-100364,2022-03-08,2022-03-14,First Class,Aiden Rodriguez,Consumer,Accessories Item 150,Technology,Accessories,29.57,1,0.0,9.14,New York City,New York,East
540,US-2022-100723,2022-05-26,2022-05-28,Same Day,David Garcia,Corporate,Accessories Item 362,Technology,Accessories,789.24,6,0.1,59.53,Springfield,Illinois,Central
541,US-2023-103019,2023-05-29,2023-06-05,Standard Class,Jennifer Davis,Corporate,Art Item 381,Office Supplies,Art,175.56,3,0.0,57.01,Philadelphia,Pennsylvania,East
542,US-2023-102708,2023-12-20,2023-10-22,First Class,Jennifer Chen,Home Office,Labels Item 179,Office Supplies,Labels,12.52,4,0.1,1.47,Miami,Florida,South
543,US-2024-102426,2024-11-11,2024-11-14,Same Day,Jessica Rodriguez,Consumer,Accessories Item 462,Technology,Accessories,884.28,6,0.15,54.23,Reno,Nevada,West
544,US-2023-100676,2023-02-11,2023-02-12,Second Class,Mei Taylor,Consumer,Furnishings Item 236,Furniture,Furnishings,219.42,1,0.1,34.17,Atlanta,Georgia,South
545,US-2024-100330,2024-01-04,2024-01-10,Same Day,Mei Taylor,Consumer,Paper Item 270,Office Supplies,Paper,185.78,7,0.2,8.2,Philadelphia,Pennsylvania,East
546,US-2023-102551,2023-10-29,2023-11-01,First Class,Diego Walker,Corporate,Laptops Item 130,Technology,Laptops,6041.7,5,0.1,939.62,Orlando,Florida,South
547,US-2024-101072,2024-03-21,2024-03-22,First Class,Joseph Lee,Consumer,Bookcases Item 785,Furniture,Bookcases,3642.45,7,0.2,-25.97,Philadelphia,Pennsylvania,East
548,US-2023-102243,2023-05-03,2023-05-09,Second Class,Mei Taylor,Home Office,Storage Item 824,Office Supplies,Storage,430.96,8,0.0,128.62,Philadelphia,Pennsylvania,East
549,US-2023-101449,2023-01-22,2023-01-28,Second Class,Aiden Khan,Corporate,Tables Item 452,Furniture,Tables,2656.4,5,0.15,110.23,Reno,Nevada,West
550,US-2022-102081,2022-04-03,2022-04-06,Standard Class,Linda Rodriguez,Corporate,Accessories Item 788,Technology,Accessories,410.1,5,,0.82,Miami,Florida,South
551,US-2024-102336,2024-03-06,2024-03-12,Second Class,Richard Walker,Home Office,Accessories Item 590,Technology,Accessories,60.82,1,0.2,6.44,Orlando,Florida,South
552,US-2023-100561,2023-12-03,2023-12-09,First Class,Susan Torres,Corporate,Paper Item 351,Office Supplies,Paper,214.62,6,0.3,2.39,Spokane,Washington,West
553,US-2022-100221,2022-12-12,2022-12-17,Second Class,Fatima Khan,Consumer,Binders Item 232,Office Supplies,Binders,62.72,8,0.0,21.78,Springfield,Illinois,Central
554,US-2023-101739,2023-02-25,2023-03-02,Same Day,John Rodriguez,Corporate,Bookcases Item 796,Furniture,Bookcases,675.77,1,0.1,99.46,Charlotte,North Carolina,South
555,US-2024-101330,2024-03-17,2024-03-21,Second Class,Amara Brown,Corporate,Art Item 699,Office Supplies,Art,104.5,5,0.3,-5.07,Newark,New Jersey,East
556,US-2024-101225,2024-12-22,2024-12-27,Standard Class,Mary Anderson,Home Office,Bookcases Item 211,Furniture,Bookcases,578.7,5,0.1,62.78,Memphis,Tennessee,South
557,US-2024-101631,2024-12-07,2024-12-08,First Class,Jennifer Chen,Home Office,Art Item 718,Office Supplies,Art,40.64,2,0.4,-7.66,San Diego,California,West
558,US-2023-101799,2023-08-03,2023-08-10,First Class,Mei Taylor,Corporate,Labels Item 260,Office Supplies,Labels,29.16,4,0.0,7.6,Reno,Nevada,West
559,US-2022-100686,2022-09-25,2022-10-01,Standard Class,Mei Rodriguez,Home Office,Printers Item 770,Technology,Printers,1170.26,2,0.3,-168.29,Springfield,Illinois,Central
560,US-2024-103331,2024-05-04,2024-05-05,First Class,Wei Wilson,Home Office,Art Item 962,Office Supplies,Art,383.36,8,0.15,28.13,Savannah,Georgia,South
561,US-2022-100856,2022-02-11,2022-02-18,Standard Class,Jennifer Davis,Corporate,Tables Item 910,Furniture,Tables,221.62,1,0.0,35.96,Worcester,Massachusetts,East
562,US-2024-101108,2024-02-05,2024-02-09,Same Day,John Chen,Home Office,Binders Item 230,Office Supplies,Binders,177.68,4,,8.16,Orlando,Florida,South
563,US-2023-100595,2023-12-28,2023-12-31,Second Class,Wei Walker,Corporate,Phones Item 802,Technology,Phones,3005.76,8,0.2,215.32,Chicago,Illinois,Central
564,US-2023-101470,2023-12-23,2023-12-30,Second Class,Wei Thomas,Consumer,Storage Item 273,Office Supplies,Storage,573.48,3,0.2,-35.28,Spokane,Washington,West
565,US-2022-100132,2022-10-13,2022-10-19,First Class,Mei Ali,Corporate,Binders Item 774,Office Supplies,Binders,76.86,7,0.15,6.81,Savannah,Georgia,South
566,US-2023-101661,2023-04-10,2023-04-11,Same Day,Wei Walker,Home Office,Chairs Item 984,Furniture,Chairs,1205.2,4,0.1,64.23,Raleigh,North Carolina,South
567,US-2022-101696,2022-11-06,2022-12-08,Standard Class,Mary Rodriguez,Corporate,Chairs Item 933,Furniture,Chairs,606.39,3,0.15,99.8,Seattle,Washington,West
568,US-2023-101615,2023-08-24,2023-08-31,Second Class,Diego Wilson,Corporate,Tables Item 247,Furniture,Tables,737.12,4,0.2,-18.82,Columbus,Ohio,Central
569,US-2024-102608,2024-07-28,2024-07-30,Standard Class,Mei Wilson,Consumer,Storage Item 460,Office Supplies,Storage,87.84,1,0.1,14.2,Charlotte,North Carolina,South
570,US-2024-102482,2024-05-10,2024-05-12,Same Day,Wei Smith,Corporate,Art Item 829,Office Supplies,Art,215.12,8,0.0,64.48,Columbus,Ohio,Central
571,US-2022-102702,2022-06-11,2022-06-15,First Class,Mei Brown,Consumer,Printers Item 228,Technology,Printers,4625.84,8,0.2,-94.71,Charlotte,North Carolina,South
572,US-2024-101868,2024-02-27,2024-03-05,Same Day,Aiden Patel,Corporate,Paper Item 280,Office Supplies,Paper,56.85,5,0.0,13.88,Nashville,Tennessee,South
573,US-2022-101435,2022-06-17,2022-06-23,First Class,Linda Torres,Home Office,Tables Item 574,Furniture,Tables,1956.0,6,0.0,431.51,Miami,Florida,South
574,US-2022-100930,2022-01-25,2022-02-01,Second Class,Wei Martinez,Corporate,Storage Item 780,Office Supplies,Storage,1366.16,8,0.1,253.69,Boston,Massachusetts,East
575,US-2022-102459,2022-11-24,2022-06-25,Second Class,Jessica Torres,Home Office,Accessories Item 194,Technology,Accessories,111.8,2,0.4,-24.1,Memphis,Tennessee,South
576,US-2024-102795,2024-01-11,2024-01-12,Same Day,Michael Torres,Consumer,Tables Item 578,Furniture,Tables,842.84,1,0.15,95.42,Seattle,Washington,West
577,US-2023-101976,2023-11-19,2023-11-25,First Class,Mei Ali,Corporate,Binders Item 997,Office Supplies,Binders,17.4,4,0.1,3.6,Jersey City,New Jersey,East
578,US-2024-102372,2024-09-28,2024-10-05,Second Class,William Miller,Corporate,Tables Item 767,Furniture,Tables,642.35,5,0.15,118.11,Reno,Nevada,West
579,US-2023-100109,2023-03-21,2023-03-25,Second Class,Priya Walker,Corporate,Chairs Item 115,Furniture,Chairs,406.36,2,0.0,121.62,Buffalo,New York,East
580,US-2023-102873,2023-05-19,2023-05-25,First Class,Jennifer Lee,Home Office,Accessories Item 537,Technology,Accessories,164.55,5,0.3,-6.85,Nashville,Tennessee,South
581,US-2023-100652,2023-05-09,2023-05-13,Same Day,Robert Davis,Home Office,Art Item 710,Office Supplies,Art,35.6,4,0.0,9.19,Detroit,Michigan,Central
582,US-2022-100654,2022-07-13,2022-07-20,Second Class,Michael Smith,Corporate,Printers Item 760,Technology,Printers,2256.65,5,0.15,327.99,Las Vegas,Nevada,West
583,US-2024-102127,2024-05-20,2024-05-21,Same Day,Robert Singh,Corporate,Bookcases Item 784,Furniture,Bookcases,1451.85,5,0.1,204.98,Raleigh,North Carolina,South
584,US-2023-102553,2023-07-16,2023-07-17,First Class,Wei Lee,Home Office,Binders Item 733,Office Supplies,Binders,167.92,8,0.0,28.77,Savannah,Georgia,South
585,US-2024-101325,2024-11-23,2024-11-24,Standard Class,Aiden Jones,Consumer,Binders Item 931,Office Supplies,Binders,221.36,8,0.0,53.47,Memphis,Tennessee,South
586,US-2022-101953,2022-02-14,2022-02-16,First Class,Jennifer Walker,Consumer,Phones Item 485,Technology,Phones,783.16,1,0.0,193.29,Jersey City,New Jersey,East
587,US-2022-100854,2022-02-10,2022-02-16,Standard Class,Wei Johnson,Consumer,Binders Item 899,Office Supplies,Binders,237.18,6,0.0,45.82,Philadelphia,Pennsylvania,East
588,US-2024-100965,2024-01-19,2024-01-24,Standard Class,Joseph Wilson,Corporate,Printers Item 866,Technology,Printers,2070.05,5,0.0,337.36,Atlanta,Georgia,South
589,US-2022-100576,2022-04-01,2022-04-02,Second Class,Richard Walker,Home Office,Furnishings Item 546,Furniture,Furnishings,548.76,3,0.0,174.18,Cleveland,Ohio,Central
590,US-2024-103097,2024-11-25,2024-03-28,First Class,Jennifer Anderson,Home Office,Printers Item 494,Technology,Printers,2435.15,5,0.15,420.05,Dallas,Texas,Central
591,US-2022-100976,2022-11-25,2022-12-02,Second Class,Susan Garcia,Consumer,Printers Item 761,Technology,Printers,378.21,3,0.0,73.42,Chicago,Illinois,Central
592,US-2022-100074,2022-04-14,2022-04-17,Same Day,David Khan,Consumer,Printers Item 986,Technology,Printers,1587.88,4,0.0,397.82,Springfield,Illinois,Central
593,US-2023-103048,2023-03-08,2023-03-13,Second Class,Wei Khan,Consumer,Chairs Item 909,Furniture,Chairs,600.76,4,0.1,113.18,Seattle,Washington,West
594,US-2023-100841,2023-08-07,2023-08-09,Standard Class,Carlos Martinez,Corporate,Labels Item 598,Office Supplies,Labels,59.76,6,0.0,20.62,Jersey City,New Jersey,East
595,US-2024-100285,2024-08-23,2024-08-28,Same Day,Aiden Martinez,Consumer,Binders Item 369,Office Supplies,Binders,109.08,2,0.3,-12.04,Spokane,Washington,West
596,US-2023-103141,2023-10-24,2023-10-29,Same Day,Mary Ali,Corporate,Accessories Item 299,Technology,Accessories,754.56,6,0.3,-50.91,Columbus,Ohio,Central
597,US-2022-100856,2022-11-11,2022-02-18,Standard Class,Jennifer Davis,Corporate,Tables Item 910,Furniture,Tables,221.62,1,0.0,35.96,Worcester,Massachusetts,East
598,US-2022-102952,2022-08-17,2022-08-19,First Class,Mei Brown,Consumer,Storage Item 649,Office Supplies,Storage,155.76,4,0.1,17.94,Seattle,Washington,West
599,US-2023-102229,2023-04-20,2023-04-22,Second Class,Mary Davis,Consumer,Tables Item 320,Furniture,Tables,3268.2,5,0.0,581.73,Philadelphia,Pennsylvania,East
600,US-2024-100858,2024-04-30,2024-05-01,Standard Class,Carlos Thomas,Home Office,Binders Item 255,Office Supplies,Binders,12.64,2,0.1,3.02,Savannah,Georgia,South
601,US-2023-101482,2023-03-10,2023-03-15,First Class,Jessica Ali,Home Office,Phones Item 608,Technology,Phones,2811.97,7,0.15,508.14,Ann Arbor,Michigan,Central
602,US-2024-103300,2024-01-08,2024-01-11,First Class,Wei Wilson,Home Office,Accessories Item 388,Technology,Accessories,138.91,1,0.15,14.07,Nashville,Tennessee,South
603,US-2022-101268,2022-06-26,2022-06-30,First Class,Jessica Davis,Corporate,Accessories Item 652,Technology,Accessories,679.8,6,0.15,103.21,Seattle,Washington,West
604,US-2023-100171,2023-05-18,2023-05-20,Standard Class,Priya Kim,Consumer,Furnishings Item 338,Furniture,Furnishings,532.28,4,0.2,13.14,Springfield,Illinois,Central
605,US-2024-101371,2024-12-26,2024-12-27,Same Day,William Brown,Corporate,Accessories Item 938,Technology,Accessories,428.4,7,0.3,-57.8,Jersey City,New Jersey,East
606,US-2023-100013,2023-04-08,2023-04-15,Same Day,Wei Lee,Corporate,Art Item 192,Office Supplies,Art,78.42,2,0.0,24.08,Raleigh,North Carolina,South
607,US-2022-101233,2022-06-06,2022-06-09,Standard Class,William Williams,Home Office,Bookcases Item 754,Furniture,Bookcases,1394.43,3,0.3,-194.85,Spokane,Washington,West
608,US-2022-100859,2022-02-17,2022-02-20,First Class,Amara Chen,Consumer,Storage Item 202,Office Supplies,Storage,154.14,6,0.1,27.59,Las Vegas,Nevada,West
609,US-2024-101354,2024-12-20,2024-08-27,Same Day,Carlos Thomas,Home Office,Printers Item 229,Technology,Printers,997.57,7,0.3,-126.58,Spokane,Washington,West
610,US-2024-101108,2024-02-05,2024-02-09,Same Day,John Chen,Home Office,Binders Item 230,Office Supplies,Binders,177.68,4,0.15,8.16,Orlando,Florida,
611,US-2024-100296,2024-05-16,2024-05-20,Standard Class,Jennifer Chen,Corporate,Paper Item 503,Office Supplies,Paper,7.28,1,0.1,1.22,Detroit,Michigan,Central
612,US-2023-102865,2023-12-18,2023-09-23,Same Day,Mei Thomas,Home Office,Paper Item 366,Office Supplies,Paper,50.04,6,0.0,16.75,Boston,Massachusetts,East
613,US-2024-102896,2024-08-30,2024-09-06,Standard Class,Aiden Martinez,Corporate,Printers Item 150,Technology,Printers,1089.45,5,0.3,-51.67,Charlotte,North Carolina,South
614,US-2022-100112,2022-02-03,2022-02-06,Same Day,Mei Miller,Consumer,Phones Item 300,Technology,Phones,881.04,4,0.2,3.12,Springfield,Illinois,Central
615,US-2022-100151,2022-07-10,2022-07-16,Same Day,Linda Rodriguez,Consumer,Storage Item 914,Office Supplies,Storage,24.56,1,0.3,-1.81,Cleveland,Ohio,Central
616,US-2024-100669,2024-11-20,2024-11-26,Standard Class,Carlos Johnson,Consumer,Art Item 731,Office Supplies,Art,59.91,3,0.1,10.55,Detroit,Michigan,Central
617,US-2024-102310,2024-02-15,2024-02-22,First Class,Linda Martinez,Corporate,Art Item 629,Office Supplies,Art,221.44,8,0.15,34.71,Ann Arbor,Michigan,Central
618,US-2024-101651,2024-05-28,2024-05-30,First Class,John Chen,Corporate,Furnishings Item 793,Furniture,Furnishings,478.8,4,0.0,167.31,Atlanta,Georgia,South
619,US-2023-103463,2023-11-23,2023-11-30,Same Day,Susan Thomas,Home Office,Storage Item 813,Office Supplies,Storage,1031.04,8,0.1,49.4,Boston,Massachusetts,East
620,US-2024-100092,2024-07-28,2024-08-03,First Class,Richard Jones,Consumer,Phones Item 854,Technology,Phones,5061.12,6,0.0,1647.23,Savannah,Georgia,South
621,US-2022-101701,2022-04-28,2022-05-02,First Class,Amara Torres,Corporate,Storage Item 995,Office Supplies,Storage,137.2,5,0.0,23.18,New York City,New York,East
622,US-2023-100448,2023-03-31,2023-04-07,First Class,Robert Davis,Consumer,Phones Item 185,Technology,Phones,2604.24,4,0.15,67.7,Jersey City,New Jersey,East
623,US-2024-102909,2024-12-17,2024-12-22,Same Day,William Rodriguez,Consumer,Art Item 299,Office Supplies,Art,56.12,4,0.1,8.76,Columbus,Ohio,Central
624,US-2022-101929,2022-12-12,2022-12-14,Standard Class,,Corporate,Tables Item 991,Furniture,Tables,383.73,1,0.1,57.61,Portland,Oregon,West
625,US-2022-102381,2022-01-09,2022-01-12,First Class,Jessica Jones,Corporate,Printers Item 930,Technology,Printers,1987.68,6,0.0,690.48,Eugene,Oregon,West
626,US-2023-100408,2023-11-13,2023-11-14,First Class,Patricia Taylor,Consumer,Storage Item 551,Office Supplies,Storage,175.93,1,0.1,25.29,Columbus,Ohio,Central
627,US-2023-102076,2023-12-30,2024-01-04,Standard Class,William Rodriguez,Home Office,Furnishings Item 647,Furniture,Furnishings,283.14,6,0.5,-113.25,San Francisco,California,West
628,US-2022-100879,2022-11-10,2022-11-16,Second Class,Jessica Miller,Consumer,Phones Item 529,Technology,Phones,869.68,1,0.1,119.64,Memphis,Tennessee,South
629,US-2024-103198,2024-12-12,2024-12-14,Standard Class,Sarah Chen,Consumer,Chairs Item 582,Furniture,Chairs,2479.4,5,0.15,100.61,Charlotte,North Carolina,South
630,US-2023-100226,2023-06-08,2023-06-15,Standard Class,Richard Rodriguez,Home Office,Binders Item 210,Office Supplies,Binders,331.1,7,0.3,-22.62,Buffalo,New York,East
631,US-2022-102665,2022-04-08,2022-04-15,First Class,Amara Nguyen,Consumer,Tables Item 309,Furniture,Tables,1354.95,3,0.3,-105.56,Jersey City,New Jersey,East
632,US-2023-102257,2023-12-09,2023-01-13,First Class,Carlos Taylor,Corporate,Phones Item 603,Technology,Phones,1748.56,8,0.0,481.09,Springfield,Illinois,Central
633,US-2022-102806,2022-06-04,2022-06-11,Standard Class,Richard Rodriguez,Corporate,Storage Item 761,Office Supplies,Storage,175.44,6,0.1,30.55,Reno,Nevada,West
634,US-2023-102344,2023-08-19,2023-08-24,First Class,Mary Kim,Consumer,Paper Item 102,Office Supplies,Paper,51.03,7,0.5,-20.3,New York City,New York,East
635,US-2022-102678,2022-05-13,2022-05-16,First Class,Susan Thomas,Home Office,Paper Item 133,Office Supplies,Paper,22.27,1,0.0,5.15,Columbus,Ohio,Central
636,US-2024-103152,2024-12-26,2025-01-02,First Class,Linda Lee,Consumer,Art Item 721,Office Supplies,Art,289.8,7,0.0,88.56,Nashville,Tennessee,South
637,US-2023-102905,2023-05-24,2023-05-29,Second Class,Joseph Johnson,Home Office,Bookcases Item 877,Furniture,Bookcases,1411.2,3,0.15,96.29,Ann Arbor,Michigan,Central
638,US-2023-100750,2023-03-27,2023-03-28,Second Class,Diego Thomas,Corporate,Laptops Item 593,Technology,Laptops,1083.61,1,0.0,349.64,Pittsburgh,Pennsylvania,East
639,US-2024-100984,2024-12-06,2024-12-07,Same Day,David Wilson,Home Office,Furnishings Item 126,Furniture,Furnishings,499.44,8,0.15,28.69,Nashville,Tennessee,South
640,US-2024-102120,2024-08-11,2024-08-15,Same Day,Diego Martinez,Consumer,Binders Item 371,Office Supplies,Binders,172.08,4,0.1,18.29,Jersey City,New Jersey,East
641,US-2022-102753,2022-12-04,2022-03-08,Same Day,Richard Walker,Home Office,Art Item 793,Office Supplies,Art,113.08,4,0.0,21.07,Tampa,Florida,South
642,US-2023-103003,2023-02-23,2023-03-01,Same Day,Mary Smith,Consumer,Laptops Item 494,Technology,Laptops,4780.79,7,0.0,1637.27,Albany,New York,East
643,US-2024-100967,2024-08-04,2024-08-10,First Class,Jessica Miller,Corporate,Accessories Item 532,Technology,Accessories,530.94,6,0.2,26.92,Pittsburgh,Pennsylvania,East
644,US-2023-103480,2023-12-06,2023-12-08,Standard Class,Diego Singh,Consumer,Binders Item 945,Office Supplies,Binders,86.1,2,0.0,29.38,Newark,New Jersey,East
645,US-2024-102053,2024-11-18,2024-11-24,Same Day,Linda Brown,Consumer,Phones Item 552,Technology,Phones,2231.7,6,0.0,631.05,Memphis,Tennessee,South
646,US-2023-103338,2023-11-06,2023-06-07,Same Day,Michael Rodriguez,Home Office,Art Item 617,Office Supplies,Art,14.88,1,0.0,4.79,Jersey City,New Jersey,East
647,US-2023-100255,2023-10-20,2023-10-24,Standard Class,Linda Jones,Corporate,Laptops Item 653,Technology,Laptops,2109.64,1,0.15,274.56,Eugene,Oregon,West
648,US-2022-100427,2022-10-24,2022-10-26,Same Day,Mary Khan,Corporate,Printers Item 482,Technology,Printers,189.15,1,0.3,-0.07,Newark,New Jersey,East
649,US-2024-100176,2024-08-06,2024-08-09,Standard Class,Fatima Miller,Consumer,Bookcases Item 926,Furniture,Bookcases,1567.76,4,0.1,331.26,Memphis,Tennessee,South
650,US-2024-100395,2024-12-14,2024-12-21,First Class,Patricia Miller,Home Office,Chairs Item 180,Furniture,Chairs,789.84,3,0.2,94.35,Austin,Texas,Central
651,US-2022-103205,2022-07-28,2022-08-03,First Class,Patricia Anderson,Home Office,Laptops Item 116,Technology,Laptops,5287.04,4,0.0,1787.75,Portland,Oregon,West
652,US-2024-100422,2024-10-20,2024-10-25,Standard Class,Fatima Wilson,Corporate,Laptops Item 528,Technology,Laptops,720.46,1,0.15,127.68,Ann Arbor,Michigan,Central
653,US-2024-102242,2024-03-26,2024-03-27,Same Day,Carlos Nguyen,Corporate,Phones Item 399,Technology,Phones,2260.4,4,,-149.06,Memphis,Tennessee,South
654,US-2022-103349,2022-11-05,2022-08-08,Standard Class,Susan Garcia,Corporate,Storage Item 487,Office Supplies,Storage,824.64,6,0.3,-89.8,Miami,Florida,South
655,US-2023-102084,2023-01-03,2023-01-04,Second Class,Elizabeth Lee,Corporate,Storage Item 930,Office Supplies,Storage,475.68,8,0.3,-76.59,Boston,Massachusetts,East
656,US-2024-101720,2024-05-06,2024-05-13,Standard Class,Aiden Walker,Corporate,Furnishings Item 991,Furniture,Furnishings,466.96,2,0.4,-48.64,Orlando,Florida,South
657,US-2022-102830,2022-02-10,2022-02-11,Standard Class,Aiden Anderson,Home Office,Labels Item 369,Office Supplies,Labels,96.56,4,0.0,26.62,Albany,New York,East
658,US-2024-101946,2024-11-18,2024-10-23,Same Day,Jessica Davis,Consumer,Chairs Item 384,Furniture,Chairs,2737.42,7,0.0,701.49,Cleveland,Ohio,Central
659,US-2022-102072,2022-12-10,2022-12-14,Standard Class,James Davis,Corporate,Paper Item 712,Office Supplies,Paper,11.18,2,0.15,1.69,Portland,Oregon,West
660,US-2023-101908,2023-06-22,2023-06-27,Standard Class,Diego Martinez,Consumer,Accessories Item 757,Technology,Accessories,45.4,1,0.0,12.05,Buffalo,New York,East
661,US-2022-102734,2022-05-25,2022-05-27,Standard Class,Fatima Ali,Home Office,Furnishings Item 467,Furniture,Furnishings,1392.16,7,0.0,447.81,Savannah,Georgia,South
662,US-2022-102847,2022-08-05,2022-08-08,Second Class,Linda Lee,Consumer,Paper Item 917,Office Supplies,Paper,195.79,7,0.1,31.08,Eugene,Oregon,West
663,US-2022-101598,2022-12-21,2022-12-26,First Class,Diego Martinez,Corporate,Bookcases Item 883,Furniture,Bookcases,299.74,1,0.15,25.82,Orlando,Florida,South
664,US-2023-102083,2023-12-02,2023-12-03,Same Day,,Consumer,Paper Item 953,Office Supplies,Paper,75.21,3,0.4,-15.96,Charlotte,North Carolina,South
665,US-2022-100575,2022-12-19,2022-05-24,Second Class,Robert Davis,Consumer,Binders Item 752,Office Supplies,Binders,102.96,2,0.0,33.3,Reno,Nevada,West
666,US-2022-102772,2022-09-03,2022-09-04,Same Day,Diego Miller,Home Office,Paper Item 420,Office Supplies,Paper,209.88,6,0.2,20.07,Boston,Massachusetts,East
667,US-2024-102103,2024-12-07,2024-12-09,Standard Class,David Lee,Home Office,Bookcases Item 917,Furniture,Bookcases,1175.92,8,0.0,288.92,Reno,Nevada,West
668,US-2023-103407,2023-01-04,2023-01-07,Standard Class,James Ali,Corporate,Art Item 758,Office Supplies,Art,5.96,1,0.5,-1.44,Raleigh,North Carolina,South
669,US-2024-100923,2024-01-21,2024-01-25,First Class,Michael Miller,Consumer,Accessories Item 914,Technology,Accessories,284.06,2,0.2,-6.21,Nashville,Tennessee,South
670,US-2022-101164,2022-11-06,2022-02-10,Standard Class,Aiden Walker,Corporate,Furnishings Item 574,Furniture,Furnishings,208.88,1,0.0,31.4,Reno,Nevada,West
671,US-2022-102375,2022-12-11,2022-10-18,Same Day,Diego Smith,Consumer,Binders Item 262,Office Supplies,Binders,75.99,3,0.0,23.59,Springfield,Illinois,Central
672,US-2023-101806,2023-09-08,2023-09-15,Same Day,Linda Lee,Consumer,Binders Item 539,Office Supplies,Binders,248.92,7,0.1,17.08,Tampa,Florida,South
673,US-2023-103455,2023-07-21,2023-07-28,Standard Class,Joseph Garcia,Consumer,Accessories Item 315,Technology,Accessories,1033.68,8,0.1,141.21,Los Angeles,California,West
674,US-2023-101675,2023-04-16,2023-04-20,Standard Class,David Johnson,Consumer,Bookcases Item 598,Furniture,Bookcases,2196.56,8,0.1,193.96,Las Vegas,Nevada,West
675,US-2024-102593,2024-12-12,2024-12-13,First Class,Wei Jones,Consumer,Laptops Item 867,Technology,Laptops,3505.12,2,0.0,1185.67,Los Angeles,California,West
676,US-2022-102813,2022-01-02,2022-01-09,First Class,Fatima Davis,Home Office,Art Item 317,Office Supplies,Art,8.66,1,0.0,2.76,Springfield,Illinois,Central
677,US-2023-103407,2023-12-04,2023-01-07,Standard Class,James Ali,Corporate,Art Item 758,Office Supplies,Art,5.96,1,0.5,-1.44,Raleigh,North Carolina,South
678,US-2024-101193,2024-01-30,2024-02-04,First Class,Carlos Williams,Corporate,Tables Item 982,Furniture,Tables,710.18,2,0.0,189.22,Spokane,Washington,West
679,US-2024-101965,2024-01-26,2024-01-27,Second Class,Linda Brown,Consumer,Printers Item 386,Technology,Printers,$1751.12,4,0.3,-273.04,Memphis,Tennessee,South
680,US-2023-101539,2023-02-01,2023-02-06,Same Day,William Williams,Consumer,Laptops Item 103,Technology,Laptops,6312.36,3,0.1,386.2,New York City,New York,East
681,US-2023-102622,2023-12-02,2023-07-03,First Class,Aiden Thomas,Consumer,Storage Item 304,Office Supplies,Storage,539.3,5,0.4,-58.25,Reno,Nevada,West
682,US-2023-100007,2023-05-09,2023-05-13,Second Class,Michael Singh,Corporate,Phones Item 753,Technology,Phones,5420.31,7,0.15,148.88,Newark,New Jersey,East
683,US-2022-102802,2022-07-18,2022-07-21,First Class,Aiden Williams,Corporate,Storage Item 733,Office Supplies,Storage,38.17,1,0.15,4.43,Raleigh,North Carolina,South
684,US-2024-101699,2024-10-29,2024-11-05,First Class,Elizabeth Khan,Home Office,Chairs Item 298,Furniture,Chairs,1692.72,4,0.3,-18.66,Worcester,Massachusetts,East
685,US-2022-102821,2022-02-18,2022-02-19,Same Day,Robert Johnson,Consumer,Labels Item 981,Office Supplies,Labels,45.51,3,0.0,14.29,Philadelphia,Pennsylvania,East
686,US-2023-100298,2023-12-04,2023-12-07,Second Class,Michael Kim,Corporate,Accessories Item 315,Technology,Accessories,542.2,4,0.0,132.73,Cleveland,Ohio,Central
687,US-2024-101797,2024-12-06,2024-10-09,First Class,James Brown,Corporate,Art Item 745,Office Supplies,Art,285.48,6,0.4,-49.71,Miami,Florida,South
688,US-2022-103108,2022-07-19,2022-07-20,Standard Class,Mei Miller,Consumer,Tables Item 664,Furniture,Tables,718.27,1,0.2,65.1,Raleigh,North Carolina,South
689,US-2024-101335,2024-02-22,2024-02-23,Second Class,David Johnson,Corporate,Bookcases Item 393,Furniture,Bookcases,1075.86,2,0.1,110.95,Orlando,Florida,South
690,US-2022-103154,2022-12-20,2022-08-27,First Class,Susan Ali,Corporate,Storage Item 911,Office Supplies,Storage,676.8,8,0.0,151.24,Raleigh,North Carolina,South
691,US-2024-100612,2024-03-20,2024-03-24,Standard Class,Michael Singh,Consumer,Storage Item 208,Office Supplies,Storage,379.92,4,0.15,66.0,Las Vegas,Nevada,West
692,US-2024-102183,2024-11-21,2024-10-24,Same Day,Aiden Patel,Consumer,Accessories Item 328,Technology,Accessories,250.5,6,0.1,43.41,Eugene,Oregon,West
693,US-2024-100850,2024-07-04,2024-07-07,Second Class,Linda Lee,Consumer,Phones Item 280,Technology,Phones,4361.7,5,0.1,653.84,Ann Arbor,Michigan,Central
694,US-2022-101892,2022-09-25,2022-09-27,Second Class,Jennifer Lee,Corporate,Accessories Item 486,Technology,Accessories,46.04,4,0.3,-0.68,Boston,Massachusetts,East
695,US-2022-101048,2022-06-05,2022-06-07,Second Class,John Lee,Consumer,Laptops Item 266,Technology,Laptops,1833.7,2,0.2,162.41,Pittsburgh,Pennsylvania,East
696,US-2024-100730,2024-07-13,2024-07-20,Same Day,Elizabeth Torres,Consumer,Printers Item 785,Technology,Printers,384.3,2,0.0,108.29,New York City,New York,East
697,US-2023-102638,2023-08-06,2023-08-11,First Class,Linda Torres,Home Office,Bookcases Item 854,Furniture,Bookcases,2234.46,6,0.3,-300.54,Miami,Florida,South
698,US-2023-100468,2023-10-01,2023-10-07,Same Day,Mary Anderson,Home Office,Furnishings Item 517,Furniture,Furnishings,297.45,5,,28.1,San Francisco,California,West
699,US-2022-102363,2022-12-10,2022-12-12,Standard Class,Patricia Brown,Consumer,Binders Item 488,Office Supplies,Binders,93.12,6,0.15,-1.39,Detroit,Michigan,Central
700,US-2023-101016,2023-04-02,2023-04-03,Standard Class,Robert Wilson,Consumer,Art Item 910,Office Supplies,Art,59.58,3,0.15,5.84,Las Vegas,Nevada,West
701,US-2023-103457,04/26/2023,2023-04-29,Second Class,Patricia Anderson,Home Office,Paper Item 309,Office Supplies,Paper,38.48,4,0.0,7.43,Charlotte,North Carolina,South
702,US-2022-102561,2022-04-26,2022-04-29,Second Class,Mary Smith,Home Office,Chairs Item 468,Furniture,Chairs,1199.64,6,0.4,-126.05,Detroit,Michigan,Central
703,US-2023-102564,2023-06-28,2023-07-04,Second Class,Patricia Miller,Corporate,Phones Item 705,Technology,Phones,4478.48,8,0.1,402.83,Portland,Oregon,West
704,US-2024-101423,2024-09-24,2024-09-29,Standard Class,Jessica Wilson,Corporate,Chairs Item 684,Furniture,Chairs,313.93,1,0.0,69.51,Chicago,Illinois,Central
705,US-2023-101063,2023-01-21,2023-01-26,Standard Class,Mei Miller,Home Office,Labels Item 162,Office Supplies,Labels,98.52,4,0.3,-4.57,Cleveland,Ohio,Central
706,US-2022-102688,2022-02-24,2022-03-01,Second Class,Priya Miller,Consumer,Labels Item 701,Office Supplies,Labels,13.14,1,0.2,1.17,Miami,Florida,South
707,US-2022-102949,2022-09-10,2022-09-16,First Class,Mary Davis,Home Office,Chairs Item 588,Furniture,Chairs,2775.18,6,0.15,144.54,Orlando,Florida,South
708,US-2023-102022,2023-02-06,2023-02-07,Standard Class,Wei Jones,Home Office,Paper Item 998,Office Supplies,Paper,19.77,1,0.2,1.07,Raleigh,North Carolina,South
709,US-2022-102199,2022-10-28,2022-11-04,First Class,Mary Davis,Corporate,Labels Item 876,Office Supplies,Labels,70.56,8,0.2,-3.85,Newark,New Jersey,East
710,US-2023-102660,2023-11-22,2023-11-23,Second Class,Carlos Smith,Home Office,Binders Item 866,Office Supplies,Binders,11.14,1,0.3,-0.71,Ann Arbor,Michigan,Central
711,US-2023-101172,2023-11-02,2023-12-04,Second Class,Jennifer Johnson,Home Office,Binders Item 459,Office Supplies,Binders,15.14,2,0.0,3.35,Austin,Texas,Central
712,US-2024-102526,2024-04-29,2024-05-02,First Class,Michael Patel,Consumer,Labels Item 114,Office Supplies,Labels,26.16,4,0.1,5.26,Tampa,Florida,South
713,US-2022-100558,2022-12-11,2022-12-18,Second Class,Mary Garcia,Corporate,Tables Item 668,Furniture,Tables,1723.05,3,0.1,268.83,Worcester,Massachusetts,East
714,US-2024-101131,2024-08-05,2024-08-10,First Class,Robert Thomas,Consumer,Storage Item 646,Office Supplies,Storage,474.51,3,0.1,76.1,New York City,New York,East
715,US-2024-100834,2024-04-14,2024-04-20,Second Class,Mary Brown,Corporate,Paper Item 449,Office Supplies,Paper,39.68,4,0.2,4.61,Nashville,Tennessee,South
716,US-2023-101500,2023-09-16,2023-09-20,Standard Class,Wei Brown,Home Office,Accessories Item 725,Technology,Accessories,253.05,5,0.15,40.31,New York City,New York,East
717,US-2022-100524,2022-08-27,2022-08-29,Second Class,Linda Taylor,Corporate,Paper Item 582,Office Supplies,Paper,86.8,8,0.1,3.9,Buffalo,New York,East
718,US-2022-101014,2022-10-18,2022-10-23,Second Class,David Garcia,Corporate,Storage Item 796,Office Supplies,Storage,$1051.4,7,0.0,364.06,Springfield,Illinois,Central
719,US-2024-100796,2024-06-29,2024-06-30,First Class,Mary Taylor,Corporate,Binders Item 840,Office Supplies,Binders,212.35,5,0.0,73.95,Detroit,Michigan,Central
720,US-2023-102211,2023-11-30,2023-12-02,Same Day,Linda Jones,Consumer,Printers Item 278,Technology,Printers,393.54,3,0.2,47.75,Albany,New York,East
721,US-2023-100933,2023-12-12,2023-04-14,Same Day,Fatima Martinez,Consumer,Paper Item 649,Office Supplies,Paper,197.1,5,0.0,66.52,Seattle,Washington,West
722,US-2024-102049,2024-11-02,2024-02-04,Standard Class,Aiden Anderson,Home Office,Paper Item 768,Office Supplies,Paper,12.6,5,0.0,2.1,Albany,New York,East
723,US-2024-101547,2024-05-08,2024-05-13,Second Class,Carlos Thomas,Home Office,Binders Item 406,Office Supplies,Binders,154.5,6,0.5,-35.85,Orlando,Florida,South
724,US-2024-101445,2024-12-23,2024-12-25,Standard Class,Robert Chen,Corporate,Chairs Item 353,Furniture,Chairs,1250.37,3,0.15,190.26,Reno,Nevada,West
725,US-2024-102166,2024-06-11,2024-06-14,Standard Class,Patricia Torres,Corporate,Bookcases Item 642,Furniture,Bookcases,507.62,2,0.2,-22.11,Worcester,Massachusetts,East
726,US-2022-102256,2022-06-23,2022-06-29,First Class,Richard Kim,Consumer,Paper Item 795,Office Supplies,Paper,8.63,1,0.15,0.68,Spokane,Washington,West
727,US-2023-100331,2023-11-08,2023-10-13,First Class,Mary Rodriguez,Corporate,Labels Item 882,Office Supplies,Labels,$81.52,8,0.4,-7.56,Jersey City,New Jersey,East
728,US-2023-103301,2023-03-20,2023-03-24,First Class,David Johnson,Home Office,Paper Item 662,Office Supplies,Paper,133.62,6,0.1,21.28,Eugene,Oregon,West
729,US-2022-102323,2022-11-06,2022-11-09,First Class,Sarah Miller,Home Office,Art Item 953,Office Supplies,Art,405.16,7,0.4,-57.37,Newark,New Jersey,East
730,US-2022-103388,2022-03-31,2022-04-04,Standard Class,Carlos Williams,Corporate,Printers Item 892,Technology,Printers,2428.08,8,0.15,103.08,Las Vegas,Nevada,West
731,US-2024-100454,2024-11-25,2024-08-26,First Class,Priya Kim,Consumer,Paper Item 603,Office Supplies,Paper,165.3,5,0.0,36.1,Atlanta,Georgia,South
732,US-2024-100247,2024-05-04,2024-05-10,First Class,David Wilson,Consumer,Storage Item 635,Office Supplies,Storage,530.56,8,0.15,12.0,Pittsburgh,Pennsylvania,East
733,US-2023-103281,2023-05-13,2023-05-14,Standard Class,Jennifer Singh,Consumer,Art Item 363,Office Supplies,Art,138.06,6,0.15,6.86,New York City,New York,East
734,US-2023-100593,2023-12-06,2023-03-10,Second Class,Wei Davis,Home Office,Paper Item 904,Office Supplies,Paper,23.6,4,0.2,2.77,Las Vegas,Nevada,West
735,US-2024-101276,2024-01-09,2024-01-16,Same Day,Aiden Williams,Home Office,Accessories Item 734,Technology,Accessories,58.83,1,0.15,0.42,Pittsburgh,Pennsylvania,East
736,US-2024-102887,2024-08-17,2024-08-24,Same Day,Jessica Lee,Home Office,Chairs Item 107,Furniture,Chairs,1212.05,7,0.5,-310.43,Reno,Nevada,West
737,US-2024-101839,2024-11-09,2024-11-10,First Class,Michael Kim,Home Office,Art Item 754,Office Supplies,Art,144.08,8,0.0,32.55,Savannah,Georgia,South
738,US-2023-102064,2023-12-06,2023-12-09,Same Day,Linda Davis,Home Office,Furnishings Item 290,Furniture,Furnishings,528.96,3,0.15,92.14,Cleveland,Ohio,Central
739,US-2023-101104,2023-09-08,2023-09-10,Same Day,Fatima Smith,Corporate,Phones Item 161,Technology,Phones,1440.12,4,0.0,463.24,Spokane,Washington,West
740,US-2022-100948,2022-02-17,2022-02-19,Standard Class,William Smith,Corporate,Tables Item 505,Furniture,Tables,2720.35,5,0.0,806.89,Savannah,Georgia,South
741,US-2023-101364,2023-12-21,2023-11-27,First Class,Richard Rodriguez,Consumer,Paper Item 506,Office Supplies,Paper,13.5,3,0.2,-0.33,Cleveland,Ohio,Central
742,US-2024-102679,2024-01-18,2024-01-24,Second Class,Robert Torres,Corporate,Paper Item 307,Office Supplies,Paper,42.15,5,0.1,9.93,Houston,Texas,Central
743,US-2023-102480,2023-02-01,2023-02-04,Standard Class,Patricia Lee,Consumer,Storage Item 516,Office Supplies,Storage,395.92,8,0.0,118.73,Boston,Massachusetts,East
744,US-2022-101290,2022-09-21,2022-09-24,Standard Class,Elizabeth Thomas,Home Office,Storage Item 538,Office Supplies,Storage,406.0,5,0.0,113.5,Ann Arbor,Michigan,Central
745,US-2024-102696,2024-05-22,2024-05-28,Standard Class,Mary Kim,Corporate,Binders Item 929,Office Supplies,Binders,76.65,7,0.3,-5.07,New York City,New York,East
746,US-2024-100793,2024-12-18,2024-06-25,Standard Class,David Wilson,Consumer,Paper Item 751,Office Supplies,Paper,197.7,5,0.3,-30.19,Ann Arbor,Michigan,Central
747,US-2024-102215,2024-09-14,2024-09-19,Standard Class,Amara Lee,Corporate,Accessories Item 927,Technology,Accessories,210.36,6,0.1,41.97,Seattle,Washington,West
748,US-2024-100476,2024-08-20,2024-08-24,Second Class,Fatima Walker,Consumer,Labels Item 500,Office Supplies,Labels,126.48,8,0.15,14.93,Ann Arbor,Michigan,Central
749,US-2024-101428,2024-05-13,2024-05-20,Standard Class,Wei Khan,Consumer,Phones Item 105,Technology,Phones,226.35,1,0.15,19.51,Houston,Texas,Central
750,US-2023-100638,2023-08-25,2023-08-30,Second Class,Wei Lee,Home Office,Furnishings Item 997,Furniture,Furnishings,261.04,2,0.2,-12.79,Nashville,Tennessee,South
751,US-2023-101300,2023-12-21,2023-03-26,Second Class,Robert Chen,Corporate,Tables Item 286,Furniture,Tables,1309.68,4,0.1,87.44,Atlanta,Georgia,South
752,US-2023-102537,2023-04-03,2023-04-08,First Class,Patricia Thomas,Home Office,Printers Item 100,Technology,Printers,2325.47,7,0.0,388.54,Pittsburgh,Pennsylvania,East
753,US-2023-101270,2023-08-15,2023-08-22,Standard Class,Jessica Torres,Consumer,Storage Item 138,Office Supplies,Storage,617.52,4,0.1,119.67,Tampa,Florida,South
754,US-2022-100545,2022-09-18,2022-09-22,Same Day,Carlos Walker,Home Office,Art Item 625,Office Supplies,Art,238.02,3,0.0,46.73,Memphis,Tennessee,South
755,US-2024-102724,2024-03-15,2024-03-19,Standard Class,Linda Rodriguez,Consumer,Accessories Item 110,Technology,Accessories,410.9,7,0.0,112.61,Austin,Texas,Central
756,US-2022-100744,2022-06-11,2022-06-16,Same Day,Fatima Rodriguez,Home Office,Paper Item 851,Office Supplies,Paper,17.05,1,0.15,2.12,Tampa,Florida,
757,US-2022-101543,2022-08-03,2022-08-05,Same Day,Joseph Williams,Corporate,Art Item 895,Office Supplies,Art,172.77,3,0.1,30.41,Austin,Texas,Central
758,US-2024-101294,2024-11-21,2024-11-27,Second Class,Robert Kim,Corporate,Phones Item 314,Technology,Phones,$611.49,3,0.1,107.94,Raleigh,North Carolina,South
759,US-2023-101071,2023-04-07,2023-04-11,Standard Class,Diego Singh,Consumer,Phones Item 876,Technology,Phones,764.3,1,0.15,71.2,Chicago,Illinois,Central
760,US-2024-100581,2024-01-08,2024-01-09,Standard Class,Wei Torres,Consumer,Accessories Item 390,Technology,Accessories,1004.88,8,0.0,176.63,Austin,Texas,Central
761,US-2022-101731,2022-06-09,2022-06-12,Same Day,Wei Davis,Corporate,Binders Item 600,Office Supplies,Binders,74.76,4,0.1,5.33,Boston,Massachusetts,East
762,US-2024-103097,2024-03-25,2024-03-28,First Class,Jennifer Anderson,Home Office,Printers Item 494,Technology,Printers,2435.15,5,0.15,420.05,Dallas,Texas,Central
763,US-2024-102846,2024-09-01,2024-09-03,First Class,Patricia Lee,Corporate,Furnishings Item 670,Furniture,Furnishings,220.68,3,0.1,15.75,Cleveland,Ohio,Central
764,US-2024-100740,2024-04-29,2024-05-05,Second Class,Amara Brown,Corporate,Storage Item 133,Office Supplies,Storage,813.0,5,0.3,-75.51,Worcester,Massachusetts,East
765,US-2023-103500,2023-09-01,2023-09-05,Standard Class,Robert Davis,Consumer,Phones Item 528,Technology,Phones,2046.1,5,0.2,111.11,Worcester,Massachusetts,East
766,US-2024-100775,2024-12-28,2024-09-02,Standard Class,Wei Thomas,Consumer,Paper Item 583,Office Supplies,Paper,3.65,1,0.15,0.41,Spokane,Washington,West
767,US-2022-101013,2022-12-27,2022-08-30,Standard Class,William Thomas,Home Office,Printers Item 933,Technology,Printers,1191.08,4,0.4,-283.44,Atlanta,Georgia,South
768,US-2023-103326,2023-03-13,2023-03-15,Same Day,Fatima Kim,Consumer,Phones Item 961,Technology,Phones,1732.64,8,,559.64,Atlanta,Georgia,South
769,US-2024-100895,2024-02-10,2024-02-17,Same Day,Linda Rodriguez,Consumer,Furnishings Item 496,Furniture,Furnishings,141.32,4,0.4,-26.33,Dallas,Texas,Central
770,US-2024-101613,2024-03-09,2024-03-13,Second Class,Richard Jones,Consumer,Labels Item 125,Office Supplies,Labels,46.48,8,0.3,-0.09,Spokane,Washington,West
771,US-2024-100158,2024-12-25,2024-07-02,Second Class,Priya Garcia,Consumer,Tables Item 243,Furniture,Tables,2306.34,3,0.4,-347.81,Spokane,Washington,West
772,US-2024-101009,2024-10-03,2024-10-04,First Class,Sarah Kim,Corporate,Furnishings Item 724,Furniture,Furnishings,199.78,2,0.1,43.94,Worcester,Massachusetts,East
773,US-2022-100813,2022-01-31,2022-02-07,Second Class,William Miller,Consumer,Labels Item 158,Office Supplies,Labels,6.03,1,0.5,-1.58,Spokane,Washington,West
774,US-2024-100797,2024-12-11,2024-12-15,Standard Class,Mei Davis,Home Office,Storage Item 255,Office Supplies,Storage,155.0,4,0.0,26.48,Charlotte,North Carolina,South
775,US-2022-101659,2022-01-08,2022-01-12,Second Class,Elizabeth Smith,Home Office,Labels Item 878,Office Supplies,Labels,105.04,8,0.1,4.31,San Francisco,California,West
776,US-2023-103417,2023-10-05,2023-10-07,Same Day,Michael Thomas,Corporate,Bookcases Item 972,Furniture,Bookcases,794.3,2,0.0,265.06,New York City,New York,East
777,US-2024-100449,2024-11-13,2024-11-14,First Class,Mei Taylor,Consumer,Furnishings Item 833,Furniture,Furnishings,524.52,6,0.15,86.16,Tampa,Florida,South
778,US-2022-102965,2022-10-25,2022-10-31,Same Day,Aiden Khan,Corporate,Binders Item 965,Office Supplies,Binders,114.09,3,0.0,37.48,Worcester,Massachusetts,East
779,US-2024-101126,2024-01-07,2024-01-11,Standard Class,Fatima Davis,Corporate,Binders Item 841,Office Supplies,Binders,58.45,7,0.15,9.76,Buffalo,New York,East
780,US-2023-103181,2023-04-07,2023-04-14,Same Day,Mei Kim,Home Office,Bookcases Item 322,Furniture,Bookcases,120.24,1,0.4,-23.67,Springfield,Illinois,Central
781,US-2023-102585,2023-12-23,2023-12-25,Standard Class,William Rodriguez,Consumer,Art Item 358,Office Supplies,Art,20.27,1,0.3,-0.53,Reno,Nevada,West
782,US-2024-102525,2024-11-18,2024-11-21,First Class,Mei Thomas,Consumer,Art Item 595,Office Supplies,Art,120.32,4,0.15,10.69,Raleigh,North Carolina,South
783,US-2023-102520,2023-12-14,2023-12-17,First Class,Joseph Torres,Corporate,Labels Item 545,Office Supplies,Labels,93.7,5,0.0,31.34,Savannah,Georgia,South
784,US-2023-101944,2023-05-08,2023-05-14,Second Class,Mei Miller,Consumer,Binders Item 317,Office Supplies,Binders,276.2,5,0.15,30.96,Savannah,Georgia,South
785,US-2022-102966,2022-06-24,2022-06-29,Same Day,Robert Torres,Consumer,Furnishings Item 455,Furniture,Furnishings,266.56,7,0.2,-1.02,Ann Arbor,Michigan,Central
786,US-2022-103220,2022-03-06,2022-03-11,Standard Class,Elizabeth Lee,Consumer,Chairs Item 554,Furniture,Chairs,924.0,8,0.2,33.18,Springfield,Illinois,Central
787,US-2023-101251,2023-07-01,2023-07-05,Second Class,William Thomas,Home Office,Binders Item 915,Office Supplies,Binders,250.85,5,0.3,-6.8,Pittsburgh,Pennsylvania,East
788,US-2024-101221,2024-03-30,2024-04-04,First Class,Jennifer Johnson,Home Office,Laptops Item 685,Technology,Laptops,2793.36,2,0.0,721.64,Buffalo,New York,East
789,US-2023-100367,2023-08-12,2023-08-16,First Class,Carlos Rodriguez,Home Office,Phones Item 688,Technology,Phones,5191.2,8,0.2,179.68,Philadelphia,Pennsylvania,East
790,US-2022-100473,2022-07-17,2022-07-24,Standard Class,Jennifer Martinez,Corporate,Storage Item 911,Office Supplies,Storage,159.57,3,0.0,24.29,Spokane,Washington,West
791,US-2023-102766,2023-11-28,2023-01-29,Standard Class,Robert Singh,Corporate,Phones Item 886,Technology,Phones,1118.14,2,0.4,-294.42,Worcester,Massachusetts,East
792,US-2022-103154,2022-08-20,2022-08-27,First Class,Susan Ali,Corporate,Storage Item 911,Office Supplies,Storage,676.8,8,0.0,151.24,Raleigh,North Carolina,South
793,US-2022-101602,2022-01-18,2022-01-23,Standard Class,Joseph Patel,Corporate,Accessories Item 297,Technology,Accessories,74.28,2,0.0,23.9,Ann Arbor,Michigan,Central
794,US-2022-100736,2022-12-27,2022-12-31,Same Day,Michael Lee,Consumer,Furnishings Item 666,Furniture,Furnishings,902.46,6,0.0,268.65,Memphis,Tennessee,South
795,US-2024-102801,2024-05-16,2024-05-20,First Class,Wei Davis,Home Office,Binders Item 900,Office Supplies,Binders,146.24,8,0.1,15.08,Houston,Texas,Central
796,US-2023-100777,2023-06-04,2023-06-07,Same Day,Diego Kim,Corporate,Labels Item 408,Office Supplies,Labels,104.2,5,0.15,16.86,Ann Arbor,Michigan,Central
797,US-2022-102345,2022-10-10,2022-10-15,Same Day,David Anderson,Home Office,Printers Item 171,Technology,Printers,363.01,1,0.15,65.4,Atlanta,Georgia,South
798,US-2022-100377,2022-04-05,2022-04-06,First Class,Richard Brown,Home Office,Binders Item 876,Office Supplies,Binders,232.68,6,0.1,24.89,Austin,Texas,Central
799,US-2024-102501,2024-05-24,2024-05-28,Same Day,William Singh,Home Office,Art Item 382,Office Supplies,Art,207.12,6,0.1,27.9,Raleigh,North Carolina,South
800,US-2022-102089,2022-10-06,2022-10-07,Same Day,Mary Anderson,Home Office,Printers Item 400,Technology,Printers,3064.08,8,0.0,957.51,Pittsburgh,Pennsylvania,East
801,US-2023-103141,2023-11-24,2023-10-29,Same Day,Mary Ali,Corporate,Accessories Item 299,Technology,Accessories,754.56,6,0.3,-50.91,Columbus,Ohio,Central
802,US-2024-100443,2024-11-22,2024-07-24,Second Class,James Singh,Corporate,Binders Item 286,Office Supplies,Binders,145.8,3,0.1,11.04,Raleigh,North Carolina,South
803,US-2024-102360,2024-12-17,2024-01-22,Second Class,Jennifer Chen,Corporate,Bookcases Item 854,Furniture,Bookcases,1749.3,5,0.15,295.87,Philadelphia,Pennsylvania,East
804,US-2024-102025,2024-02-28,2024-03-05,Same Day,Mary Taylor,Corporate,Laptops Item 818,Technology,Laptops,9655.15,5,0.2,-286.7,Las Vegas,Nevada,West
805,US-2022-102889,2022-02-17,2022-02-20,Standard Class,William Singh,Consumer,Bookcases Item 179,Furniture,Bookcases,1874.36,4,0.15,26.65,Portland,Oregon,West
806,US-2024-103389,2024-12-12,2024-12-14,Second Class,Jessica Lee,Consumer,Furnishings Item 954,Furniture,Furnishings,757.84,4,0.15,57.36,Houston,Texas,Central
807,US-2022-102935,2022-11-28,2022-11-30,Same Day,Mary Khan,Corporate,Labels Item 794,Office Supplies,Labels,144.9,7,0.0,38.79,Newark,New Jersey,East
808,US-2024-102601,2024-09-07,2024-09-14,First Class,David Patel,Home Office,Labels Item 299,Office Supplies,Labels,63.0,7,0.5,-12.81,Detroit,Michigan,Central
809,US-2024-100518,2024-12-07,2024-12-11,First Class,Linda Torres,Consumer,Laptops Item 664,Technology,Laptops,2692.6,5,0.3,-109.7,Reno,Nevada,West
810,US-2022-102209,2022-12-23,2022-08-29,Same Day,Mary Wilson,Consumer,Laptops Item 665,Technology,Laptops,6886.8,6,0.2,-449.01,Las Vegas,Nevada,West
811,US-2024-101368,2024-11-23,2024-11-27,Same Day,Jessica Martinez,Home Office,Labels Item 230,Office Supplies,Labels,23.68,1,0.0,7.27,Miami,Florida,South
812,US-2022-101175,2022-01-16,2022-01-19,Same Day,Amara Rodriguez,Consumer,Storage Item 963,Office Supplies,Storage,748.98,6,0.1,31.48,Portland,Oregon,West
813,US-2023-100231,2023-04-19,2023-04-23,First Class,Fatima Patel,Corporate,Binders Item 151,Office Supplies,Binders,19.4,2,0.4,-3.11,Atlanta,Georgia,South
814,US-2022-103392,2022-03-06,2022-03-07,Standard Class,Mary Kim,Corporate,Bookcases Item 522,Furniture,Bookcases,391.94,1,0.15,18.89,Newark,New Jersey,East
815,US-2023-103085,2023-07-02,2023-07-09,First Class,David Lee,Home Office,Laptops Item 761,Technology,Laptops,4005.36,8,0.2,-166.48,Raleigh,North Carolina,South
816,US-2023-101216,2023-12-01,2023-12-02,First Class,Wei Davis,Corporate,Laptops Item 642,Technology,Laptops,10397.1,7,0.0,3278.64,San Diego,California,West
817,US-2022-100090,2022-12-25,2022-12-29,Second Class,Patricia Taylor,Corporate,Labels Item 906,Office Supplies,Labels,23.54,1,0.4,-6.18,San Diego,California,West
818,US-2023-101436,2023-11-27,2023-11-29,Same Day,Carlos Nguyen,Home Office,Chairs Item 718,Furniture,Chairs,453.4,1,0.2,54.09,Atlanta,Georgia,South
819,US-2024-100182,2024-02-24,2024-02-26,Same Day,Elizabeth Khan,Home Office,Furnishings Item 916,Furniture,Furnishings,125.4,1,0.0,32.49,Worcester,Massachusetts,East
820,US-2022-100010,2022-04-11,2022-04-16,Same Day,Jennifer Khan,Consumer,Art Item 721,Office Supplies,Art,187.0,5,0.0,38.94,Columbus,Ohio,Central
821,US-2022-103251,2022-12-19,2022-12-22,Standard Class,Carlos Khan,Home Office,Furnishings Item 197,Furniture,Furnishings,265.08,4,0.2,-14.31,Jersey City,New Jersey,East
822,US-2022-101509,2022-08-09,2022-08-11,Second Class,Linda Patel,Consumer,Phones Item 122,Technology,Phones,2098.56,3,0.0,484.57,Philadelphia,Pennsylvania,East
823,US-2023-100116,2023-07-17,2023-07-22,First Class,David Smith,Home Office,Printers Item 932,Technology,Printers,$493.3,1,0.0,123.59,Nashville,Tennessee,South
824,US-2024-100945,2024-06-16,2024-06-19,Standard Class,Wei Martinez,Consumer,Accessories Item 867,Technology,Accessories,558.5,5,0.1,133.13,Miami,Florida,South
825,US-2022-101546,2022-06-03,2022-06-08,Second Class,Susan Garcia,Home Office,Phones Item 555,Technology,Phones,$2438.45,5,0.0,832.77,Charlotte,North Carolina,South
826,US-2022-100759,2022-05-23,2022-05-27,Standard Class,John Thomas,Home Office,Phones Item 408,Technology,Phones,3813.66,6,0.15,627.75,Springfield,Illinois,Central
827,US-2023-101686,12/22/2023,2023-04-23,First Class,Richard Brown,Consumer,Accessories Item 955,Technology,Accessories,284.34,7,0.15,29.59,Springfield,Illinois,Central
828,US-2022-101640,2022-09-18,2022-09-23,Same Day,Sarah Williams,Corporate,Phones Item 191,Technology,Phones,1200.66,3,0.0,370.18,Pittsburgh,Pennsylvania,East
829,US-2024-100184,2024-08-24,2024-08-29,First Class,Amara Jones,Consumer,Accessories Item 263,Technology,Accessories,144.57,1,0.2,16.06,Portland,Oregon,West
830,US-2022-101509,2022-08-09,2022-08-11,Second Class,Linda Patel,Consumer,Phones Item 122,Technology,Phones,2098.56,3,0.0,484.57,Philadelphia,Pennsylvania,East
831,US-2022-101510,2022-12-09,2022-09-15,Same Day,Amara Miller,Corporate,Furnishings Item 935,Furniture,Furnishings,71.44,2,0.2,6.2,Pittsburgh,Pennsylvania,East
832,US-2024-103458,2024-10-02,2024-10-04,Second Class,Michael Lee,Consumer,Furnishings Item 112,Furniture,Furnishings,261.39,3,0.15,5.11,Ann Arbor,Michigan,Central
833,US-2022-100768,08/08/2022,2022-08-14,Standard Class,William Thomas,Consumer,Labels Item 571,Office Supplies,Labels,23.02,2,0.0,4.01,Savannah,Georgia,South
834,US-2023-100817,2023-03-08,2023-03-09,First Class,Michael Miller,Consumer,Laptops Item 340,Technology,Laptops,6387.36,4,0.0,1974.27,Charlotte,North Carolina,South
835,US-2024-102788,2024-03-08,2024-03-11,First Class,Carlos Williams,Consumer,Phones Item 267,Technology,Phones,3177.55,5,0.2,-140.86,Austin,Texas,Central
836,US-2023-102313,2023-07-24,2023-07-29,Standard Class,Jennifer Johnson,Consumer,Furnishings Item 374,Furniture,Furnishings,237.36,1,0.5,-62.54,Los Angeles,California,West
837,US-2023-100835,2023-02-10,2023-02-12,Same Day,Jessica Davis,Consumer,Tables Item 223,Furniture,Tables,1544.72,8,0.15,229.38,Houston,Texas,Central
838,US-2023-100668,2023-05-07,2023-05-08,Second Class,John Walker,Consumer,Binders Item 186,Office Supplies,Binders,117.12,2,0.0,32.8,Eugene,Oregon,West
839,US-2023-101675,2023-12-16,2023-04-20,Standard Class,David Johnson,Consumer,Bookcases Item 598,Furniture,Bookcases,2196.56,8,0.1,193.96,Las Vegas,Nevada,West
840,US-2024-102749,2024-01-02,2024-01-06,Same Day,Linda Walker,Home Office,Paper Item 187,Office Supplies,Paper,96.04,4,0.15,15.64,Las Vegas,Nevada,West
841,US-2023-100137,2023-09-07,2023-09-08,Standard Class,Richard Brown,Corporate,Furnishings Item 763,Furniture,Furnishings,1755.44,8,0.0,583.94,Jersey City,New Jersey,East
842,US-2023-101201,2023-07-22,2023-07-27,Second Class,Wei Williams,Corporate,Labels Item 936,Office Supplies,Labels,39.32,4,0.0,6.46,San Francisco,California,West
843,US-2024-101894,2024-02-15,2024-02-16,Second Class,Jessica Torres,Consumer,Laptops Item 850,Technology,Laptops,8630.04,6,0.0,2095.34,Philadelphia,Pennsylvania,East
844,US-2024-102601,2024-11-07,2024-09-14,First Class,David Patel,Home Office,Labels Item 299,Office Supplies,Labels,63.0,7,0.5,-12.81,Detroit,Michigan,Central
845,US-2022-100710,2022-11-21,2022-10-25,Standard Class,David Lee,Corporate,Laptops Item 155,Technology,Laptops,2427.92,2,0.5,-517.69,Philadelphia,Pennsylvania,East
846,US-2024-101905,2024-08-23,2024-08-29,Second Class,Amara Brown,Consumer,Art Item 380,Office Supplies,Art,26.34,3,0.1,1.33,Buffalo,New York,East
847,US-2023-102685,2023-12-19,2023-12-25,First Class,Amara Ali,Consumer,Accessories Item 857,Technology,Accessories,590.5,5,0.0,108.71,Raleigh,North Carolina,South
848,US-2023-102319,2023-05-10,2023-05-13,Second Class,Priya Davis,Corporate,Storage Item 723,Office Supplies,Storage,151.66,2,0.5,-40.57,Memphis,Tennessee,South
849,US-2022-102587,2022-06-30,2022-07-04,Standard Class,Sarah Khan,Home Office,Printers Item 827,Technology,Printers,363.68,4,0.1,17.05,Boston,Massachusetts,East
850,US-2023-100830,2023-12-04,2023-10-09,First Class,Aiden Thomas,Corporate,Binders Item 950,Office Supplies,Binders,51.26,2,0.15,3.82,Portland,Oregon,West
851,US-2023-102832,2023-06-03,2023-06-06,Same Day,Joseph Brown,Consumer,Laptops Item 424,Technology,Laptops,13041.91,7,,1313.99,Orlando,Florida,South
852,US-2023-101815,2023-05-19,2023-05-21,Second Class,Diego Wilson,Corporate,Phones Item 740,Technology,Phones,5211.15,7,0.2,289.04,Seattle,Washington,West
853,US-2022-103130,2022-07-11,2022-07-17,Standard Class,Michael Rodriguez,Consumer,Phones Item 635,Technology,Phones,6217.76,8,0.5,-2219.16,Memphis,Tennessee,South
854,US-2023-102677,2023-07-10,2023-07-12,Same Day,Patricia Taylor,Corporate,Phones Item 867,Technology,Phones,1462.52,4,0.0,376.81,Reno,Nevada,West
855,US-2024-102468,2024-12-10,2024-12-17,First Class,Carlos Thomas,Home Office,Chairs Item 244,Furniture,Chairs,2201.44,8,0.0,485.04,Philadelphia,Pennsylvania,East
856,US-2022-101817,2022-03-12,2022-03-15,First Class,Priya Patel,Home Office,Accessories Item 615,Technology,Accessories,74.17,1,0.0,16.34,Orlando,Florida,South
857,US-2022-100046,2022-12-26,2022-10-01,Same Day,Michael Taylor,Consumer,Labels Item 285,Office Supplies,Labels,4.75,1,0.15,0.61,Austin,Texas,Central
858,US-2023-103492,2023-12-14,2023-12-15,Standard Class,Carlos Johnson,Home Office,Phones Item 116,Technology,Phones,1702.24,2,0.1,352.35,Los Angeles,California,West
859,US-2023-102282,2023-06-24,2023-06-29,Standard Class,Wei Smith,Corporate,Chairs Item 639,Furniture,Chairs,2235.45,5,0.1,111.42,Columbus,Ohio,Central
860,US-2022-101534,2022-09-01,2022-09-06,Same Day,Carlos Walker,Consumer,Art Item 403,Office Supplies,Art,30.65,5,0.2,3.77,Memphis,Tennessee,South
861,US-2022-101910,2022-11-26,2022-02-27,Same Day,Linda Miller,Home Office,Binders Item 716,Office Supplies,Binders,149.34,3,0.0,36.66,Los Angeles,California,West
862,US-2022-101315,2022-01-18,2022-01-23,First Class,Susan Thomas,Consumer,Printers Item 710,Technology,Printers,1010.34,3,0.4,-214.67,San Francisco,California,West
863,US-2023-102840,2023-12-24,2023-12-25,Second Class,Carlos Martinez,Consumer,Paper Item 849,Office Supplies,Paper,116.24,4,0.5,-42.41,Nashville,Tennessee,South
864,US-2023-103145,2023-11-25,2023-11-30,Standard Class,Wei Miller,Corporate,Bookcases Item 642,Furniture,Bookcases,4075.74,6,0.2,83.32,Reno,Nevada,West
865,US-2024-101973,2024-03-19,2024-03-23,Same Day,Linda Taylor,Consumer,Storage Item 504,Office Supplies,Storage,201.3,6,0.0,30.86,Albany,New York,East
866,US-2024-103377,2024-12-25,2024-06-26,Second Class,William Williams,Consumer,Labels Item 670,Office Supplies,Labels,72.0,8,0.5,-27.56,Boston,Massachusetts,East
867,US-2023-101322,2023-09-24,2023-09-29,Standard Class,Joseph Garcia,Corporate,Art Item 704,Office Supplies,Art,381.84,6,0.1,64.47,Ann Arbor,Michigan,Central
868,US-2023-101512,2023-06-14,2023-06-21,Same Day,Jennifer Johnson,Consumer,Laptops Item 129,Technology,Laptops,6535.2,4,0.2,-22.93,Chicago,Illinois,Central
869,US-2022-102923,2022-05-07,2022-05-13,Standard Class,Mei Ali,Consumer,Bookcases Item 384,Furniture,Bookcases,1864.77,3,0.0,367.91,Memphis,Tennessee,South
870,US-2024-103166,2024-11-24,2024-06-27,Second Class,Amara Jones,Home Office,Furnishings Item 960,Furniture,Furnishings,57.28,2,0.0,16.81,Austin,Texas,Central
871,US-2024-101969,2024-10-05,2024-10-07,Second Class,,Home Office,Paper Item 122,Office Supplies,Paper,142.8,8,0.3,-21.13,Seattle,Washington,West
872,US-2024-102968,2024-04-10,2024-04-15,Standard Class,Richard Singh,Corporate,Phones Item 499,Technology,Phones,1326.12,3,0.1,247.35,Charlotte,North Carolina,South
873,US-2022-100447,2022-08-28,2022-08-31,Standard Class,Aiden Davis,Home Office,Binders Item 961,Office Supplies,Binders,150.96,3,0.15,9.73,Charlotte,North Carolina,South
874,US-2022-101040,2022-12-08,2022-12-09,Second Class,Mary Davis,Corporate,Binders Item 559,Office Supplies,Binders,473.12,8,0.0,144.02,Springfield,Illinois,Central
875,US-2023-103406,2023-06-16,2023-06-18,Standard Class,Amara Nguyen,Home Office,Paper Item 229,Office Supplies,Paper,125.64,4,0.0,20.15,Columbus,Ohio,Central
876,US-2023-100231,2023-04-19,2023-04-23,First Class,Fatima Patel,Corporate,Binders Item 151,Office Supplies,Binders,19.4,2,0.4,-3.11,Atlanta,Georgia,South
877,US-2024-103184,2024-11-04,2024-05-08,Second Class,Patricia Thomas,Consumer,Phones Item 408,Technology,Phones,2087.9,5,0.2,-77.56,Eugene,Oregon,West
878,US-2023-101828,2023-07-10,2023-07-14,Standard Class,William Lee,Home Office,Storage Item 538,Office Supplies,Storage,144.48,7,0.0,27.58,Spokane,Washington,West
879,US-2024-100696,2024-09-08,2024-09-09,Same Day,Carlos Patel,Corporate,Printers Item 289,Technology,Printers,1216.5,6,0.0,200.36,Savannah,Georgia,South
880,US-2022-101097,2022-07-14,2022-07-15,Second Class,Patricia Taylor,Home Office,Printers Item 555,Technology,Printers,1715.12,4,0.15,166.52,Orlando,Florida,South
881,US-2023-100481,2023-11-27,2023-11-29,First Class,Joseph Jones,Corporate,Storage Item 306,Office Supplies,Storage,242.56,8,0.1,38.96,Tampa,Florida,South
882,US-2024-101356,2024-02-11,2024-02-14,Same Day,Sarah Patel,Home Office,Labels Item 924,Office Supplies,Labels,59.34,3,0.4,-11.06,Miami,Florida,South
883,US-2022-103071,2022-01-02,2022-01-06,Standard Class,Richard Smith,Corporate,Tables Item 689,Furniture,Tables,3784.8,8,0.2,8.83,Memphis,Tennessee,South
884,US-2023-103062,2023-12-28,2023-02-04,Second Class,Linda Ali,Home Office,Labels Item 913,Office Supplies,Labels,12.54,6,0.3,0.25,Austin,Texas,Central
885,US-2023-102119,2023-05-06,2023-05-09,First Class,Aiden Brown,Home Office,Storage Item 462,Office Supplies,Storage,127.6,5,0.15,17.65,Memphis,Tennessee,South
886,US-2022-100233,2022-07-10,2022-07-13,First Class,Michael Singh,Consumer,Labels Item 510,Office Supplies,Labels,120.65,5,0.3,-12.67,Worcester,Massachusetts,East
887,US-2024-101658,2024-06-15,2024-06-18,Second Class,David Wilson,Home Office,Binders Item 269,Office Supplies,Binders,30.82,2,0.0,8.7,Ann Arbor,Michigan,Central
888,US-2022-102880,2022-08-04,2022-08-10,Standard Class,Carlos Patel,Corporate,Chairs Item 989,Furniture,Chairs,252.62,1,0.15,11.89,Memphis,Tennessee,South
889,US-2022-103187,2022-12-11,2022-11-14,Same Day,Michael Singh,Consumer,Accessories Item 258,Technology,Accessories,986.79,7,0.1,219.5,San Francisco,California,West
890,US-2023-103340,2023-04-08,2023-04-13,Same Day,Susan Garcia,Corporate,Furnishings Item 854,Furniture,Furnishings,443.16,3,0.15,40.11,Portland,Oregon,West
891,US-2022-102052,2022-06-04,2022-06-11,First Class,Joseph Smith,Consumer,Laptops Item 795,Technology,Laptops,9706.62,7,0.15,193.45,Atlanta,Georgia,South
892,US-2022-100929,2022-05-13,2022-05-16,Second Class,Jessica Kim,Consumer,Furnishings Item 329,Furniture,Furnishings,193.66,1,0.15,14.93,Newark,New Jersey,East
893,US-2024-101395,2024-01-05,2024-01-09,Second Class,Susan Davis,Consumer,Paper Item 409,Office Supplies,Paper,267.05,7,0.3,5.06,Philadelphia,Pennsylvania,East
894,US-2024-102898,2024-12-03,2024-12-04,Standard Class,Priya Davis,Consumer,Accessories Item 871,Technology,Accessories,160.8,2,0.4,-21.06,Las Vegas,Nevada,West
895,US-2022-100496,2022-04-17,2022-04-23,Second Class,Robert Martinez,Home Office,Bookcases Item 239,Furniture,Bookcases,4605.12,8,0.15,570.76,Boston,Massachusetts,East
896,US-2024-102226,2024-09-02,2024-09-03,Same Day,Sarah Kim,Corporate,Laptops Item 549,Technology,Laptops,8092.14,7,0.2,369.58,Newark,New Jersey,East
897,US-2024-103240,2024-12-17,2024-12-19,Second Class,John Johnson,Consumer,Art Item 759,Office Supplies,Art,133.83,3,0.0,23.47,Raleigh,North Carolina,South
898,US-2024-100851,2024-09-17,2024-09-24,Same Day,Jessica Walker,Home Office,Furnishings Item 340,Furniture,Furnishings,726.42,3,0.2,11.99,Charlotte,North Carolina,South
899,US-2024-103242,2024-05-15,2024-05-19,First Class,Robert Lee,Consumer,Labels Item 965,Office Supplies,Labels,48.96,3,0.0,7.44,Austin,Texas,Central
900,US-2023-102791,2023-03-21,2023-03-28,Second Class,Amara Miller,Consumer,Laptops Item 848,Technology,Laptops,2831.46,6,0.15,162.69,Charlotte,North Carolina,South
901,US-2022-100848,2022-03-21,2022-03-25,First Class,Susan Davis,Home Office,Furnishings Item 697,Furniture,Furnishings,418.12,4,0.2,-23.57,Seattle,Washington,West
902,US-2022-100348,2022-03-02,2022-03-07,First Class,John Chen,Consumer,Storage Item 449,Office Supplies,Storage,253.68,7,0.3,-14.68,Springfield,Illinois,Central
903,US-2023-102757,2023-12-11,2023-12-14,First Class,Elizabeth Davis,Consumer,Bookcases Item 789,Furniture,Bookcases,1853.94,3,0.0,540.47,Portland,Oregon,West
904,US-2024-103122,2024-03-18,2024-03-22,First Class,Amara Nguyen,Home Office,Art Item 404,Office Supplies,Art,229.05,5,0.3,-7.31,Boston,Massachusetts,East
905,US-2024-102560,2024-03-10,2024-03-17,Standard Class,Aiden Brown,Home Office,Laptops Item 428,Technology,Laptops,10584.0,6,0.0,2184.36,Springfield,Illinois,Central
906,US-2022-102348,2022-10-03,2022-10-05,Second Class,John Lee,Consumer,Printers Item 257,Technology,Printers,309.15,1,0.5,-69.25,Philadelphia,Pennsylvania,East
907,US-2024-101753,2024-02-28,2024-03-06,Standard Class,Priya Williams,Corporate,Furnishings Item 515,Furniture,Furnishings,452.78,2,0.2,24.69,San Francisco,California,West
908,US-2023-102497,2023-09-22,2023-09-26,Second Class,Diego Miller,Home Office,Storage Item 101,Office Supplies,Storage,625.6,8,0.0,174.98,Chicago,Illinois,Central
909,US-2024-103055,2024-12-08,2024-03-15,First Class,Patricia Kim,Corporate,Bookcases Item 561,Furniture,Bookcases,1209.06,6,0.3,10.58,Reno,Nevada,West
910,US-2024-102835,2024-11-04,2024-06-06,First Class,David Lee,Home Office,Labels Item 413,Office Supplies,Labels,6.58,2,0.2,0.52,San Diego,California,West
911,US-2022-103010,2022-04-10,2022-04-16,Standard Class,Fatima Ali,Corporate,Storage Item 206,Office Supplies,Storage,348.18,3,0.2,-18.14,Columbus,Ohio,Central
912,US-2024-100522,2024-09-23,2024-09-26,First Class,Elizabeth Brown,Corporate,Printers Item 189,Technology,Printers,1966.0,8,0.15,216.61,Las Vegas,Nevada,West
913,US-2023-101945,2023-11-09,2023-11-12,Second Class,Mei Taylor,Home Office,Printers Item 210,Technology,Printers,1222.53,3,0.0,281.97,Houston,Texas,Central
914,US-2022-100545,2022-12-18,2022-09-22,Same Day,Carlos Walker,Home Office,Art Item 625,Office Supplies,Art,238.02,3,0.0,46.73,Memphis,Tennessee,South
915,US-2023-102266,2023-01-02,2023-01-04,First Class,Carlos Martinez,Corporate,Laptops Item 122,Technology,Laptops,6186.88,7,0.0,1173.83,Philadelphia,Pennsylvania,East
916,US-2022-100479,2022-02-10,2022-02-15,First Class,David Lee,Corporate,Accessories Item 773,Technology,Accessories,165.3,2,0.0,26.35,Austin,Texas,Central
917,US-2024-101549,2024-11-04,2024-11-09,Second Class,Michael Williams,Corporate,Printers Item 328,Technology,Printers,2352.16,4,0.0,400.76,Boston,Massachusetts,East
918,US-2023-101382,2023-11-22,2023-04-23,Standard Class,David Garcia,Home Office,Printers Item 490,Technology,Printers,1224.24,3,0.0,293.25,Newark,New Jersey,East
919,US-2024-102725,2024-12-18,2024-05-22,Standard Class,Carlos Anderson,Corporate,Storage Item 494,Office Supplies,Storage,347.37,3,0.0,60.83,Boston,Massachusetts,East
920,US-2022-102157,2022-04-08,2022-04-11,Second Class,Robert Lee,Corporate,Binders Item 231,Office Supplies,Binders,50.45,5,0.1,10.85,Columbus,Ohio,Central
921,US-2023-100954,2023-12-15,2023-12-16,First Class,Diego Smith,Consumer,Phones Item 773,Technology,Phones,868.56,1,0.2,3.12,Pittsburgh,Pennsylvania,East
922,US-2023-102448,2023-01-14,2023-01-15,First Class,William Wilson,Corporate,Binders Item 402,Office Supplies,Binders,50.1,2,0.15,0.06,Buffalo,New York,East
923,US-2022-100805,2022-11-18,2022-09-25,First Class,Sarah Williams,Consumer,Furnishings Item 610,Furniture,Furnishings,147.5,2,0.15,13.72,Buffalo,New York,East
924,US-2024-100138,2024-12-04,2024-08-06,Same Day,Diego Wilson,Consumer,Tables Item 755,Furniture,Tables,3054.42,6,0.15,260.55,Seattle,Washington,West
925,US-2022-100515,2022-09-26,2022-09-29,Standard Class,Mei Smith,Home Office,Furnishings Item 304,Furniture,Furnishings,466.95,5,0.4,-58.0,Buffalo,New York,East
926,US-2023-100953,2023-02-15,2023-02-22,First Class,Diego Martinez,Consumer,Storage Item 293,Office Supplies,Storage,1223.68,8,0.15,31.2,Boston,Massachusetts,East
927,US-2024-103270,2024-01-31,2024-02-04,First Class,Robert Ali,Corporate,Bookcases Item 970,Furniture,Bookcases,1460.64,4,0.1,235.74,Savannah,Georgia,South
928,US-2022-101679,2022-10-11,2022-10-14,Second Class,John Kim,Home Office,Art Item 541,Office Supplies,Art,457.68,8,0.1,53.35,Boston,Massachusetts,East
929,US-2023-101196,2023-07-11,2023-07-16,Second Class,Aiden Davis,Home Office,Printers Item 962,Technology,Printers,1373.85,5,0.15,25.24,Albany,New York,East
930,US-2023-102532,2023-12-30,2024-01-03,Standard Class,Wei Thomas,Home Office,Phones Item 562,Technology,Phones,1580.34,3,0.3,-180.83,Ann Arbor,Michigan,Central
931,US-2022-102244,2022-11-11,2022-11-13,Second Class,Carlos Torres,Corporate,Storage Item 177,Office Supplies,Storage,117.96,6,0.1,13.09,Las Vegas,Nevada,West
932,US-2022-103014,2022-11-05,2022-11-07,First Class,James Taylor,Consumer,Laptops Item 385,Technology,Laptops,7898.32,4,0.2,-349.26,Cleveland,Ohio,Central
933,US-2023-100691,2023-08-30,2023-09-05,First Class,Joseph Williams,Consumer,Bookcases Item 275,Furniture,Bookcases,906.9,5,0.3,-92.31,Albany,New York,East
934,US-2023-100600,2023-09-27,2023-10-01,Same Day,Jessica Torres,Home Office,Tables Item 688,Furniture,Tables,2099.16,3,0.3,-323.23,Nashville,Tennessee,South
935,US-2023-102964,2023-12-19,2023-01-21,First Class,Mary Rodriguez,Consumer,Accessories Item 623,Technology,Accessories,831.25,7,0.5,-220.54,Miami,Florida,South
936,US-2024-100907,2024-11-06,2024-06-07,Second Class,Wei Smith,Corporate,Accessories Item 410,Technology,Accessories,94.22,2,0.3,-16.56,Ann Arbor,Michigan,Central
937,US-2022-101970,2022-08-14,2022-08-17,Same Day,Mary Rodriguez,Consumer,Storage Item 290,Office Supplies,Storage,139.86,3,0.0,32.68,Savannah,Georgia,South
938,US-2022-103334,2022-12-18,2022-07-22,Standard Class,Robert Kim,Home Office,Phones Item 121,Technology,Phones,1995.0,5,0.15,267.11,Jersey City,New Jersey,East
939,US-2024-101334,2024-12-19,2024-12-23,Second Class,Carlos Thomas,Consumer,Printers Item 574,Technology,Printers,1057.21,7,0.2,63.78,Austin,Texas,Central
940,US-2022-100187,2022-01-02,2022-01-05,Second Class,Linda Walker,Corporate,Laptops Item 834,Technology,Laptops,570.0,1,0.1,100.66,Miami,Florida,South
941,US-2024-100302,2024-04-23,2024-04-24,First Class,Wei Torres,Home Office,Accessories Item 689,Technology,Accessories,173.9,5,0.0,29.17,Reno,Nevada,West
942,US-2023-100592,2023-09-06,2023-09-09,First Class,Elizabeth Singh,Corporate,Labels Item 941,Office Supplies,Labels,82.75,5,0.0,27.84,Chicago,Illinois,Central
943,US-2023-101202,2023-11-16,2023-12-19,Same Day,James Singh,Home Office,Laptops Item 268,Technology,Laptops,5686.65,5,0.0,1206.95,Jersey City,New Jersey,East
944,US-2024-100053,2024-10-20,2024-10-25,Standard Class,Jessica Brown,Home Office,Printers Item 347,Technology,Printers,1103.86,2,0.0,220.62,Houston,Texas,Central
945,US-2023-103000,2023-11-13,2023-04-20,Second Class,Linda Miller,Home Office,Printers Item 655,Technology,Printers,332.35,1,0.2,-13.34,Houston,Texas,Central
946,US-2022-103423,2022-12-07,2022-06-13,First Class,Michael Johnson,Home Office,Furnishings Item 366,Furniture,Furnishings,$1375.02,6,0.0,259.5,Atlanta,Georgia,South
947,US-2024-103002,2024-12-29,2025-01-02,First Class,Elizabeth Miller,Home Office,Laptops Item 816,Technology,Laptops,15762.48,8,0.15,1696.41,Spokane,Washington,West
948,US-2024-101459,2024-07-03,2024-07-05,Standard Class,Jennifer Ali,Consumer,Storage Item 564,Office Supplies,Storage,1065.75,7,0.1,223.47,Savannah,Georgia,South
949,US-2023-103117,2023-07-30,2023-08-03,Second Class,Jessica Martinez,Corporate,Accessories Item 684,Technology,Accessories,87.57,1,0.0,16.19,Detroit,Michigan,Central
950,US-2023-101960,2023-12-28,2024-01-04,Second Class,,Consumer,Laptops Item 487,Technology,Laptops,12863.76,8,0.0,4001.74,Boston,Massachusetts,East
951,US-2024-100721,2024-06-01,2024-06-02,Same Day,Jessica Smith,Consumer,Tables Item 725,Furniture,Tables,5255.58,6,0.0,887.04,Pittsburgh,Pennsylvania,East
952,US-2023-100087,2023-07-10,2023-07-15,First Class,Mei Kim,Consumer,Storage Item 730,Office Supplies,Storage,877.92,8,0.0,171.46,Dallas,Texas,Central
953,US-2024-102493,2024-07-25,2024-07-28,First Class,Jennifer Williams,Home Office,Paper Item 885,Office Supplies,Paper,22.93,1,0.2,-0.9,San Diego,California,West
954,US-2024-101030,2024-08-21,2024-08-22,Same Day,Mei Kim,Home Office,Bookcases Item 522,Furniture,Bookcases,1934.4,4,0.1,288.39,Ann Arbor,Michigan,Central
955,US-2023-100600,2023-09-27,2023-10-01,Same Day,Jessica Torres,Home Office,Tables Item 688,Furniture,Tables,2099.16,3,0.3,-323.23,Nashville,Tennessee,South
956,US-2024-101541,2024-12-26,2024-03-31,Same Day,Michael Johnson,Corporate,Labels Item 874,Office Supplies,Labels,18.94,1,0.0,6.19,Newark,New Jersey,East
957,US-2023-100884,2023-05-21,2023-05-24,Second Class,Patricia Brown,Corporate,Accessories Item 154,Technology,Accessories,905.84,8,0.0,222.12,Seattle,Washington,West
958,US-2022-100483,2022-06-07,2022-06-13,First Class,James Thomas,Corporate,Printers Item 543,Technology,Printers,1610.84,7,0.0,356.21,Eugene,Oregon,West
959,US-2024-102444,2024-08-01,2024-08-02,First Class,Aiden Williams,Corporate,Printers Item 722,Technology,Printers,2066.56,8,0.0,592.64,Nashville,Tennessee,South
960,US-2023-103102,2023-02-06,2023-02-08,First Class,Joseph Torres,Consumer,Furnishings Item 569,Furniture,Furnishings,1389.66,6,0.1,236.31,Seattle,Washington,West
961,US-2024-101991,2024-08-24,2024-08-26,Standard Class,Amara Miller,Consumer,Tables Item 668,Furniture,Tables,765.89,1,0.1,154.04,Albany,New York,East
962,US-2023-101282,2023-11-12,2023-08-19,First Class,Robert Torres,Consumer,Accessories Item 298,Technology,Accessories,136.24,8,0.2,-7.55,Ann Arbor,Michigan,Central
963,US-2022-101532,2022-04-30,2022-05-04,First Class,John Smith,Consumer,Binders Item 957,Office Supplies,Binders,222.9,6,0.0,61.24,Houston,Texas,Central
964,US-2022-101324,2022-02-24,2022-03-03,Same Day,William Brown,Consumer,Phones Item 202,Technology,Phones,1735.2,2,0.0,433.94,San Diego,California,West
965,US-2023-100794,2023-02-15,2023-02-19,Same Day,James Martinez,Corporate,Paper Item 783,Office Supplies,Paper,85.26,3,0.1,10.3,Seattle,Washington,West
966,US-2023-103106,2023-08-01,2023-08-07,Second Class,Jessica Khan,Consumer,Storage Item 860,Office Supplies,Storage,213.72,2,0.5,-80.22,Savannah,Georgia,South
967,US-2023-103391,2023-10-02,2023-10-04,Same Day,Mei Chen,Home Office,Bookcases Item 412,Furniture,Bookcases,300.11,1,0.15,24.42,Worcester,Massachusetts,East
968,US-2023-102436,2023-08-18,2023-08-22,Second Class,David Thomas,Corporate,Paper Item 569,Office Supplies,Paper,99.12,6,0.0,17.49,Boston,Massachusetts,East
969,US-2024-102187,2024-06-29,2024-07-05,Standard Class,Aiden Patel,Home Office,Printers Item 604,Technology,Printers,213.2,2,0.0,48.94,Detroit,Michigan,Central
970,US-2022-102630,2022-08-03,2022-08-06,Standard Class,James Singh,Consumer,Storage Item 597,Office Supplies,Storage,368.72,4,0.1,79.48,Worcester,Massachusetts,East
971,US-2024-102883,11/30/2024,2024-12-01,Second Class,Wei Jones,Home Office,Binders Item 830,Office Supplies,Binders,52.86,1,0.15,7.0,Philadelphia,Pennsylvania,East
972,US-2024-101489,2024-08-08,2024-08-12,First Class,Jessica Kim,Home Office,Phones Item 781,Technology,Phones,779.25,1,0.0,118.67,Raleigh,North Carolina,South
973,US-2022-101297,2022-06-28,2022-07-04,Same Day,Carlos Khan,Consumer,Furnishings Item 458,Furniture,Furnishings,1029.56,7,0.1,148.29,Charlotte,North Carolina,South
974,US-2024-101485,2024-05-23,2024-05-27,Same Day,Mary Anderson,Consumer,Printers Item 917,Technology,Printers,2289.96,4,0.0,570.78,Memphis,Tennessee,South
975,US-2022-100281,2022-01-15,2022-01-20,Standard Class,Jennifer Martinez,Consumer,Printers Item 484,Technology,Printers,2230.6,5,0.0,429.6,Atlanta,Georgia,South
976,US-2023-102267,2023-10-26,2023-10-27,Same Day,Richard Rodriguez,Consumer,Laptops Item 354,Technology,Laptops,3377.36,4,0.0,713.58,Springfield,Illinois,Central
977,US-2024-101000,2024-02-20,2024-02-26,Same Day,Aiden Brown,Corporate,Printers Item 287,Technology,Printers,767.69,7,0.2,-10.41,Orlando,Florida,
978,US-2023-103086,2023-12-05,2023-07-09,Standard Class,Elizabeth Nguyen,Corporate,Art Item 799,Office Supplies,Art,26.88,3,0.0,7.4,San Diego,California,West
979,US-2023-100561,2023-12-03,2023-12-09,First Class,Susan Torres,Corporate,Paper Item 351,Office Supplies,Paper,214.62,6,0.3,2.39,Spokane,Washington,West
980,US-2022-101280,2022-12-18,2022-12-22,Second Class,Jessica Chen,Corporate,Storage Item 642,Office Supplies,Storage,204.54,7,0.0,51.16,Detroit,Michigan,Central
981,US-2022-102031,2022-03-06,2022-03-09,Standard Class,John Smith,Corporate,Printers Item 918,Technology,Printers,1397.52,6,0.3,-192.77,Savannah,Georgia,South
982,US-2023-100397,2023-12-15,2023-09-21,First Class,David Jones,Home Office,Bookcases Item 584,Furniture,Bookcases,1968.25,5,0.0,535.94,Raleigh,North Carolina,South
983,US-2023-100166,2023-06-23,2023-06-29,Standard Class,Mary Khan,Corporate,Furnishings Item 623,Furniture,Furnishings,509.35,5,0.1,97.58,Houston,Texas,Central
984,US-2023-101607,2023-09-04,2023-09-11,Second Class,Linda Rodriguez,Corporate,Accessories Item 114,Technology,Accessories,70.2,2,0.5,-18.34,Detroit,Michigan,Central
985,US-2022-103385,2022-01-29,2022-02-02,First Class,Carlos Torres,Corporate,Tables Item 113,Furniture,Tables,805.04,1,0.1,85.05,Eugene,Oregon,West
986,US-2024-101565,2024-09-28,2024-10-05,Standard Class,Mei Kim,Corporate,Laptops Item 441,Technology,Laptops,8450.72,4,0.0,2684.78,Jersey City,New Jersey,East
987,US-2023-100030,2023-03-17,2023-03-21,Same Day,Joseph Rodriguez,Corporate,Phones Item 261,Technology,Phones,367.84,2,0.2,-1.81,Newark,New Jersey,East
988,US-2024-101749,2024-11-12,2024-11-13,First Class,James Ali,Consumer,Storage Item 559,Office Supplies,Storage,523.95,3,0.4,-59.09,San Francisco,California,West
989,US-2022-103222,2022-06-20,2022-06-23,Same Day,Fatima Anderson,Consumer,Storage Item 732,Office Supplies,Storage,148.73,1,0.0,23.28,Eugene,Oregon,West
990,US-2023-101129,2023-01-16,2023-01-18,Same Day,Richard Walker,Consumer,Printers Item 633,Technology,Printers,1745.35,5,,-163.91,Detroit,Michigan,Central
991,US-2023-103484,2023-02-24,2023-03-02,First Class,John Johnson,Consumer,Labels Item 311,Office Supplies,Labels,21.38,1,0.1,2.4,Columbus,Ohio,Central
992,US-2024-103101,2024-11-28,2024-09-02,First Class,Elizabeth Lee,Home Office,Storage Item 622,Office Supplies,Storage,435.33,3,0.15,28.52,Worcester,Massachusetts,East
993,US-2024-101007,2024-04-07,2024-04-08,First Class,Richard Kim,Corporate,Tables Item 930,Furniture,Tables,6601.2,8,0.0,1174.02,Portland,Oregon,West
994,US-2022-100097,2022-08-18,2022-08-19,Second Class,Robert Davis,Home Office,Bookcases Item 253,Furniture,Bookcases,1276.52,2,0.4,-208.56,Philadelphia,Pennsylvania,East
995,US-2023-100154,2023-05-28,2023-05-29,First Class,Wei Johnson,Consumer,Storage Item 505,Office Supplies,Storage,221.04,2,0.15,10.96,Boston,Massachusetts,East
996,US-2022-102747,2022-04-03,2022-04-10,Standard Class,Joseph Lee,Corporate,Phones Item 101,Technology,Phones,4033.4,7,0.1,382.9,Worcester,Massachusetts,East
997,US-2024-101987,2024-03-05,2024-03-09,Second Class,Fatima Wilson,Corporate,Labels Item 895,Office Supplies,Labels,24.99,3,0.0,7.29,Chicago,Illinois,Central
998,US-2022-102452,2022-12-04,2022-12-07,Same Day,Wei Thomas,Corporate,Binders Item 696,Office Supplies,Binders,60.18,6,0.2,-0.51,Seattle,Washington,West
999,US-2022-100672,2022-11-05,2022-01-11,Same Day,James Wilson,Corporate,Printers Item 758,Technology,Printers,2657.5,5,0.0,785.12,Chicago,Illinois,Central
1000,US-2024-103284,2024-06-21,2024-06-24,Second Class,William Singh,Corporate,Art Item 119,Office Supplies,Art,229.12,4,0.0,60.03,Cleveland,Ohio,Central
1001,US-2023-102017,2023-05-11,2023-05-18,First Class,Diego Walker,Home Office,Chairs Item 208,Furniture,Chairs,765.92,8,0.0,266.94,Chicago,Illinois,Central
1002,US-2023-102970,2023-01-22,2023-01-25,Same Day,John Rodriguez,Consumer,Paper Item 756,Office Supplies,Paper,44.32,4,0.0,9.14,Orlando,Florida,South
1003,US-2024-103367,2024-11-11,2024-05-16,Standard Class,Mei Smith,Consumer,Accessories Item 872,Technology,Accessories,703.4,5,0.1,76.61,Albany,New York,East
1004,US-2022-103044,2022-08-03,2022-08-04,Standard Class,Robert Nguyen,Corporate,Tables Item 395,Furniture,Tables,5660.96,8,0.1,459.66,Portland,Oregon,West
1005,US-2022-101676,2022-05-30,2022-06-06,First Class,Robert Garcia,Corporate,Tables Item 822,Furniture,Tables,2175.44,8,0.0,511.16,Columbus,Ohio,Central
1006,US-2024-100287,2024-11-11,2024-11-16,Second Class,Priya Patel,Home Office,Labels Item 136,Office Supplies,Labels,55.6,5,0.0,15.26,Miami,Florida,South
1007,US-2022-100312,2022-12-01,2022-12-07,Same Day,James Ali,Consumer,Furnishings Item 369,Furniture,Furnishings,736.47,7,0.1,100.83,Albany,New York,East
1008,US-2022-101560,2022-03-13,2022-03-14,Standard Class,Mei Brown,Corporate,Printers Item 481,Technology,Printers,627.48,3,0.1,52.01,Tampa,Florida,South
1009,US-2024-100076,2024-10-10,2024-10-15,Same Day,Mei Ali,Home Office,Accessories Item 108,Technology,Accessories,137.16,1,0.0,27.15,Nashville,Tennessee,South
1010,US-2024-101003,2024-11-07,2024-02-14,Standard Class,Jennifer Williams,Consumer,Bookcases Item 751,Furniture,Bookcases,248.61,1,0.2,20.36,Los Angeles,California,West
1011,US-2024-101973,2024-03-19,2024-03-23,Same Day,,Consumer,Storage Item 504,Office Supplies,Storage,201.3,6,0.0,30.86,Albany,New York,East
1012,US-2022-101277,2022-12-27,2023-01-03,First Class,William Wilson,Corporate,Phones Item 357,Technology,Phones,2268.54,3,0.0,770.25,Detroit,Michigan,Central
1013,US-2023-101535,2023-01-31,2023-02-02,Standard Class,John Smith,Home Office,Printers Item 165,Technology,Printers,631.38,3,0.0,180.07,Albany,New York,East
1014,US-2023-102822,2023-12-21,2023-12-25,Same Day,Robert Nguyen,Consumer,Labels Item 472,Office Supplies,Labels,47.55,5,0.4,-10.46,Buffalo,New York,East
1015,US-2023-100970,2023-01-17,2023-01-20,First Class,,Home Office,Accessories Item 567,Technology,Accessories,478.56,6,0.5,-184.05,Tampa,Florida,South
1016,US-2023-103357,2023-11-04,2023-11-07,Same Day,Michael Torres,Home Office,Binders Item 620,Office Supplies,Binders,260.46,6,0.4,-32.62,Portland,Oregon,West
1017,US-2024-103194,2024-12-03,2024-05-04,Same Day,Diego Martinez,Home Office,Storage Item 792,Office Supplies,Storage,354.27,3,0.2,27.82,Jersey City,New Jersey,East
1018,US-2022-100577,2022-01-17,2022-01-22,Second Class,William Miller,Consumer,Accessories Item 619,Technology,Accessories,645.9,6,0.0,184.75,Columbus,Ohio,Central
1019,US-2024-102666,2024-01-15,2024-01-17,Second Class,William Brown,Home Office,Phones Item 373,Technology,Phones,2752.72,8,,587.13,San Francisco,California,West
1020,US-2024-100047,2024-07-08,2024-07-10,Second Class,Jessica Kim,Corporate,Tables Item 955,Furniture,Tables,5669.04,8,0.15,551.34,Newark,New Jersey,East
1021,US-2024-103410,2024-07-10,2024-07-15,First Class,Fatima Ali,Home Office,Accessories Item 121,Technology,Accessories,651.65,5,0.0,190.25,Albany,New York,East
1022,US-2023-101336,2023-10-23,2023-10-27,Second Class,William Miller,Home Office,Paper Item 805,Office Supplies,Paper,106.0,4,0.3,-10.7,Reno,Nevada,West
1023,US-2024-101655,07/03/2024,2024-07-08,Standard Class,David Kim,Consumer,Phones Item 926,Technology,Phones,1708.72,4,0.0,414.96,Miami,Florida,South
1024,US-2023-102796,2023-07-18,2023-07-19,First Class,Aiden Jones,Corporate,Labels Item 152,Office Supplies,Labels,73.36,8,0.5,-21.64,Atlanta,Georgia,South
1025,US-2022-102602,2022-11-04,2022-11-08,Same Day,Joseph Lee,Home Office,Binders Item 534,Office Supplies,Binders,118.92,3,0.1,21.83,Raleigh,North Carolina,South
1026,US-2024-101124,2024-02-03,2024-02-05,Standard Class,Robert Walker,Consumer,Furnishings Item 906,Furniture,Furnishings,277.12,8,0.15,41.92,Dallas,Texas,Central
1027,US-2023-100433,2023-09-17,2023-09-19,Same Day,Wei Smith,Home Office,Binders Item 697,Office Supplies,Binders,25.84,1,0.1,3.93,Columbus,Ohio,Central
1028,US-2022-101457,2022-05-11,2022-05-15,Second Class,William Taylor,Consumer,Labels Item 180,Office Supplies,Labels,131.39,7,0.5,-27.15,Ann Arbor,Michigan,Central
1029,US-2022-103496,2022-11-01,2022-07-04,First Class,Wei Lee,Home Office,Printers Item 827,Technology,Printers,4006.73,7,0.2,-87.58,Jersey City,New Jersey,East
1030,US-2022-102524,2022-02-16,2022-02-22,Same Day,John Rodriguez,Home Office,Printers Item 257,Technology,Printers,2342.83,7,0.2,83.71,San Diego,California,
1031,US-2022-102193,2022-06-24,2022-06-26,Second Class,William Chen,Consumer,Tables Item 871,Furniture,Tables,3209.72,4,0.0,839.58,Las Vegas,Nevada,West
1032,US-2024-101611,2024-10-10,2024-10-12,Second Class,Aiden Davis,Home Office,Bookcases Item 112,Furniture,Bookcases,399.26,1,0.0,72.77,Eugene,Oregon,West
1033,US-2024-100203,2024-03-24,2024-03-29,First Class,Fatima Wilson,Home Office,Phones Item 569,Technology,Phones,780.08,2,0.1,170.92,Pittsburgh,Pennsylvania,East
1034,US-2022-101609,2022-12-14,2022-12-15,Second Class,Linda Martinez,Consumer,Printers Item 708,Technology,Printers,1327.6,8,0.15,-19.39,Buffalo,New York,East
1035,US-2022-101248,2022-11-05,2022-02-12,First Class,Linda Jones,Corporate,Labels Item 517,Office Supplies,Labels,41.28,3,0.15,3.45,Columbus,Ohio,Central
1036,US-2022-101438,2022-12-30,2023-01-04,Second Class,Joseph Lee,Home Office,Printers Item 230,Technology,Printers,1457.37,3,0.0,357.44,San Diego,California,West
1037,US-2022-101961,2022-12-08,2022-11-13,First Class,Wei Miller,Consumer,Printers Item 141,Technology,Printers,1144.62,2,0.0,263.31,Cleveland,Ohio,Central
1038,US-2022-100066,2022-09-06,2022-09-08,Second Class,John Davis,Corporate,Paper Item 126,Office Supplies,Paper,107.16,6,0.1,9.05,Columbus,Ohio,Central
1039,US-2022-102592,2022-01-27,2022-02-02,Same Day,Carlos Johnson,Consumer,Paper Item 472,Office Supplies,Paper,28.32,4,0.0,9.55,Springfield,Illinois,Central
1040,US-2024-101340,2024-12-06,2024-11-07,Standard Class,Mei Brown,Corporate,Labels Item 366,Office Supplies,Labels,22.8,5,0.4,-4.26,Tampa,Florida,South
1041,US-2024-100330,2024-12-04,2024-01-10,Same Day,Mei Taylor,Consumer,Paper Item 270,Office Supplies,Paper,185.78,7,0.2,8.2,Philadelphia,Pennsylvania,East
1042,US-2024-101349,2024-12-26,2025-01-01,Second Class,Mei Rodriguez,Corporate,Paper Item 240,Office Supplies,Paper,138.75,5,0.1,14.2,Albany,New York,East
1043,US-2022-101921,2022-09-01,2022-09-04,First Class,Richard Rodriguez,Consumer,Paper Item 827,Office Supplies,Paper,88.8,4,0.15,-0.75,Tampa,Florida,South
1044,US-2024-102862,2024-01-25,2024-02-01,Second Class,Joseph Rodriguez,Home Office,Storage Item 233,Office Supplies,Storage,973.08,6,0.1,66.44,Boston,Massachusetts,East
1045,US-2024-102994,2024-12-22,2024-11-23,First Class,Diego Chen,Consumer,Binders Item 898,Office Supplies,Binders,35.31,1,0.15,6.05,Cleveland,Ohio,Central
1046,US-2022-100384,2022-11-26,2022-06-02,First Class,James Williams,Corporate,Binders Item 510,Office Supplies,Binders,278.76,6,0.15,44.7,Buffalo,New York,East
1047,US-2023-102356,2023-07-10,2023-07-16,Standard Class,Mary Davis,Corporate,Art Item 514,Office Supplies,Art,182.1,5,0.0,44.0,Portland,Oregon,West
1048,US-2022-101378,2022-12-19,2022-12-22,First Class,Aiden Patel,Home Office,Chairs Item 468,Furniture,Chairs,3245.83,7,0.0,675.46,Memphis,Tennessee,South
1049,US-2022-100465,2022-01-29,2022-02-03,Second Class,Patricia Williams,Corporate,Chairs Item 275,Furniture,Chairs,$677.46,2,0.2,-12.48,Chicago,Illinois,Central
1050,US-2024-102615,2024-08-15,2024-08-16,Same Day,Sarah Lee,Corporate,Paper Item 442,Office Supplies,Paper,54.39,7,0.0,14.66,Dallas,Texas,Central
1051,US-2024-100121,2024-03-26,2024-03-27,First Class,Michael Martinez,Home Office,Laptops Item 346,Technology,Laptops,6278.49,3,0.2,758.35,Spokane,Washington,West
1052,US-2022-101219,2022-05-05,2022-05-08,Standard Class,Robert Johnson,Corporate,Binders Item 358,Office Supplies,Binders,74.91,3,0.0,16.34,Jersey City,New Jersey,East
1053,US-2024-101879,2024-06-17,2024-06-21,First Class,Jennifer Chen,Corporate,Tables Item 722,Furniture,Tables,743.13,3,0.1,80.57,Ann Arbor,Michigan,Central
1054,US-2023-100580,2023-01-13,2023-01-20,Standard Class,Amara Garcia,Consumer,Accessories Item 175,Technology,Accessories,924.42,7,0.0,144.07,Newark,New Jersey,East
1055,US-2022-101415,2022-02-09,2022-02-11,First Class,Mei Miller,Home Office,Art Item 555,Office Supplies,Art,74.3,2,0.15,-0.68,San Francisco,California,West
1056,US-2022-101898,2022-12-16,2022-05-19,Same Day,Diego Rodriguez,Consumer,Art Item 478,Office Supplies,Art,44.58,6,0.2,2.75,Portland,Oregon,West
1057,US-2024-100516,2024-01-25,2024-01-30,Second Class,Diego Rodriguez,Home Office,Furnishings Item 536,Furniture,Furnishings,57.02,2,0.2,2.81,Memphis,Tennessee,South
1058,US-2022-101977,2022-04-17,2022-04-18,Second Class,Joseph Davis,Corporate,Art Item 736,Office Supplies,Art,390.5,5,0.15,4.72,Albany,New York,East
1059,US-2022-102153,2022-10-03,2022-10-05,Same Day,Amara Wilson,Home Office,Storage Item 622,Office Supplies,Storage,1009.56,6,0.1,56.57,New York City,New York,East
1060,US-2024-102422,2024-08-11,2024-08-12,Same Day,Robert Torres,Home Office,Paper Item 358,Office Supplies,Paper,15.39,1,0.5,-6.02,Atlanta,Georgia,South
1061,US-2023-102912,2023-11-07,2023-09-11,Second Class,Joseph Torres,Consumer,Bookcases Item 475,Furniture,Bookcases,1557.96,3,0.3,-52.39,Albany,New York,East
1062,US-2023-101592,2023-05-20,2023-05-24,Standard Class,Susan Thomas,Home Office,Chairs Item 345,Furniture,Chairs,392.64,2,0.1,35.33,Savannah,Georgia,South
1063,US-2024-100222,2024-12-29,2024-12-31,First Class,Diego Chen,Corporate,Furnishings Item 875,Furniture,Furnishings,742.56,7,0.0,166.43,Memphis,Tennessee,South
1064,US-2022-101934,2022-02-05,2022-02-12,Standard Class,Susan Anderson,Corporate,Art Item 204,Office Supplies,Art,143.96,4,0.0,41.05,Detroit,Michigan,Central
1065,US-2023-103276,2023-11-04,2023-11-11,Second Class,John Walker,Home Office,Bookcases Item 720,Furniture,Bookcases,287.14,1,0.2,9.87,Atlanta,Georgia,South
1066,US-2023-101791,2023-11-01,2023-11-07,Same Day,David Davis,Corporate,Paper Item 337,Office Supplies,Paper,142.52,7,0.0,45.27,Memphis,Tennessee,South
1067,US-2024-100920,2024-07-29,2024-07-31,Same Day,Mei Ali,Consumer,Phones Item 572,Technology,Phones,3384.24,4,0.15,101.27,Boston,Massachusetts,East
1068,US-2024-102720,2024-12-27,2024-11-01,Same Day,Patricia Torres,Corporate,Accessories Item 739,Technology,Accessories,71.25,5,0.1,14.87,Houston,Texas,Central
1069,US-2022-100710,2022-10-21,2022-10-25,Standard Class,David Lee,Corporate,Laptops Item 155,Technology,Laptops,2427.92,2,0.5,-517.69,Philadelphia,Pennsylvania,East
1070,US-2022-103497,2022-05-12,2022-05-19,First Class,Joseph Jones,Home Office,Art Item 477,Office Supplies,Art,115.0,5,0.0,19.17,Tampa,Florida,South
1071,US-2022-100627,2022-10-30,2022-11-02,Same Day,Robert Lee,Corporate,Bookcases Item 353,Furniture,Bookcases,152.73,1,0.15,1.53,Atlanta,Georgia,South
1072,US-2022-103250,2022-11-10,2022-11-15,Standard Class,Amara Wilson,Corporate,Accessories Item 557,Technology,Accessories,328.4,8,0.4,-43.97,Eugene,Oregon,West
1073,US-2022-102124,2022-09-24,2022-09-28,Same Day,Carlos Miller,Home Office,Laptops Item 799,Technology,Laptops,3406.32,4,0.3,-531.08,Ann Arbor,Michigan,Central
1074,US-2022-100558,2022-12-11,2022-12-18,Second Class,Mary Garcia,Corporate,Tables Item 668,Furniture,Tables,1723.05,3,0.1,268.83,Worcester,Massachusetts,East
1075,US-2024-102107,2024-11-28,2024-11-04,Standard Class,Patricia Anderson,Corporate,Binders Item 603,Office Supplies,Binders,204.18,6,0.0,40.17,Ann Arbor,Michigan,Central
1076,US-2024-102610,2024-05-24,2024-05-27,Same Day,David Wilson,Home Office,Accessories Item 138,Technology,Accessories,293.79,7,0.1,15.19,Jersey City,New Jersey,East
1077,US-2024-103446,2024-10-09,2024-10-14,Standard Class,Jessica Khan,Home Office,Paper Item 802,Office Supplies,Paper,97.5,5,0.4,-10.71,Portland,Oregon,West
1078,US-2023-101209,2023-11-04,2023-01-09,Second Class,Sarah Miller,Consumer,Labels Item 151,Office Supplies,Labels,32.52,3,0.0,5.13,Reno,Nevada,West
1079,US-2023-100065,2023-10-17,2023-10-23,First Class,Carlos Thomas,Home Office,Art Item 655,Office Supplies,Art,11.04,2,0.2,0.35,Las Vegas,Nevada,West
1080,US-2022-102961,2022-11-17,2022-04-21,Same Day,Fatima Ali,Home Office,Bookcases Item 171,Furniture,Bookcases,295.76,2,0.4,-28.64,Pittsburgh,Pennsylvania,East
1081,US-2022-103114,2022-04-22,2022-04-24,First Class,Carlos Miller,Corporate,Tables Item 183,Furniture,Tables,591.3,3,0.15,107.73,Atlanta,Georgia,South
1082,US-2023-103083,2023-05-20,2023-05-23,Same Day,Fatima Rodriguez,Consumer,Labels Item 492,Office Supplies,Labels,23.58,3,0.3,-1.94,Savannah,Georgia,South
1083,US-2022-102419,2022-01-07,2022-01-13,First Class,Wei Smith,Consumer,Paper Item 812,Office Supplies,Paper,65.36,4,0.1,8.02,Houston,Texas,Central
1084,US-2022-103177,2022-08-22,2022-08-23,First Class,Amara Rodriguez,Corporate,Phones Item 160,Technology,Phones,534.45,3,0.0,141.01,Detroit,Michigan,Central
1085,US-2023-101333,2023-10-08,2023-10-10,Standard Class,Linda Garcia,Consumer,Labels Item 143,Office Supplies,Labels,79.9,5,0.15,3.52,Chicago,Illinois,Central
1086,US-2023-100289,2023-07-21,2023-07-23,Second Class,Elizabeth Rodriguez,Corporate,Bookcases Item 688,Furniture,Bookcases,1027.14,6,0.5,-220.51,Los Angeles,California,West
1087,US-2023-100535,2023-12-18,2023-05-20,Same Day,John Thomas,Consumer,Furnishings Item 921,Furniture,Furnishings,609.36,6,0.15,25.87,Buffalo,New York,East
1088,US-2024-100307,2024-11-09,2024-03-12,Second Class,Joseph Anderson,Home Office,Laptops Item 390,Technology,Laptops,3060.44,2,0.15,4.14,Las Vegas,Nevada,West
1089,US-2023-100005,2023-12-12,2023-08-14,Standard Class,Diego Rodriguez,Consumer,Binders Item 878,Office Supplies,Binders,74.52,2,0.0,21.73,Raleigh,North Carolina,South
1090,US-2023-102421,2023-12-17,2023-12-21,Standard Class,Mary Brown,Corporate,Tables Item 519,Furniture,Tables,6051.64,7,0.2,730.59,Cleveland,Ohio,Central
1091,US-2023-101584,2023-11-21,2023-11-26,Standard Class,Richard Brown,Home Office,Binders Item 914,Office Supplies,Binders,279.25,5,0.4,-75.1,Spokane,Washington,West
1092,US-2023-100547,2023-09-14,2023-09-17,Same Day,Patricia Taylor,Consumer,Accessories Item 245,Technology,Accessories,475.4,5,0.5,-141.41,Austin,Texas,Central
1093,US-2023-101998,2023-08-06,2023-08-10,Second Class,Amara Nguyen,Consumer,Binders Item 880,Office Supplies,Binders,248.56,8,0.0,59.26,Portland,Oregon,West
1094,US-2023-100798,2023-09-13,2023-09-17,Standard Class,Aiden Singh,Corporate,Paper Item 583,Office Supplies,Paper,147.6,5,0.2,6.74,Cleveland,Ohio,Central
1095,US-2022-101882,2022-06-21,2022-06-24,Same Day,Fatima Kim,Home Office,Accessories Item 949,Technology,Accessories,422.0,5,0.1,41.18,Atlanta,Georgia,South
1096,US-2023-103075,2023-08-03,2023-08-07,Same Day,Linda Rodriguez,Consumer,Paper Item 769,Office Supplies,Paper,154.5,6,0.1,35.42,Ann Arbor,Michigan,Central
1097,US-2022-100179,2022-06-22,2022-06-27,First Class,Richard Khan,Consumer,Printers Item 166,Technology,Printers,562.74,6,0.15,57.49,Los Angeles,California,West
1098,US-2022-100534,2022-01-14,2022-01-16,Same Day,Richard Torres,Corporate,Laptops Item 617,Technology,Laptops,6638.4,8,0.5,-2508.69,Columbus,Ohio,Central
1099,US-2024-100444,2024-06-21,2024-06-24,First Class,Diego Wilson,Consumer,Phones Item 675,Technology,Phones,3837.36,6,0.15,125.24,Philadelphia,Pennsylvania,East
1100,US-2022-100316,2022-03-06,2022-03-09,Standard Class,Joseph Davis,Consumer,Art Item 372,Office Supplies,Art,351.0,6,0.1,76.88,Ann Arbor,Michigan,Central
1101,US-2022-102583,2022-12-04,2022-12-08,First Class,Linda Torres,Consumer,Paper Item 536,Office Supplies,Paper,53.34,7,0.3,0.9,Albany,New York,East
1102,US-2022-101068,2022-04-25,2022-05-01,Second Class,Mary Khan,Consumer,Labels Item 169,Office Supplies,Labels,18.55,1,0.3,-0.04,Eugene,Oregon,West
1103,US-2023-103305,2023-01-19,2023-01-26,Same Day,Wei Smith,Home Office,Labels Item 996,Office Supplies,Labels,23.54,1,0.2,-0.2,Jersey City,New Jersey,East
1104,US-2022-102373,2022-02-22,2022-02-28,Standard Class,Priya Taylor,Home Office,Binders Item 647,Office Supplies,Binders,65.08,4,0.0,10.46,Reno,Nevada,West
1105,US-2022-102528,2022-03-03,2022-03-09,First Class,Michael Lee,Corporate,Storage Item 453,Office Supplies,Storage,287.13,3,0.1,49.29,Tampa,Florida,South
1106,US-2023-102677,2023-12-10,2023-07-12,Same Day,Patricia Taylor,Corporate,Phones Item 867,Technology,Phones,1462.52,4,0.0,376.81,Reno,Nevada,West
1107,US-2023-101563,2023-01-06,2023-01-07,Standard Class,Aiden Rodriguez,Consumer,Printers Item 320,Technology,Printers,1383.06,3,0.0,375.29,Ann Arbor,Michigan,Central
1108,US-2023-102477,2023-07-13,2023-07-19,First Class,William Taylor,Corporate,Bookcases Item 967,Furniture,Bookcases,329.16,1,0.0,93.73,Springfield,Illinois,Central
1109,US-2024-101984,2024-11-25,2024-11-29,Standard Class,Amara Rodriguez,Home Office,Furnishings Item 684,Furniture,Furnishings,633.36,7,0.5,-248.24,Miami,Florida,South
1110,US-2022-102920,2022-12-04,2022-12-07,Standard Class,Mary Taylor,Home Office,Chairs Item 295,Furniture,Chairs,651.78,2,0.0,179.89,Detroit,Michigan,
1111,US-2023-100069,2023-09-15,2023-09-17,Second Class,Mei Patel,Home Office,Chairs Item 330,Furniture,Chairs,576.54,2,0.1,104.13,Pittsburgh,Pennsylvania,East
1112,US-2022-100946,2022-06-30,2022-07-04,Second Class,Wei Lee,Home Office,Paper Item 659,Office Supplies,Paper,28.85,5,0.15,1.88,Eugene,Oregon,West
1113,US-2023-101844,2023-03-27,2023-03-29,Same Day,Fatima Anderson,Home Office,Paper Item 758,Office Supplies,Paper,149.24,4,0.15,9.32,Charlotte,North Carolina,South
1114,US-2022-103261,2022-04-01,2022-04-03,First Class,Fatima Brown,Home Office,Tables Item 385,Furniture,Tables,1683.18,6,0.4,-416.82,Los Angeles,California,West
1115,US-2024-101420,2024-11-15,2024-03-18,Second Class,Linda Miller,Home Office,Paper Item 112,Office Supplies,Paper,61.84,2,0.0,13.87,Eugene,Oregon,West
1116,US-2024-101514,2024-04-27,2024-05-04,First Class,Mei Brown,Corporate,Binders Item 847,Office Supplies,Binders,454.64,8,0.2,26.53,Boston,Massachusetts,East
1117,US-2024-103235,2024-04-05,2024-04-06,Same Day,Robert Chen,Corporate,Phones Item 206,Technology,Phones,1701.04,2,0.4,-232.58,Spokane,Washington,West
1118,US-2024-100772,2024-12-08,2024-04-12,Same Day,Sarah Williams,Consumer,Phones Item 851,Technology,Phones,1150.96,2,0.0,231.7,San Diego,California,West
1119,US-2024-100346,2024-12-24,2024-12-25,Second Class,Wei Torres,Home Office,Chairs Item 568,Furniture,Chairs,1214.52,6,0.1,151.92,Savannah,Georgia,South
1120,US-2023-102224,2023-11-07,2023-03-10,First Class,Diego Thomas,Home Office,Furnishings Item 125,Furniture,Furnishings,184.83,3,0.0,57.27,Ann Arbor,Michigan,Central
1121,US-2022-103285,2022-05-04,2022-05-05,Second Class,Amara Wilson,Consumer,Tables Item 813,Furniture,Tables,2455.02,6,0.1,304.55,Springfield,Illinois,Central
1122,US-2022-100431,2022-01-11,2022-01-15,Standard Class,Susan Miller,Corporate,Tables Item 851,Furniture,Tables,2161.26,3,0.4,-430.83,Pittsburgh,Pennsylvania,East
1123,US-2022-103436,2022-05-01,2022-05-04,Standard Class,James Williams,Corporate,Art Item 772,Office Supplies,Art,42.73,1,0.0,7.12,Spokane,Washington,West
1124,US-2022-100464,2022-03-01,2022-03-02,Second Class,Amara Martinez,Home Office,Laptops Item 456,Technology,Laptops,2650.86,3,0.15,247.4,San Diego,California,West
1125,US-2024-102659,2024-02-28,2024-03-05,First Class,Priya Anderson,Home Office,Accessories Item 508,Technology,Accessories,294.12,6,0.0,100.52,Detroit,Michigan,Central
1126,US-2023-100229,2023-11-23,2023-06-30,Second Class,Linda Rodriguez,Home Office,Art Item 519,Office Supplies,Art,23.4,4,0.15,1.84,Portland,Oregon,West
1127,US-2023-102192,2023-05-07,2023-05-10,First Class,Priya Chen,Home Office,Tables Item 517,Furniture,Tables,3913.63,7,0.1,599.58,Nashville,Tennessee,South
1128,US-2022-100375,11/12/2022,2022-11-14,First Class,Aiden Singh,Home Office,Chairs Item 994,Furniture,Chairs,3670.8,8,0.4,-606.24,Seattle,Washington,West
1129,US-2023-100857,2023-05-22,2023-05-23,First Class,William Williams,Corporate,Phones Item 771,Technology,Phones,2942.28,4,0.15,226.44,Miami,Florida,South
1130,US-2023-101144,2023-12-01,2023-02-05,Second Class,Mei Taylor,Home Office,Laptops Item 681,Technology,Laptops,8595.04,4,0.1,913.39,San Francisco,California,West
1131,US-2022-103393,2022-03-16,2022-03-21,Standard Class,Wei Williams,Consumer,Art Item 711,Office Supplies,Art,119.38,2,0.0,38.79,Detroit,Michigan,Central
1132,US-2023-100877,2023-11-04,2023-11-05,First Class,David Anderson,Home Office,Tables Item 113,Furniture,Tables,109.7,1,0.15,3.65,Spokane,Washington,West
1133,US-2022-101920,2022-06-13,2022-06-14,Same Day,Fatima Wilson,Home Office,Phones Item 213,Technology,Phones,3401.24,4,0.15,414.18,Raleigh,North Carolina,South
1134,US-2022-102780,2022-10-14,2022-10-15,Standard Class,Aiden Patel,Consumer,Art Item 579,Office Supplies,Art,25.63,1,0.15,2.89,Worcester,Massachusetts,East
1135,US-2023-103454,2023-06-09,2023-06-14,Second Class,John Anderson,Consumer,Storage Item 635,Office Supplies,Storage,230.92,4,0.15,33.57,Pittsburgh,Pennsylvania,East
1136,US-2024-101923,2024-10-14,2024-10-20,First Class,Richard Khan,Consumer,Accessories Item 242,Technology,Accessories,97.71,3,0.2,5.99,Cleveland,Ohio,Central
1137,US-2022-100462,2022-08-17,2022-08-18,Standard Class,Aiden Singh,Corporate,Phones Item 143,Technology,Phones,5746.37,7,0.15,833.06,Chicago,Illinois,Central
1138,US-2022-101440,2022-09-17,2022-09-23,Standard Class,Wei Jones,Consumer,Storage Item 749,Office Supplies,Storage,497.44,4,0.2,-16.3,San Francisco,California,West
1139,US-2023-103408,2023-12-20,2023-12-24,First Class,James Nguyen,Home Office,Bookcases Item 250,Furniture,Bookcases,1503.32,4,0.0,264.85,Detroit,Michigan,Central
1140,US-2024-101820,2024-12-07,2024-11-13,First Class,Elizabeth Singh,Corporate,Paper Item 521,Office Supplies,Paper,91.56,7,0.0,17.53,Atlanta,Georgia,South
1141,US-2023-103396,2023-02-11,2023-02-13,Standard Class,Jessica Walker,Corporate,Paper Item 482,Office Supplies,Paper,33.38,1,0.1,3.36,Worcester,Massachusetts,East
1142,US-2024-100454,2024-08-25,2024-08-26,First Class,Priya Kim,Consumer,Paper Item 603,Office Supplies,Paper,165.3,5,0.0,36.1,Atlanta,Georgia,South
1143,US-2022-101773,2022-05-29,2022-06-04,Second Class,Richard Walker,Home Office,Laptops Item 733,Technology,Laptops,11738.34,6,0.0,2124.46,Ann Arbor,Michigan,Central
1144,US-2024-102008,2024-06-27,2024-07-02,Standard Class,Linda Jones,Corporate,Labels Item 974,Office Supplies,Labels,67.0,4,0.0,13.53,San Diego,California,West
1145,US-2023-100160,2023-05-06,2023-05-10,Same Day,Joseph Patel,Consumer,Storage Item 611,Office Supplies,Storage,43.94,1,0.2,-0.88,Chicago,Illinois,Central
1146,US-2024-100172,2024-12-21,2024-12-23,Same Day,Priya Taylor,Consumer,Printers Item 245,Technology,Printers,850.3,5,0.0,201.33,Dallas,Texas,Central
1147,US-2022-102060,2022-06-26,2022-07-02,Same Day,Mary Walker,Home Office,Chairs Item 489,Furniture,Chairs,492.16,4,0.1,90.04,Las Vegas,Nevada,West
1148,US-2024-103084,2024-12-03,2024-07-09,First Class,Joseph Patel,Home Office,Phones Item 305,Technology,Phones,3644.48,8,0.2,463.99,Worcester,Massachusetts,East
1149,US-2023-102487,2023-08-05,2023-08-11,First Class,Sarah Chen,Corporate,Furnishings Item 176,Furniture,Furnishings,281.52,2,0.0,82.05,Los Angeles,California,West
1150,US-2024-102442,2024-02-09,2024-02-11,Second Class,Joseph Anderson,Corporate,Labels Item 534,Office Supplies,Labels,163.36,8,0.0,30.39,Los Angeles,California,West
1151,US-2024-101642,2024-11-19,2024-06-23,Second Class,Mei Kim,Corporate,Storage Item 945,Office Supplies,Storage,519.51,3,0.3,-1.81,Cleveland,Ohio,Central
1152,US-2023-100989,2023-12-28,2023-09-06,Second Class,Mei Taylor,Home Office,Laptops Item 812,Technology,Laptops,4333.65,5,0.4,-884.36,Pittsburgh,Pennsylvania,East
1153,US-2023-102190,2023-07-07,2023-07-12,Standard Class,Wei Thomas,Home Office,Art Item 542,Office Supplies,Art,127.2,8,0.15,10.96,San Francisco,California,West
1154,US-2024-103335,2024-04-02,2024-04-06,Same Day,Fatima Ali,Consumer,Furnishings Item 368,Furniture,Furnishings,54.96,1,0.15,0.61,Reno,Nevada,West
1155,US-2022-100725,2022-12-28,2022-04-03,Standard Class,Patricia Taylor,Home Office,Labels Item 940,Office Supplies,Labels,189.84,8,0.0,54.42,Columbus,Ohio,Central
1156,US-2023-102852,2023-07-20,2023-07-27,First Class,James Lee,Corporate,Bookcases Item 357,Furniture,Bookcases,860.1,2,0.0,172.42,Albany,New York,East
1157,US-2022-102154,2022-04-18,2022-04-22,Second Class,Aiden Brown,Home Office,Tables Item 123,Furniture,Tables,$962.94,2,0.0,265.79,Memphis,Tennessee,South
1158,US-2022-101164,2022-02-06,2022-02-10,Standard Class,Aiden Walker,Corporate,Furnishings Item 574,Furniture,Furnishings,208.88,1,0.0,31.4,Reno,Nevada,West
1159,US-2022-102262,2022-04-18,2022-04-24,First Class,Carlos Davis,Home Office,Storage Item 354,Office Supplies,Storage,1078.62,6,0.0,290.57,Nashville,Tennessee,South
1160,US-2022-101168,2022-02-12,2022-02-13,Second Class,David Garcia,Consumer,Bookcases Item 773,Furniture,Bookcases,603.92,4,0.4,-128.78,Albany,New York,East
1161,US-2024-101403,2024-05-09,2024-05-10,Same Day,Aiden Walker,Corporate,Paper Item 106,Office Supplies,Paper,43.64,2,0.0,15.08,Pittsburgh,Pennsylvania,East
1162,US-2023-100820,2023-06-22,2023-06-29,Second Class,Patricia Taylor,Corporate,Binders Item 843,Office Supplies,Binders,357.42,6,0.4,-37.39,Austin,Texas,Central
1163,US-2023-102783,2023-04-19,2023-04-25,First Class,Linda Miller,Home Office,Accessories Item 749,Technology,Accessories,140.29,1,0.15,-1.41,Las Vegas,Nevada,West
1164,US-2022-100134,2022-04-01,2022-04-06,Same Day,Aiden Rodriguez,Corporate,Storage Item 208,Office Supplies,Storage,431.85,3,0.15,54.2,Los Angeles,California,West
1165,US-2024-101018,2024-11-16,2024-10-18,Second Class,David Jones,Consumer,Paper Item 580,Office Supplies,Paper,50.24,2,0.15,2.76,San Francisco,California,West
1166,US-2023-103280,2023-10-30,2023-11-03,Same Day,William Taylor,Consumer,Chairs Item 677,Furniture,Chairs,2353.02,6,0.4,-232.87,Austin,Texas,Central
1167,US-2022-101689,2022-03-22,2022-03-25,Standard Class,Diego Williams,Corporate,Tables Item 697,Furniture,Tables,5669.44,8,0.3,-807.64,Seattle,Washington,West
1168,US-2022-101096,2022-07-12,2022-07-16,Same Day,David Wilson,Consumer,Chairs Item 718,Furniture,Chairs,349.06,2,0.0,115.69,Las Vegas,Nevada,West
1169,US-2022-101510,2022-09-09,2022-09-15,Same Day,Amara Miller,Corporate,Furnishings Item 935,Furniture,Furnishings,71.44,2,0.2,6.2,Pittsburgh,Pennsylvania,East
1170,US-2022-100354,2022-01-31,2022-02-03,Same Day,Jessica Chen,Home Office,Phones Item 787,Technology,Phones,2742.39,7,0.2,252.23,Atlanta,Georgia,South
1171,US-2024-103361,2024-01-05,2024-01-11,Standard Class,James Martinez,Consumer,Storage Item 230,Office Supplies,Storage,315.74,2,0.1,17.4,Seattle,Washington,West
1172,US-2024-102941,2024-02-27,2024-02-28,Second Class,Wei Martinez,Home Office,Phones Item 922,Technology,Phones,2425.52,8,0.0,667.89,Philadelphia,Pennsylvania,East
1173,US-2024-102835,2024-06-04,2024-06-06,First Class,David Lee,Home Office,Labels Item 413,Office Supplies,Labels,6.58,2,0.2,0.52,San Diego,California,West
1174,US-2024-102729,2024-12-25,2024-12-30,Second Class,Mary Khan,Corporate,Phones Item 964,Technology,Phones,2975.07,7,0.2,24.35,Jersey City,New Jersey,East
1175,US-2022-103452,2022-10-07,2022-10-14,Same Day,Michael Singh,Consumer,Binders Item 368,Office Supplies,Binders,5.15,1,0.0,1.44,Chicago,Illinois,Central
1176,US-2022-100776,2022-12-09,2022-12-16,Second Class,Fatima Wilson,Consumer,Storage Item 411,Office Supplies,Storage,764.04,4,0.1,122.49,Los Angeles,California,West
1177,US-2022-100636,2022-09-09,2022-09-16,First Class,Elizabeth Davis,Corporate,Art Item 562,Office Supplies,Art,171.36,3,0.0,55.18,San Francisco,California,West
1178,US-2022-102882,2022-04-30,2022-05-06,Same Day,Fatima Smith,Consumer,Phones Item 594,Technology,Phones,1711.12,2,0.1,128.26,Cleveland,Ohio,Central
1179,US-2024-100935,2024-07-23,2024-07-24,First Class,Susan Chen,Home Office,Art Item 377,Office Supplies,Art,59.52,4,0.15,7.75,Las Vegas,Nevada,West
1180,US-2024-100420,2024-02-10,2024-02-17,Second Class,Joseph Nguyen,Corporate,Phones Item 182,Technology,Phones,1756.32,3,0.0,485.54,Springfield,Illinois,Central
1181,US-2023-100942,2023-02-19,2023-02-21,First Class,Joseph Lee,Corporate,Storage Item 124,Office Supplies,Storage,132.71,1,0.2,10.91,Charlotte,North Carolina,South
1182,US-2022-101939,2022-01-02,2022-01-09,Same Day,Jennifer Walker,Home Office,Bookcases Item 752,Furniture,Bookcases,552.87,3,0.15,88.94,Columbus,Ohio,Central
1183,US-2024-102657,2024-11-01,2024-10-03,Second Class,Mary Davis,Consumer,Laptops Item 578,Technology,Laptops,10342.15,5,0.1,2403.64,Philadelphia,Pennsylvania,East
1184,US-2024-101421,2024-05-27,2024-05-28,First Class,David Ali,Consumer,Laptops Item 655,Technology,Laptops,1106.42,1,0.3,-32.25,New York City,New York,East
1185,US-2022-102674,2022-03-27,2022-03-31,Standard Class,Joseph Johnson,Corporate,Accessories Item 177,Technology,Accessories,83.93,7,0.1,7.68,Houston,Texas,Central
1186,US-2024-101343,2024-12-20,2024-10-26,First Class,Wei Johnson,Home Office,Phones Item 786,Technology,Phones,1209.03,3,0.1,53.03,Eugene,Oregon,West
1187,US-2022-100300,2022-12-28,2023-01-01,Same Day,Susan Thomas,Home Office,Laptops Item 629,Technology,Laptops,5968.96,8,0.2,-369.04,Jersey City,New Jersey,East
1188,US-2022-101179,2022-07-14,2022-07-17,First Class,Diego Patel,Consumer,Labels Item 287,Office Supplies,Labels,45.52,2,0.1,2.43,New York City,New York,East
1189,US-2023-103322,2023-05-24,2023-05-28,Standard Class,,Corporate,Storage Item 473,Office Supplies,Storage,426.0,4,0.2,46.41,Los Angeles,California,West
1190,US-2023-100839,2023-07-27,2023-08-03,Standard Class,Michael Singh,Corporate,Furnishings Item 605,Furniture,Furnishings,115.83,3,0.1,13.97,Eugene,Oregon,West
1191,US-2022-100698,2022-10-09,2022-10-15,Standard Class,Robert Ali,Corporate,Furnishings Item 493,Furniture,Furnishings,195.02,2,0.2,18.68,Las Vegas,Nevada,West
1192,US-2023-100822,2023-07-29,2023-08-05,First Class,Amara Rodriguez,Consumer,Tables Item 889,Furniture,Tables,1550.31,3,0.4,-256.24,Springfield,Illinois,Central
1193,US-2024-102590,2024-10-05,2024-10-09,Same Day,,Home Office,Printers Item 314,Technology,Printers,2879.6,8,0.1,641.13,Raleigh,North Carolina,South
1194,US-2024-100389,2024-11-11,2024-11-15,Second Class,Joseph Lee,Consumer,Labels Item 478,Office Supplies,Labels,7.27,1,0.15,0.94,Ann Arbor,Michigan,Central
1195,US-2024-100220,2024-07-26,2024-07-28,First Class,Mei Nguyen,Consumer,Laptops Item 599,Technology,Laptops,10027.44,6,0.1,564.24,Miami,Florida,South
1196,US-2023-101960,2023-12-30,2024-01-04,Second Class,Jennifer Singh,Consumer,Laptops Item 487,Technology,Laptops,12863.76,8,0.0,4001.74,Boston,Massachusetts,East
1197,US-2024-101229,2024-04-09,2024-04-15,First Class,Mary Anderson,Consumer,Paper Item 516,Office Supplies,Paper,150.96,8,0.0,41.55,Philadelphia,Pennsylvania,East
1198,US-2022-102175,2022-10-12,2022-10-13,Second Class,Linda Jones,Consumer,Art Item 526,Office Supplies,Art,401.64,6,0.3,-21.57,Philadelphia,Pennsylvania,East
1199,US-2023-100341,2023-12-26,2023-01-29,First Class,Susan Anderson,Corporate,Printers Item 273,Technology,Printers,3534.16,7,0.1,323.66,Charlotte,North Carolina,South
1200,US-2023-100734,2023-01-20,2023-01-24,Second Class,Robert Walker,Consumer,Labels Item 456,Office Supplies,Labels,48.96,2,0.0,11.33,Las Vegas,Nevada,West
1201,US-2023-101161,2023-11-17,2023-11-19,Standard Class,Amara Wilson,Consumer,Art Item 625,Office Supplies,Art,146.14,2,0.1,26.72,New York City,New York,East
1202,US-2023-101456,2023-05-07,2023-05-11,First Class,Wei Jones,Corporate,Storage Item 977,Office Supplies,Storage,230.52,4,0.1,9.29,Memphis,Tennessee,South
1203,US-2022-102500,2022-12-27,2023-01-01,Same Day,Mary Miller,Consumer,Labels Item 972,Office Supplies,Labels,166.08,8,0.3,-10.05,Jersey City,New Jersey,East
1204,US-2023-101446,2023-02-20,2023-02-21,Same Day,Elizabeth Williams,Consumer,Tables Item 613,Furniture,Tables,1097.25,3,0.15,135.76,Austin,Texas,Central
1205,US-2024-100076,2024-12-10,2024-10-15,Same Day,Mei Ali,Home Office,Accessories Item 108,Technology,Accessories,137.16,1,0.0,27.15,Nashville,Tennessee,South
1206,US-2023-102986,2023-11-07,2023-08-08,Second Class,Diego Garcia,Consumer,Chairs Item 525,Furniture,Chairs,816.36,2,0.15,20.56,Boston,Massachusetts,East
1207,US-2023-100675,2023-01-09,2023-01-14,First Class,Diego Miller,Corporate,Bookcases Item 772,Furniture,Bookcases,3461.7,5,0.1,166.24,Boston,Massachusetts,East
1208,US-2024-101287,2024-12-08,2024-12-12,Standard Class,Jessica Miller,Corporate,Printers Item 106,Technology,Printers,494.36,2,0.15,39.69,San Francisco,California,West
1209,US-2022-101394,2022-06-08,2022-06-13,Same Day,Robert Walker,Consumer,Printers Item 809,Technology,Printers,1738.59,3,0.1,138.02,Orlando,Florida,South
1210,US-2024-102136,2024-09-28,2024-10-03,First Class,Michael Williams,Home Office,Accessories Item 926,Technology,Accessories,302.49,3,0.15,53.21,Dallas,Texas,Central
1211,US-2024-100100,2024-08-24,2024-08-25,First Class,Susan Williams,Consumer,Chairs Item 887,Furniture,Chairs,900.64,2,0.5,-219.78,Charlotte,North Carolina,South
1212,US-2024-102700,2024-11-25,2024-01-26,Same Day,Mary Anderson,Home Office,Furnishings Item 269,Furniture,Furnishings,442.92,4,0.0,143.25,Los Angeles,California,West
1213,US-2023-101616,2023-07-07,2023-07-14,Standard Class,Michael Miller,Home Office,Laptops Item 780,Technology,Laptops,5338.4,4,0.4,-899.25,Las Vegas,Nevada,West
1214,US-2024-100844,2024-06-04,2024-06-08,First Class,Priya Garcia,Consumer,Phones Item 385,Technology,Phones,1684.14,2,0.1,231.42,Savannah,Georgia,South
1215,US-2024-102455,2024-11-07,2024-10-09,First Class,Amara Nguyen,Consumer,Art Item 886,Office Supplies,Art,424.34,7,0.0,110.05,Newark,New Jersey,East
1216,US-2022-100398,2022-11-18,2022-06-20,Standard Class,Amara Martinez,Corporate,Labels Item 235,Office Supplies,Labels,2.42,1,0.0,0.79,Albany,New York,East
1217,US-2024-102815,2024-12-22,2024-06-29,Standard Class,Michael Kim,Consumer,Bookcases Item 536,Furniture,Bookcases,3350.56,8,0.3,-541.88,Pittsburgh,Pennsylvania,East
1218,US-2024-101762,2024-03-03,2024-03-05,Second Class,William Smith,Home Office,Storage Item 734,Office Supplies,Storage,194.04,3,0.15,1.01,Atlanta,Georgia,South
1219,US-2024-101814,2024-06-25,2024-06-28,Same Day,Linda Torres,Home Office,Paper Item 723,Office Supplies,Paper,14.14,7,0.0,4.58,Eugene,Oregon,West
1220,US-2024-101220,2024-08-28,2024-09-01,Second Class,Wei Davis,Consumer,Storage Item 487,Office Supplies,Storage,345.48,3,0.1,24.47,San Francisco,California,West
1221,US-2022-101546,2022-12-03,2022-06-08,Second Class,,Home Office,Phones Item 555,Technology,Phones,2438.45,5,0.0,832.77,Charlotte,North Carolina,South
1222,US-2022-100803,2022-11-15,2022-10-16,First Class,Jessica Singh,Home Office,Phones Item 659,Technology,Phones,808.28,4,0.0,205.15,Albany,New York,East
1223,US-2024-100587,2024-04-01,2024-04-07,Standard Class,John Rodriguez,Consumer,Furnishings Item 307,Furniture,Furnishings,1322.56,8,0.1,121.62,Worcester,Massachusetts,East
1224,US-2022-102786,2022-08-07,2022-08-12,Second Class,Patricia Brown,Consumer,Bookcases Item 799,Furniture,Bookcases,2054.61,3,0.1,109.01,Atlanta,Georgia,
1225,US-2023-102754,2023-12-28,2023-02-04,Standard Class,Aiden Lee,Home Office,Furnishings Item 433,Furniture,Furnishings,815.7,6,0.1,85.29,Seattle,Washington,West
1226,US-2024-101713,2024-03-13,2024-03-15,Second Class,Jennifer Williams,Consumer,Storage Item 990,Office Supplies,Storage,1019.22,6,0.0,279.17,Worcester,Massachusetts,East
1227,US-2024-102720,2024-10-27,2024-11-01,Same Day,Patricia Torres,Corporate,Accessories Item 739,Technology,Accessories,71.25,5,0.1,14.87,Houston,Texas,Central
1228,US-2023-103219,2023-12-19,2023-12-22,First Class,David Smith,Corporate,Printers Item 951,Technology,Printers,1469.64,4,0.1,92.51,Worcester,Massachusetts,East
1229,US-2022-102576,2022-02-21,2022-02-28,Standard Class,Patricia Brown,Home Office,Printers Item 409,Technology,Printers,1928.32,8,0.0,367.07,Worcester,Massachusetts,East
1230,US-2022-100807,2022-04-27,2022-05-02,Standard Class,Richard Miller,Corporate,Laptops Item 369,Technology,Laptops,6796.6,5,0.1,712.74,Spokane,Washington,West
1231,US-2022-102647,2022-02-20,2022-02-21,Standard Class,Robert Kim,Corporate,Binders Item 909,Office Supplies,Binders,31.44,6,0.15,-0.33,Albany,New York,East
1232,US-2024-102161,2024-11-10,2024-11-15,First Class,Mei Taylor,Home Office,Laptops Item 844,Technology,Laptops,1445.16,1,0.1,328.32,Seattle,Washington,West
1233,US-2022-100347,2022-12-18,2022-11-19,First Class,James Anderson,Corporate,Storage Item 740,Office Supplies,Storage,653.46,6,0.1,57.82,Los Angeles,California,West
1234,US-2022-103038,2022-12-07,2022-12-10,Standard Class,Wei Lee,Consumer,Laptops Item 588,Technology,Laptops,6669.32,7,0.15,-53.14,Nashville,Tennessee,South
1235,US-2022-100966,2022-07-14,2022-07-20,Same Day,Wei Jones,Home Office,Tables Item 207,Furniture,Tables,2255.96,4,0.15,219.5,Philadelphia,Pennsylvania,East
1236,US-2023-102840,2023-11-24,2023-12-25,Second Class,Carlos Martinez,Consumer,Paper Item 849,Office Supplies,Paper,116.24,4,0.5,-42.41,Nashville,Tennessee,South
1237,US-2024-101678,2024-02-12,2024-02-18,Second Class,John Thomas,Corporate,Bookcases Item 169,Furniture,Bookcases,589.53,3,0.0,97.5,Dallas,Texas,Central
1238,US-2022-101066,2022-09-21,2022-09-24,Standard Class,William Williams,Consumer,Art Item 988,Office Supplies,Art,85.85,5,0.0,13.09,Charlotte,North Carolina,South
1239,US-2024-102212,2024-12-19,2024-11-20,Second Class,Michael Singh,Consumer,Furnishings Item 891,Furniture,Furnishings,947.1,6,0.2,71.73,Las Vegas,Nevada,West
1240,US-2023-103315,2023-08-11,2023-08-13,First Class,Fatima Jones,Consumer,Tables Item 585,Furniture,Tables,4357.6,8,0.1,783.96,Boston,Massachusetts,East
1241,US-2024-100208,2024-11-03,2024-11-07,Second Class,Joseph Torres,Home Office,Labels Item 129,Office Supplies,Labels,49.59,3,0.0,11.89,Memphis,Tennessee,South
1242,US-2024-101519,2024-09-19,2024-09-22,Standard Class,John Chen,Home Office,Binders Item 254,Office Supplies,Binders,221.04,8,0.3,3.55,Detroit,Michigan,Central
1243,US-2024-101215,2024-08-18,2024-08-19,Same Day,Susan Garcia,Consumer,Storage Item 145,Office Supplies,Storage,73.08,1,0.0,23.95,Seattle,Washington,West
1244,US-2024-103456,2024-11-28,2024-11-05,Second Class,Jessica Martinez,Consumer,Laptops Item 220,Technology,Laptops,9191.44,8,0.1,2165.23,Columbus,Ohio,Central
1245,US-2024-100774,2024-07-21,2024-07-23,Standard Class,Aiden Walker,Corporate,Phones Item 442,Technology,Phones,2263.47,3,0.0,588.6,Charlotte,North Carolina,South
1246,US-2022-102475,2022-06-05,2022-06-06,Second Class,Michael Williams,Home Office,Phones Item 866,Technology,Phones,$3015.28,4,0.3,-33.14,Miami,Florida,South
1247,US-2024-102670,2024-07-04,2024-07-06,Second Class,Aiden Williams,Corporate,Tables Item 351,Furniture,Tables,6621.44,8,0.0,1001.41,Memphis,Tennessee,South
1248,US-2024-100588,2024-02-06,2024-02-09,Standard Class,Susan Thomas,Consumer,Printers Item 402,Technology,Printers,2867.76,7,0.15,266.69,Savannah,Georgia,South
1249,US-2022-101683,2022-02-26,2022-02-28,First Class,Robert Lee,Consumer,Tables Item 588,Furniture,Tables,5958.75,7,0.3,-314.18,Memphis,Tennessee,South
1250,US-2024-103477,2024-06-21,2024-06-24,Same Day,Carlos Thomas,Consumer,Printers Item 158,Technology,Printers,1873.92,6,0.15,-25.45,New York City,New York,East
1251,US-2022-101283,2022-08-20,2022-08-24,Same Day,Carlos Ali,Consumer,Labels Item 303,Office Supplies,Labels,22.54,2,0.4,-5.21,Austin,Texas,Central
1252,US-2024-101848,2024-10-26,2024-10-31,Standard Class,Jennifer Thomas,Consumer,Printers Item 333,Technology,Printers,518.88,2,0.1,23.88,Newark,New Jersey,East
1253,US-2022-101866,2022-10-07,2022-10-12,Standard Class,Aiden Rodriguez,Home Office,Printers Item 477,Technology,Printers,633.0,4,0.2,78.25,Pittsburgh,Pennsylvania,East
1254,US-2024-100705,2024-07-03,2024-07-09,Same Day,Susan Davis,Consumer,Paper Item 691,Office Supplies,Paper,145.44,6,0.0,47.07,Los Angeles,California,West
1255,US-2024-103456,2024-10-29,2024-11-05,Second Class,Jessica Martinez,Consumer,Laptops Item 220,Technology,Laptops,9191.44,8,0.1,2165.23,Columbus,Ohio,Central
1256,US-2022-101057,2022-01-27,2022-01-30,Second Class,William Chen,Home Office,Printers Item 418,Technology,Printers,703.2,4,0.1,153.86,Ann Arbor,Michigan,Central
1257,US-2022-101479,2022-05-27,2022-05-29,Same Day,Mei Davis,Corporate,Paper Item 776,Office Supplies,Paper,29.7,1,0.3,-0.23,Austin,Texas,Central
1258,US-2023-102251,2023-06-13,2023-06-16,Second Class,Mary Davis,Consumer,Art Item 744,Office Supplies,Art,399.6,8,0.1,57.04,Nashville,Tennessee,South
1259,US-2022-102919,2022-03-17,2022-03-21,First Class,Robert Miller,Corporate,Binders Item 179,Office Supplies,Binders,428.32,8,0.15,28.78,Houston,Texas,Central
1260,US-2024-102354,2024-04-15,2024-04-20,Same Day,Carlos Williams,Home Office,Phones Item 836,Technology,Phones,4432.8,6,0.2,-136.79,Boston,Massachusetts,East
1261,US-2023-100853,2023-03-25,2023-03-28,Standard Class,Robert Lee,Corporate,Phones Item 519,Technology,Phones,2398.15,5,0.1,146.61,Memphis,Tennessee,South
1262,US-2023-100954,2023-11-15,2023-12-16,First Class,Diego Smith,Consumer,Phones Item 773,Technology,Phones,868.56,1,0.2,3.12,Pittsburgh,Pennsylvania,East
1263,US-2024-100728,2024-08-20,2024-08-22,Second Class,Wei Davis,Home Office,Printers Item 132,Technology,Printers,95.8,1,0.1,21.67,Savannah,Georgia,South
1264,US-2023-100603,2023-01-11,2023-01-17,Standard Class,Amara Torres,Home Office,Printers Item 144,Technology,Printers,2672.72,8,0.1,518.73,Newark,New Jersey,East
1265,US-2022-102667,2022-02-12,2022-02-15,Second Class,Diego Jones,Consumer,Art Item 820,Office Supplies,Art,69.12,6,0.15,3.15,Ann Arbor,Michigan,Central
1266,US-2023-100005,2023-08-12,2023-08-14,Standard Class,Diego Rodriguez,Consumer,Binders Item 878,Office Supplies,Binders,74.52,2,0.0,21.73,Raleigh,North Carolina,South
1267,US-2023-100332,2023-06-05,2023-06-08,Same Day,Carlos Anderson,Corporate,Paper Item 100,Office Supplies,Paper,175.14,7,0.2,-3.95,Charlotte,North Carolina,South
1268,US-2022-102322,2022-01-11,2022-01-18,Second Class,Jennifer Garcia,Corporate,Accessories Item 777,Technology,Accessories,781.14,6,0.1,51.82,Newark,New Jersey,East
1269,US-2022-101684,2022-12-27,2022-12-29,Second Class,Richard Walker,Consumer,Tables Item 208,Furniture,Tables,1078.83,3,0.0,219.98,Newark,New Jersey,East
1270,US-2024-101074,2024-02-06,2024-02-11,Same Day,Amara Chen,Consumer,Phones Item 872,Technology,Phones,2472.25,5,0.0,547.75,Newark,New Jersey,East
1271,US-2022-102323,2022-12-06,2022-11-09,First Class,Sarah Miller,Home Office,Art Item 953,Office Supplies,Art,405.16,7,0.4,-57.37,Newark,New Jersey,East
1272,US-2023-101902,2023-04-05,2023-04-08,First Class,David Patel,Home Office,Art Item 393,Office Supplies,Art,265.64,4,0.2,33.66,Miami,Florida,South
1273,US-2022-101237,2022-04-05,2022-04-10,Standard Class,James Nguyen,Home Office,Art Item 231,Office Supplies,Art,512.47,7,0.5,-130.97,Springfield,Illinois,Central
1274,US-2023-101944,2023-11-08,2023-05-14,Second Class,Mei Miller,Consumer,Binders Item 317,Office Supplies,Binders,276.2,5,0.15,30.96,Savannah,Georgia,South
1275,US-2024-100682,2024-02-18,2024-02-22,First Class,Mary Anderson,Consumer,Tables Item 444,Furniture,Tables,1196.74,2,0.3,-64.25,Chicago,Illinois,Central
1276,US-2024-100405,2024-12-11,2024-12-12,Same Day,Richard Walker,Consumer,Binders Item 842,Office Supplies,Binders,28.7,1,0.1,1.8,Boston,Massachusetts,East
1277,US-2024-100584,2024-02-14,2024-02-20,First Class,Diego Patel,Home Office,Laptops Item 539,Technology,Laptops,7591.36,4,0.0,1909.18,Miami,Florida,South
1278,US-2023-102012,2023-05-16,2023-05-17,Same Day,Amara Brown,Consumer,Accessories Item 719,Technology,Accessories,416.52,4,0.15,62.57,New York City,New York,East
1279,US-2024-102218,2024-07-17,2024-07-24,Same Day,William Brown,Corporate,Bookcases Item 986,Furniture,Bookcases,250.2,2,0.2,-3.47,Pittsburgh,Pennsylvania,East
1280,US-2024-101995,2024-06-08,2024-06-11,Same Day,Patricia Torres,Corporate,Art Item 516,Office Supplies,Art,60.62,2,0.1,12.98,Tampa,Florida,South
1281,US-2024-100070,2024-12-28,2024-12-29,Second Class,Linda Lee,Consumer,Accessories Item 275,Technology,Accessories,182.73,3,0.15,32.77,Columbus,Ohio,Central
1282,US-2024-100162,2024-11-23,2024-10-30,Same Day,Linda Williams,Home Office,Phones Item 511,Technology,Phones,4516.05,7,0.1,433.48,San Francisco,California,West
1283,US-2022-102109,2022-11-04,2022-04-06,First Class,Mary Khan,Home Office,Tables Item 545,Furniture,Tables,1066.08,8,0.0,266.12,Eugene,Oregon,West
1284,US-2022-102902,2022-05-02,2022-05-07,First Class,William Rodriguez,Home Office,Storage Item 374,Office Supplies,Storage,261.08,4,0.2,24.33,Jersey City,New Jersey,East
1285,US-2023-101178,2023-09-07,2023-09-11,Standard Class,Mary Ali,Corporate,Storage Item 435,Office Supplies,Storage,297.88,2,0.1,19.1,Detroit,Michigan,Central
1286,US-2023-103082,2023-07-01,2023-07-04,Standard Class,Sarah Miller,Consumer,Labels Item 451,Office Supplies,Labels,61.84,8,0.3,-6.53,Boston,Massachusetts,East
1287,US-2022-101896,2022-12-23,2022-12-29,Standard Class,Fatima Patel,Corporate,Printers Item 353,Technology,Printers,1341.48,7,0.0,219.26,Nashville,Tennessee,South
1288,US-2024-101664,2024-07-22,2024-07-25,Same Day,Wei Martinez,Consumer,Art Item 498,Office Supplies,Art,456.61,7,0.15,40.46,Las Vegas,Nevada,West
1289,US-2023-101865,2023-12-29,2024-01-03,Same Day,James Taylor,Corporate,Labels Item 823,Office Supplies,Labels,22.96,4,0.3,-1.4,Detroit,Michigan,Central
1290,US-2024-100688,2024-07-07,2024-07-13,Standard Class,Priya Miller,Consumer,Bookcases Item 594,Furniture,Bookcases,1399.68,6,0.3,-8.19,Seattle,Washington,West
1291,US-2022-102375,2022-10-11,2022-10-18,Same Day,Diego Smith,Consumer,Binders Item 262,Office Supplies,Binders,75.99,3,0.0,23.59,Springfield,Illinois,Central
1292,US-2023-103158,2023-10-22,2023-10-27,First Class,Mei Taylor,Consumer,Chairs Item 430,Furniture,Chairs,1456.88,8,0.0,490.51,Eugene,Oregon,West
1293,US-2024-100414,2024-06-15,2024-06-21,Second Class,Amara Wilson,Consumer,Storage Item 297,Office Supplies,Storage,632.56,8,0.0,138.78,Detroit,Michigan,Central
1294,US-2024-100993,2024-03-03,2024-03-09,First Class,Joseph Jones,Corporate,Labels Item 541,Office Supplies,Labels,35.49,7,0.15,0.04,Newark,New Jersey,East
1295,US-2024-102220,2024-05-10,2024-05-16,Same Day,Aiden Davis,Corporate,Laptops Item 370,Technology,Laptops,10932.65,5,0.15,362.24,Atlanta,Georgia,South
1296,US-2022-100963,2022-10-23,2022-10-27,Standard Class,Aiden Lee,Corporate,Printers Item 880,Technology,Printers,492.98,1,0.2,-25.34,San Francisco,California,West
1297,US-2023-102498,2023-05-19,2023-05-23,Standard Class,Sarah Lee,Home Office,Phones Item 624,Technology,Phones,1610.64,8,0.0,530.67,Spokane,Washington,West
1298,US-2022-101058,2022-09-20,2022-09-23,Same Day,Wei Chen,Consumer,Accessories Item 557,Technology,Accessories,609.6,6,0.2,-24.13,Tampa,Florida,South
1299,US-2022-100681,2022-11-01,2022-11-03,Standard Class,Patricia Brown,Corporate,Binders Item 139,Office Supplies,Binders,165.0,3,0.0,31.7,Savannah,Georgia,South
1300,US-2024-101966,2024-01-19,2024-01-25,Same Day,John Kim,Corporate,Paper Item 728,Office Supplies,Paper,301.28,8,0.4,-76.45,Columbus,Ohio,Central
1301,US-2024-102694,2024-10-14,2024-10-17,Same Day,Diego Martinez,Corporate,Tables Item 561,Furniture,Tables,912.82,2,0.1,213.05,Savannah,Georgia,South
1302,US-2024-100373,2024-03-08,2024-03-10,Standard Class,Robert Lee,Home Office,Labels Item 978,Office Supplies,Labels,22.02,3,0.15,3.63,Dallas,Texas,Central
1303,US-2024-102948,2024-02-11,2024-02-14,Standard Class,David Wilson,Consumer,Chairs Item 919,Furniture,Chairs,2113.04,8,0.0,420.84,Eugene,Oregon,West
1304,US-2023-100662,2023-05-22,2023-05-23,First Class,Priya Davis,Home Office,Printers Item 212,Technology,Printers,3733.31,7,0.0,723.68,Newark,New Jersey,East
1305,US-2024-100867,2024-12-07,2024-12-13,Second Class,Mary Rodriguez,Home Office,Storage Item 719,Office Supplies,Storage,337.5,3,0.0,79.39,Cleveland,Ohio,Central
1306,US-2023-100152,2023-08-04,2023-08-07,Second Class,Diego Walker,Corporate,Art Item 907,Office Supplies,Art,227.75,5,0.0,63.2,Savannah,Georgia,South
1307,US-2023-100282,2023-06-04,2023-06-07,Same Day,Elizabeth Lee,Corporate,Tables Item 726,Furniture,Tables,1463.7,7,0.15,-17.7,Worcester,Massachusetts,East
1308,US-2024-101759,2024-03-30,2024-04-06,First Class,Diego Lee,Home Office,Storage Item 250,Office Supplies,Storage,30.74,1,0.5,-9.93,Reno,Nevada,West
1309,US-2024-103147,2024-02-26,2024-03-04,First Class,Patricia Nguyen,Corporate,Furnishings Item 348,Furniture,Furnishings,1672.23,7,0.0,357.76,Spokane,Washington,West
1310,US-2023-102115,2023-11-02,2023-02-08,Same Day,Aiden Thomas,Corporate,Furnishings Item 411,Furniture,Furnishings,381.66,3,0.0,71.75,Miami,Florida,South
1311,US-2022-101782,2022-11-03,2022-11-05,Standard Class,Aiden Lee,Consumer,Chairs Item 797,Furniture,Chairs,340.28,4,0.15,23.38,Columbus,Ohio,Central
1312,US-2024-101642,2024-06-19,2024-06-23,Second Class,Mei Kim,Corporate,Storage Item 945,Office Supplies,Storage,519.51,3,0.3,-1.81,Cleveland,Ohio,Central
1313,US-2022-103418,2022-12-25,2022-05-31,Same Day,Patricia Lee,Consumer,Paper Item 172,Office Supplies,Paper,145.44,4,,-53.62,Orlando,Florida,South
1314,US-2024-100133,2024-05-06,2024-05-11,Standard Class,James Taylor,Home Office,Printers Item 931,Technology,Printers,3753.61,7,0.1,706.26,Jersey City,New Jersey,East
1315,US-2024-103324,2024-06-26,2024-07-03,Second Class,John Anderson,Consumer,Labels Item 588,Office Supplies,Labels,113.35,5,0.1,24.85,Los Angeles,California,West
1316,US-2024-101662,2024-11-21,2024-01-28,First Class,Patricia Miller,Home Office,Labels Item 132,Office Supplies,Labels,19.63,1,0.15,2.0,Los Angeles,California,West
1317,US-2024-101091,2024-10-30,2024-11-06,Standard Class,Carlos Khan,Consumer,Laptops Item 173,Technology,Laptops,949.56,1,0.3,-130.54,Spokane,Washington,West
1318,US-2023-103491,2023-08-18,2023-08-22,First Class,Sarah Jones,Consumer,Storage Item 200,Office Supplies,Storage,305.46,6,0.1,45.0,Spokane,Washington,West
1319,US-2024-102490,2024-02-14,2024-02-17,Same Day,Wei Martinez,Consumer,Laptops Item 947,Technology,Laptops,2811.9,7,0.3,-484.06,Tampa,Florida,South
1320,US-2024-100606,2024-11-28,2024-04-04,Second Class,Elizabeth Nguyen,Consumer,Art Item 110,Office Supplies,Art,258.72,7,0.0,62.16,San Diego,California,West
1321,US-2023-102904,2023-05-13,2023-05-18,Same Day,Linda Williams,Consumer,Accessories Item 831,Technology,Accessories,57.91,1,0.3,0.94,Detroit,Michigan,Central
1322,US-2023-102828,2023-04-21,2023-04-27,Same Day,Fatima Wilson,Consumer,Paper Item 163,Office Supplies,Paper,54.32,8,0.2,-2.39,Dallas,Texas,Central
1323,US-2024-100926,2024-11-19,2024-06-25,First Class,Mary Garcia,Home Office,Paper Item 924,Office Supplies,Paper,64.3,5,0.1,13.07,Cleveland,Ohio,Central
1324,US-2022-101962,2022-05-30,2022-06-01,Second Class,Carlos Rodriguez,Corporate,Paper Item 452,Office Supplies,Paper,95.31,3,0.3,-12.09,Spokane,Washington,West
1325,US-2022-103282,2022-02-09,2022-02-14,Standard Class,Aiden Patel,Corporate,Chairs Item 543,Furniture,Chairs,986.16,7,0.15,99.0,Portland,Oregon,West
1326,US-2022-102558,2022-04-05,2022-04-06,Same Day,Jessica Jones,Corporate,Labels Item 261,Office Supplies,Labels,59.92,7,0.1,9.96,Worcester,Massachusetts,East
1327,US-2024-100484,2024-11-23,2024-11-30,Second Class,Diego Martinez,Corporate,Furnishings Item 318,Furniture,Furnishings,556.14,3,0.3,-67.06,Springfield,Illinois,Central
1328,US-2022-102424,2022-11-28,2022-12-01,First Class,Amara Miller,Corporate,Art Item 528,Office Supplies,Art,152.16,2,0.1,10.38,Newark,New Jersey,East
1329,US-2023-102257,2023-01-09,2023-01-13,First Class,Carlos Taylor,Corporate,Phones Item 603,Technology,Phones,1748.56,8,0.0,481.09,Springfield,Illinois,Central
1330,US-2023-102173,2023-09-05,2023-09-10,Standard Class,Jessica Miller,Home Office,Accessories Item 807,Technology,Accessories,369.28,4,0.1,40.85,Newark,New Jersey,East
1331,US-2022-102930,2022-12-05,2022-12-11,Second Class,Wei Johnson,Corporate,Phones Item 958,Technology,Phones,824.9,5,0.0,220.51,Houston,Texas,Central
1332,US-2024-101538,2024-12-03,2024-06-07,Same Day,,Home Office,Phones Item 804,Technology,Phones,598.25,1,0.0,193.37,Seattle,Washington,West
1333,US-2022-102605,2022-01-12,2022-01-17,First Class,Joseph Torres,Home Office,Paper Item 507,Office Supplies,Paper,280.32,8,0.1,21.34,Boston,Massachusetts,East
1334,US-2024-101524,2024-02-13,2024-02-20,First Class,Jennifer Singh,Home Office,Tables Item 884,Furniture,Tables,438.18,1,0.3,-48.5,Dallas,Texas,Central
1335,US-2024-103420,2024-12-18,2024-12-22,First Class,Michael Rodriguez,Corporate,Binders Item 936,Office Supplies,Binders,12.09,1,0.0,4.15,Seattle,Washington,West
1336,US-2024-103467,2024-03-02,2024-03-03,Second Class,David Jones,Consumer,Storage Item 558,Office Supplies,Storage,282.06,3,0.15,3.03,Worcester,Massachusetts,East
1337,US-2023-100034,2023-04-17,2023-04-22,First Class,Jennifer Singh,Corporate,Paper Item 982,Office Supplies,Paper,22.08,3,0.1,4.43,San Francisco,California,West
1338,US-2024-102515,2024-11-26,2024-12-03,Second Class,Mei Kim,Consumer,Labels Item 810,Office Supplies,Labels,149.6,8,0.4,-39.75,New York City,New York,East
1339,US-2022-100925,2022-10-14,2022-10-16,First Class,Mary Ali,Consumer,Labels Item 479,Office Supplies,Labels,112.0,5,0.15,12.79,Raleigh,North Carolina,South
1340,US-2023-100521,2023-06-16,2023-06-23,Standard Class,Diego Rodriguez,Home Office,Tables Item 118,Furniture,Tables,2126.36,4,0.0,655.23,Memphis,Tennessee,South
1341,US-2022-101384,2022-11-18,2022-11-23,Second Class,Jennifer Williams,Home Office,Labels Item 987,Office Supplies,Labels,113.44,8,0.0,22.5,Seattle,Washington,West
1342,US-2023-100901,2023-11-18,2023-11-25,First Class,Aiden Anderson,Consumer,Art Item 534,Office Supplies,Art,460.44,6,0.2,35.68,Charlotte,North Carolina,South
1343,US-2023-101075,2023-08-08,2023-08-12,Standard Class,Diego Davis,Home Office,Bookcases Item 767,Furniture,Bookcases,2704.87,7,0.0,853.79,Columbus,Ohio,Central
1344,US-2023-100864,2023-10-04,2023-10-10,Second Class,John Lee,Corporate,Labels Item 825,Office Supplies,Labels,109.76,8,0.1,26.27,Orlando,Florida,South
1345,US-2024-100041,2024-12-11,2024-07-12,First Class,James Ali,Home Office,Furnishings Item 761,Furniture,Furnishings,655.53,3,0.4,-108.39,Las Vegas,Nevada,West
1346,US-2022-101910,2022-02-26,2022-02-27,Same Day,Linda Miller,Home Office,Binders Item 716,Office Supplies,Binders,149.34,3,0.0,36.66,Los Angeles,California,West
1347,US-2024-100027,2024-05-16,2024-05-23,Standard Class,Carlos Martinez,Home Office,Bookcases Item 419,Furniture,Bookcases,1324.98,2,0.1,290.12,Portland,Oregon,West
1348,US-2022-101520,2022-12-31,2023-01-05,First Class,Diego Martinez,Corporate,Labels Item 204,Office Supplies,Labels,17.75,5,0.15,1.58,Austin,Texas,Central
1349,US-2024-100224,2024-12-01,2024-12-06,First Class,Diego Rodriguez,Home Office,Storage Item 237,Office Supplies,Storage,987.05,5,0.1,188.21,Chicago,Illinois,Central
1350,US-2024-102359,2024-08-22,2024-08-23,Same Day,John Patel,Corporate,Storage Item 946,Office Supplies,Storage,125.27,1,0.2,16.18,Buffalo,New York,East
1351,US-2023-100690,2023-07-11,2023-07-13,Second Class,Linda Jones,Consumer,Art Item 685,Office Supplies,Art,223.58,7,0.1,35.46,Spokane,Washington,West
1352,US-2024-100639,2024-07-02,2024-07-03,Same Day,,Consumer,Storage Item 349,Office Supplies,Storage,478.24,8,0.0,166.11,Spokane,Washington,West
1353,US-2022-100016,2022-08-26,2022-08-27,Second Class,Mary Garcia,Consumer,Phones Item 497,Technology,Phones,3028.3,5,0.5,-1108.04,Miami,Florida,South
1354,US-2024-101416,2024-01-30,2024-02-01,First Class,Diego Thomas,Home Office,Paper Item 185,Office Supplies,Paper,20.27,1,0.1,3.5,Tampa,Florida,South
1355,US-2023-100977,2023-07-20,2023-07-22,Same Day,William Williams,Home Office,Accessories Item 857,Technology,Accessories,187.5,2,0.0,55.71,Nashville,Tennessee,South
1356,US-2024-101109,2024-06-05,2024-06-10,Standard Class,Priya Kim,Consumer,Accessories Item 675,Technology,Accessories,1008.96,8,0.2,-13.82,Nashville,Tennessee,South
1357,US-2024-101792,2024-09-22,2024-09-29,Same Day,Wei Williams,Consumer,Accessories Item 497,Technology,Accessories,60.6,1,0.0,19.51,Spokane,Washington,West
1358,US-2022-100046,2022-09-26,2022-10-01,Same Day,Michael Taylor,Consumer,Labels Item 285,Office Supplies,Labels,4.75,1,0.15,0.61,Austin,Texas,Central
1359,US-2022-102384,2022-10-19,2022-10-23,Standard Class,,Home Office,Tables Item 288,Furniture,Tables,5502.14,7,0.15,24.61,Miami,Florida,South
1360,US-2024-102496,2024-04-23,2024-04-29,Standard Class,Wei Brown,Home Office,Chairs Item 540,Furniture,Chairs,3424.26,7,0.15,341.44,Seattle,Washington,West
1361,US-2022-100052,2022-11-03,2022-11-08,Same Day,Richard Singh,Corporate,Binders Item 343,Office Supplies,Binders,20.92,1,0.0,5.27,Jersey City,New Jersey,East
1362,US-2023-102070,2023-05-28,2023-06-01,First Class,Robert Walker,Home Office,Printers Item 678,Technology,Printers,2129.15,5,0.1,322.17,Reno,Nevada,West
1363,US-2023-101522,2023-06-18,2023-06-23,Same Day,Patricia Williams,Consumer,Laptops Item 857,Technology,Laptops,4227.65,7,0.15,277.84,Chicago,Illinois,Central
1364,US-2022-102188,2022-03-27,2022-04-01,Second Class,Michael Rodriguez,Corporate,Accessories Item 481,Technology,Accessories,489.84,6,0.15,40.0,Savannah,Georgia,South
1365,US-2024-103387,2024-12-14,2024-05-18,Same Day,Mei Davis,Home Office,Storage Item 282,Office Supplies,Storage,398.04,3,0.0,72.82,Worcester,Massachusetts,East
1366,US-2023-102392,2023-11-11,2023-06-18,First Class,Carlos Khan,Corporate,Bookcases Item 572,Furniture,Bookcases,3395.52,8,0.0,707.19,Tampa,Florida,South
1367,US-2024-100183,2024-09-19,2024-09-22,First Class,Patricia Nguyen,Corporate,Storage Item 284,Office Supplies,Storage,1513.36,8,0.1,177.4,Buffalo,New York,East
1368,US-2022-102041,2022-10-15,2022-10-22,Standard Class,Diego Patel,Corporate,Printers Item 483,Technology,Printers,2200.1,5,0.1,190.68,Reno,Nevada,West
1369,US-2023-101714,2023-09-07,2023-09-11,Second Class,Joseph Williams,Corporate,Bookcases Item 293,Furniture,Bookcases,3005.17,7,0.0,826.19,Houston,Texas,Central
1370,US-2023-103365,2023-02-25,2023-03-02,First Class,Priya Garcia,Consumer,Accessories Item 760,Technology,Accessories,289.24,2,0.0,90.08,Orlando,Florida,South
1371,US-2024-100937,2024-11-09,2024-11-13,Same Day,Michael Johnson,Consumer,Paper Item 167,Office Supplies,Paper,169.76,8,0.0,54.01,Detroit,Michigan,Central
1372,US-2022-101810,2022-10-01,2022-10-04,Second Class,Michael Johnson,Corporate,Phones Item 923,Technology,Phones,2240.82,3,0.3,-324.86,Pittsburgh,Pennsylvania,East
1373,US-2024-100130,2024-03-26,2024-03-29,First Class,Fatima Davis,Home Office,Tables Item 900,Furniture,Tables,4448.4,8,0.0,753.72,Savannah,Georgia,South
1374,US-2023-102604,2023-11-02,2023-06-09,First Class,Robert Davis,Home Office,Tables Item 753,Furniture,Tables,3707.35,5,0.3,-345.13,Orlando,Florida,South
1375,US-2024-102548,2024-03-03,2024-03-09,Standard Class,Wei Smith,Corporate,Chairs Item 980,Furniture,Chairs,79.87,1,0.3,-7.38,Cleveland,Ohio,
1376,US-2022-102980,2022-11-24,2022-12-01,Second Class,Elizabeth Johnson,Home Office,Accessories Item 273,Technology,Accessories,235.52,2,0.1,47.62,Charlotte,North Carolina,South
1377,US-2024-101107,2024-01-11,2024-01-13,First Class,Susan Chen,Consumer,Paper Item 870,Office Supplies,Paper,18.76,7,0.3,0.24,Las Vegas,Nevada,West
1378,US-2024-100956,2024-06-17,2024-06-21,Second Class,Patricia Brown,Corporate,Laptops Item 704,Technology,Laptops,6650.63,7,0.0,2163.65,Orlando,Florida,South
1379,US-2024-100438,2024-12-14,2024-12-21,Standard Class,John Rodriguez,Home Office,Accessories Item 644,Technology,Accessories,108.4,8,0.1,7.72,Charlotte,North Carolina,South
1380,US-2023-102622,2023-07-02,2023-07-03,First Class,Aiden Thomas,Consumer,Storage Item 304,Office Supplies,Storage,539.3,5,0.4,-58.25,Reno,Nevada,West
1381,US-2024-102068,2024-05-18,2024-05-20,Second Class,Aiden Brown,Corporate,Printers Item 796,Technology,Printers,2720.2,7,0.0,416.87,Detroit,Michigan,Central
1382,US-2022-100520,2022-04-03,2022-04-04,Same Day,Amara Garcia,Corporate,Paper Item 701,Office Supplies,Paper,13.44,3,0.3,-1.57,San Diego,California,West
1383,US-2022-102050,2022-10-29,2022-11-04,Standard Class,Susan Garcia,Home Office,Phones Item 229,Technology,Phones,2063.64,6,0.0,321.04,Jersey City,New Jersey,East
1384,US-2023-103448,2023-07-24,2023-07-26,Standard Class,Priya Kim,Corporate,Printers Item 151,Technology,Printers,1007.1,3,,-0.76,Nashville,Tennessee,South
1385,US-2023-102470,2023-01-30,2023-02-01,Second Class,Fatima Rodriguez,Consumer,Tables Item 133,Furniture,Tables,5677.92,8,0.0,1773.56,Pittsburgh,Pennsylvania,East
1386,US-2023-103075,2023-12-03,2023-08-07,Same Day,Linda Rodriguez,Consumer,Paper Item 769,Office Supplies,Paper,154.5,6,0.1,35.42,Ann Arbor,Michigan,Central
1387,US-2024-102716,2024-06-01,2024-06-07,First Class,Joseph Williams,Consumer,Labels Item 549,Office Supplies,Labels,31.94,2,0.0,5.36,Spokane,Washington,West
1388,US-2023-101202,2023-12-16,2023-12-19,Same Day,James Singh,Home Office,Laptops Item 268,Technology,Laptops,5686.65,5,0.0,1206.95,Jersey City,New Jersey,East
1389,US-2023-101165,2023-11-05,2023-06-09,First Class,Amara Brown,Home Office,Bookcases Item 334,Furniture,Bookcases,474.57,1,0.2,-28.37,Boston,Massachusetts,East
1390,US-2023-101913,2023-08-03,2023-08-08,Standard Class,Fatima Rodriguez,Consumer,Binders Item 968,Office Supplies,Binders,29.84,2,0.1,1.7,San Francisco,California,West
1391,US-2024-102131,2024-12-25,2024-12-29,Same Day,Diego Williams,Corporate,Phones Item 596,Technology,Phones,945.44,4,0.3,-3.16,Buffalo,New York,East
1392,US-2024-102891,2024-06-12,2024-06-16,Same Day,Aiden Torres,Home Office,Tables Item 107,Furniture,Tables,4974.56,8,0.1,602.12,Ann Arbor,Michigan,Central
1393,US-2022-101941,2022-03-30,2022-03-31,Same Day,Diego Patel,Consumer,Bookcases Item 554,Furniture,Bookcases,2349.0,6,0.1,437.61,Atlanta,Georgia,South
1394,US-2022-100134,2022-11-01,2022-04-06,Same Day,Aiden Rodriguez,Corporate,Storage Item 208,Office Supplies,Storage,431.85,3,0.15,54.2,Los Angeles,California,West
1395,US-2024-103073,2024-04-13,2024-04-17,Same Day,Jessica Lee,Consumer,Chairs Item 968,Furniture,Chairs,3236.72,8,0.4,-829.82,Portland,Oregon,West
1396,US-2023-101624,2023-07-08,2023-07-12,Standard Class,James Thomas,Consumer,Storage Item 220,Office Supplies,Storage,537.6,5,0.1,65.8,Pittsburgh,Pennsylvania,East
1397,US-2022-102978,2022-09-16,2022-09-23,Same Day,Sarah Lee,Corporate,Paper Item 562,Office Supplies,Paper,18.5,5,0.2,1.01,Chicago,Illinois,Central
1398,US-2022-100142,2022-10-10,2022-10-15,Same Day,Linda Williams,Consumer,Laptops Item 598,Technology,Laptops,7532.35,7,0.1,442.87,Boston,Massachusetts,East
1399,US-2023-101317,2023-04-14,2023-04-18,Standard Class,Michael Miller,Corporate,Printers Item 295,Technology,Printers,82.27,1,0.2,-3.01,Spokane,Washington,West
1400,US-2024-100200,2024-04-27,2024-05-04,Second Class,William Rodriguez,Consumer,Binders Item 960,Office Supplies,Binders,91.6,2,0.15,12.45,Houston,Texas,Central
1401,US-2023-102829,2023-05-19,2023-05-21,Standard Class,James Brown,Consumer,Printers Item 156,Technology,Printers,1726.48,4,0.15,270.57,Nashville,Tennessee,South
1402,US-2024-101853,2024-03-28,2024-04-03,Standard Class,Mei Nguyen,Consumer,Chairs Item 746,Furniture,Chairs,1430.25,3,0.0,467.65,Albany,New York,East
1403,US-2022-100028,2022-08-10,2022-08-13,First Class,Linda Davis,Corporate,Tables Item 687,Furniture,Tables,4626.56,8,0.0,1547.01,Austin,Texas,Central
1404,US-2022-100737,2022-07-23,2022-07-24,Standard Class,Aiden Patel,Home Office,Printers Item 116,Technology,Printers,2684.15,5,0.2,29.06,Jersey City,New Jersey,East
1405,US-2023-103246,2023-10-23,2023-10-29,First Class,Michael Thomas,Corporate,Laptops Item 413,Technology,Laptops,1486.83,1,0.0,311.91,Ann Arbor,Michigan,Central
1406,US-2024-100574,2024-08-08,2024-08-15,Same Day,Sarah Williams,Corporate,Labels Item 766,Office Supplies,Labels,20.34,1,0.1,3.49,Las Vegas,Nevada,West
1407,US-2022-102958,2022-03-08,2022-03-15,Same Day,Mei Ali,Corporate,Phones Item 817,Technology,Phones,4303.6,8,0.1,244.63,San Diego,California,West
1408,US-2024-102590,2024-10-05,2024-10-09,Same Day,James Taylor,Home Office,Printers Item 314,Technology,Printers,2879.6,8,0.1,641.13,Raleigh,North Carolina,South
1409,US-2024-100365,2024-11-08,2024-01-09,Standard Class,Elizabeth Patel,Corporate,Accessories Item 477,Technology,Accessories,114.69,3,0.5,-42.12,Las Vegas,Nevada,West
1410,US-2023-103293,2023-06-07,2023-06-11,Second Class,Sarah Walker,Consumer,Storage Item 759,Office Supplies,Storage,971.53,7,0.0,225.45,Houston,Texas,Central
1411,US-2023-103400,2023-11-23,2023-12-25,Same Day,Michael Williams,Corporate,Binders Item 713,Office Supplies,Binders,25.77,3,0.1,3.75,Houston,Texas,Central
1412,US-2024-102716,2024-12-01,2024-06-07,First Class,Joseph Williams,Consumer,Labels Item 549,Office Supplies,Labels,31.94,2,0.0,5.36,Spokane,Washington,West
1413,US-2022-100478,2022-04-26,2022-05-02,Second Class,Joseph Anderson,Consumer,Accessories Item 763,Technology,Accessories,411.78,6,0.1,48.02,Eugene,Oregon,West
1414,US-2022-102189,2022-06-09,2022-06-13,First Class,Fatima Anderson,Home Office,Tables Item 966,Furniture,Tables,2843.61,7,0.0,903.78,Miami,Florida,South
1415,US-2023-102343,2023-04-03,2023-04-10,Second Class,Richard Singh,Consumer,Labels Item 583,Office Supplies,Labels,59.52,3,0.1,7.06,Seattle,Washington,West
1416,US-2023-100033,2023-03-09,2023-03-16,Second Class,Richard Singh,Corporate,Binders Item 435,Office Supplies,Binders,19.01,1,0.0,4.91,Spokane,Washington,West
1417,US-2023-100990,2023-11-28,2023-12-03,First Class,Elizabeth Nguyen,Consumer,Printers Item 494,Technology,Printers,$2669.1,5,0.0,849.81,Seattle,Washington,West
1418,US-2023-101964,2023-07-17,2023-07-23,Standard Class,Patricia Nguyen,Corporate,Paper Item 267,Office Supplies,Paper,24.93,1,0.0,7.03,Portland,Oregon,West
1419,US-2024-100303,2024-02-20,2024-02-25,First Class,Carlos Patel,Home Office,Furnishings Item 248,Furniture,Furnishings,382.0,8,0.3,-33.56,Worcester,Massachusetts,East
1420,US-2022-100488,2022-03-28,2022-04-03,Same Day,David Jones,Consumer,Storage Item 980,Office Supplies,Storage,62.31,3,0.15,2.33,Buffalo,New York,East
1421,US-2024-101388,2024-04-16,2024-04-23,First Class,Mary Davis,Consumer,Laptops Item 103,Technology,Laptops,5535.36,4,0.0,1309.46,San Francisco,California,West
1422,US-2023-100249,2023-04-05,2023-04-11,Same Day,Jennifer Garcia,Home Office,Furnishings Item 903,Furniture,Furnishings,308.48,2,0.15,0.17,Chicago,Illinois,Central
1423,US-2024-102455,2024-10-07,2024-10-09,First Class,Amara Nguyen,Consumer,Art Item 886,Office Supplies,Art,424.34,7,0.0,110.05,Newark,New Jersey,East
1424,US-2023-101133,2023-07-26,2023-07-30,Second Class,Elizabeth Rodriguez,Consumer,Paper Item 827,Office Supplies,Paper,150.42,6,0.15,16.74,Las Vegas,Nevada,West
1425,US-2023-100294,2023-12-31,2024-01-02,Standard Class,James Williams,Consumer,Laptops Item 792,Technology,Laptops,2146.2,4,0.3,-331.0,Pittsburgh,Pennsylvania,East
1426,US-2022-100960,2022-09-20,2022-09-25,Second Class,Amara Wilson,Home Office,Laptops Item 581,Technology,Laptops,3314.25,3,0.15,223.79,Columbus,Ohio,Central
1427,US-2024-103461,2024-01-23,2024-01-26,Second Class,Amara Johnson,Corporate,Art Item 247,Office Supplies,Art,75.08,1,0.1,3.73,Worcester,Massachusetts,East
1428,US-2024-102853,2024-05-06,2024-05-11,Standard Class,David Williams,Consumer,Laptops Item 260,Technology,Laptops,6142.56,3,0.2,-103.58,Jersey City,New Jersey,East
1429,US-2023-102316,2023-01-04,2023-01-08,Same Day,Jessica Taylor,Consumer,Binders Item 836,Office Supplies,Binders,49.2,5,0.15,2.33,Chicago,Illinois,Central
1430,US-2022-101218,2022-12-22,2022-03-28,Same Day,Mary Wilson,Corporate,Labels Item 312,Office Supplies,Labels,168.77,7,0.2,1.33,Eugene,Oregon,West
1431,US-2023-102021,2023-01-12,2023-01-15,First Class,Carlos Patel,Home Office,Accessories Item 557,Technology,Accessories,131.25,1,,27.29,Detroit,Michigan,Central
1432,US-2022-100099,2022-12-07,2022-01-13,Second Class,David Thomas,Consumer,Bookcases Item 146,Furniture,Bookcases,530.09,1,0.1,116.31,Nashville,Tennessee,South
1433,US-2024-101926,2024-04-07,2024-04-09,First Class,Fatima Brown,Corporate,Chairs Item 126,Furniture,Chairs,1950.16,8,0.0,337.91,Chicago,Illinois,Central
1434,US-2023-101963,2023-02-18,2023-02-25,Same Day,Patricia Thomas,Corporate,Printers Item 683,Technology,Printers,2974.85,5,0.0,461.56,Nashville,Tennessee,South
1435,US-2022-102252,2022-08-14,2022-08-17,Same Day,Sarah Khan,Consumer,Tables Item 630,Furniture,Tables,2313.85,7,,95.55,Cleveland,Ohio,Central
1436,US-2022-102075,2022-04-27,2022-04-30,Second Class,Jessica Lee,Consumer,Labels Item 602,Office Supplies,Labels,150.16,8,0.15,21.17,Raleigh,North Carolina,South
1437,US-2022-101002,2022-05-05,2022-05-10,Standard Class,Michael Lee,Consumer,Labels Item 272,Office Supplies,Labels,114.2,5,0.0,22.83,Eugene,Oregon,West
1438,US-2022-102473,2022-01-10,2022-01-15,Standard Class,Richard Singh,Home Office,Accessories Item 894,Technology,Accessories,726.9,6,0.1,165.88,Memphis,Tennessee,South
1439,US-2022-101240,2022-10-20,2022-10-25,Second Class,Elizabeth Torres,Corporate,Art Item 397,Office Supplies,Art,114.88,8,0.1,22.84,Savannah,Georgia,South
1440,US-2024-102863,2024-05-29,2024-06-01,Second Class,William Miller,Consumer,Bookcases Item 733,Furniture,Bookcases,321.6,2,0.0,89.63,Jersey City,New Jersey,East
1441,US-2022-103289,2022-04-29,2022-05-01,First Class,Sarah Khan,Corporate,Binders Item 202,Office Supplies,Binders,443.52,8,0.1,41.75,Seattle,Washington,West
1442,US-2023-102766,2023-01-28,2023-01-29,Standard Class,Robert Singh,Corporate,Phones Item 886,Technology,Phones,1118.14,2,0.4,-294.42,Worcester,Massachusetts,East
1443,US-2024-102603,2024-03-04,2024-03-08,First Class,Fatima Patel,Home Office,Labels Item 371,Office Supplies,Labels,195.68,8,0.15,11.83,Ann Arbor,Michigan,Central
1444,US-2022-102124,2022-12-24,2022-09-28,Same Day,Carlos Miller,Home Office,Laptops Item 799,Technology,Laptops,3406.32,4,0.3,-531.08,Ann Arbor,Michigan,Central
1445,US-2024-101238,2024-03-25,2024-03-30,Standard Class,Joseph Chen,Corporate,Binders Item 257,Office Supplies,Binders,133.6,4,0.1,28.59,Miami,Florida,South
1446,US-2024-102603,2024-03-04,2024-03-08,First Class,Fatima Patel,Home Office,Labels Item 371,Office Supplies,Labels,195.68,8,0.15,11.83,Ann Arbor,Michigan,Central
1447,US-2022-101779,2022-05-31,2022-06-05,First Class,Diego Martinez,Consumer,Tables Item 452,Furniture,Tables,1594.55,5,0.0,394.76,Dallas,Texas,Central
1448,US-2022-100663,2022-10-27,2022-11-03,Second Class,Jessica Williams,Consumer,Storage Item 200,Office Supplies,Storage,1173.24,6,0.2,-3.07,Orlando,Florida,South
1449,US-2024-101409,2024-04-05,2024-04-07,Second Class,Sarah Williams,Corporate,Accessories Item 403,Technology,Accessories,79.85,1,0.0,12.17,Seattle,Washington,West
1450,US-2024-103265,2024-02-02,2024-02-03,Second Class,Richard Khan,Corporate,Labels Item 962,Office Supplies,Labels,41.6,4,0.1,8.67,San Diego,California,West
1451,US-2024-103354,2024-12-28,2025-01-02,Same Day,Aiden Anderson,Corporate,Accessories Item 382,Technology,Accessories,981.33,7,0.0,254.18,Eugene,Oregon,West
1452,US-2023-102355,2023-05-16,2023-05-22,Second Class,Mei Thomas,Home Office,Storage Item 912,Office Supplies,Storage,1000.5,6,0.0,279.89,Buffalo,New York,East
1453,US-2023-100453,2023-09-11,2023-09-18,First Class,Elizabeth Nguyen,Home Office,Storage Item 857,Office Supplies,Storage,743.68,8,0.0,244.32,Philadelphia,Pennsylvania,East
1454,US-2023-102976,2023-10-31,2023-11-05,First Class,Elizabeth Davis,Consumer,Tables Item 297,Furniture,Tables,651.87,3,0.1,46.89,Detroit,Michigan,Central
1455,US-2024-103159,2024-08-19,2024-08-20,Second Class,Elizabeth Lee,Home Office,Laptops Item 339,Technology,Laptops,8511.8,5,0.1,1323.05,Spokane,Washington,West
1456,US-2023-101271,2023-05-29,2023-06-03,First Class,Linda Walker,Corporate,Paper Item 720,Office Supplies,Paper,189.14,7,0.5,-46.68,Austin,Texas,Central
1457,US-2023-100265,2023-11-04,2023-11-09,First Class,Amara Jones,Consumer,Paper Item 679,Office Supplies,Paper,24.84,6,0.1,5.29,Buffalo,New York,East
1458,US-2023-100040,2023-08-11,2023-08-12,Standard Class,Elizabeth Johnson,Corporate,Chairs Item 573,Furniture,Chairs,217.72,1,0.1,13.75,Dallas,Texas,Central
1459,US-2023-102823,2023-10-09,2023-10-13,Second Class,Diego Martinez,Consumer,Art Item 201,Office Supplies,Art,348.11,7,0.0,71.31,Austin,Texas,Central
1460,US-2022-103298,2022-02-23,2022-03-01,First Class,Priya Miller,Home Office,Art Item 905,Office Supplies,Art,367.02,6,0.15,14.48,Eugene,Oregon,West
1461,US-2022-100579,2022-03-28,2022-04-01,Second Class,Linda Jones,Home Office,Tables Item 328,Furniture,Tables,453.76,2,0.1,98.09,Cleveland,Ohio,Central
1462,US-2024-102341,2024-03-15,2024-03-21,Same Day,Michael Anderson,Consumer,Printers Item 205,Technology,Printers,662.07,3,0.5,-231.88,Jersey City,New Jersey,East
1463,US-2022-100108,12/11/2022,2022-06-15,First Class,Jennifer Chen,Home Office,Bookcases Item 841,Furniture,Bookcases,2086.2,4,0.0,411.92,Nashville,Tennessee,South
1464,US-2024-101599,2024-07-18,2024-07-20,Same Day,William Williams,Corporate,Laptops Item 372,Technology,Laptops,12564.12,6,0.1,2704.6,Cleveland,Ohio,Central
1465,US-2024-103192,2024-04-28,2024-05-04,First Class,Robert Kim,Corporate,Labels Item 188,Office Supplies,Labels,7.92,3,0.15,0.27,Cleveland,Ohio,Central
1466,US-2024-100507,2024-10-03,2024-10-10,Second Class,James Singh,Home Office,Tables Item 751,Furniture,Tables,5131.5,6,0.2,-318.74,Cleveland,Ohio,Central
1467,US-2024-101648,2024-11-08,2024-05-14,Same Day,Jennifer Wilson,Consumer,Storage Item 213,Office Supplies,Storage,194.09,1,0.0,31.7,Worcester,Massachusetts,East
1468,US-2023-100502,2023-06-21,2023-06-23,Same Day,Elizabeth Davis,Corporate,Laptops Item 696,Technology,Laptops,1971.3,1,0.0,584.38,Springfield,Illinois,Central
1469,US-2023-100396,2023-12-05,2023-12-10,Standard Class,Diego Chen,Corporate,Binders Item 624,Office Supplies,Binders,58.7,5,0.15,6.0,Spokane,Washington,West
1470,US-2022-100474,2022-02-06,2022-02-13,Standard Class,Jennifer Walker,Consumer,Art Item 492,Office Supplies,Art,76.35,5,0.1,16.8,Savannah,Georgia,South
1471,US-2024-101842,2024-06-13,2024-06-17,First Class,James Taylor,Consumer,Art Item 772,Office Supplies,Art,503.68,8,0.0,99.42,Albany,New York,East
1472,US-2024-103360,2024-11-10,2024-11-14,First Class,Diego Kim,Home Office,Phones Item 470,Technology,Phones,646.1,2,0.2,-7.6,Boston,Massachusetts,East
1473,US-2023-101620,2023-08-08,2023-08-14,Same Day,Richard Singh,Corporate,Printers Item 669,Technology,Printers,2803.36,7,0.5,-809.12,Portland,Oregon,West
1474,US-2024-100188,2024-01-18,2024-01-19,First Class,Carlos Smith,Home Office,Laptops Item 203,Technology,Laptops,1056.28,2,0.3,-122.74,Boston,Massachusetts,East
1475,US-2024-103073,2024-04-13,2024-04-17,Same Day,Jessica Lee,Consumer,Chairs Item 968,Furniture,Chairs,3236.72,8,0.4,-829.82,Portland,Oregon,West
1476,US-2024-103020,2024-12-21,2024-12-23,Standard Class,Fatima Thomas,Consumer,Laptops Item 152,Technology,Laptops,3769.44,6,0.1,804.09,Cleveland,Ohio,Central
1477,US-2022-103435,2022-04-14,2022-04-18,Same Day,Mary Davis,Corporate,Art Item 718,Office Supplies,Art,96.72,2,0.3,1.12,Orlando,Florida,South
1478,US-2023-102675,2023-02-19,2023-02-26,Second Class,William Thomas,Corporate,Binders Item 918,Office Supplies,Binders,200.55,7,0.1,35.81,Seattle,Washington,West
1479,US-2024-101334,2024-11-19,2024-12-23,Second Class,Carlos Thomas,Consumer,Printers Item 574,Technology,Printers,1057.21,7,0.2,63.78,Austin,Texas,Central
1480,US-2023-103066,2023-02-27,2023-03-05,First Class,David Garcia,Home Office,Accessories Item 828,Technology,Accessories,313.2,5,0.0,94.36,Newark,New Jersey,East
1481,US-2022-100190,2022-01-04,2022-01-10,Same Day,Aiden Khan,Consumer,Bookcases Item 286,Furniture,Bookcases,1754.91,3,0.0,362.16,Chicago,Illinois,Central
1482,US-2022-100474,2022-12-06,2022-02-13,Standard Class,Jennifer Walker,Consumer,Art Item 492,Office Supplies,Art,76.35,5,0.1,16.8,Savannah,Georgia,South
1483,US-2022-100813,2022-12-28,2022-02-07,Second Class,William Miller,Consumer,Labels Item 158,Office Supplies,Labels,6.03,1,0.5,-1.58,Spokane,Washington,West
1484,US-2023-102349,2023-07-17,2023-07-19,Same Day,David Davis,Consumer,Storage Item 688,Office Supplies,Storage,325.56,3,0.3,-25.54,Albany,New York,East
1485,US-2024-100536,2024-11-25,2024-06-27,Standard Class,Aiden Jones,Consumer,Labels Item 186,Office Supplies,Labels,52.92,6,0.4,-12.87,Memphis,Tennessee,South
1486,US-2022-101694,2022-12-07,2022-12-12,First Class,Wei Khan,Consumer,Bookcases Item 702,Furniture,Bookcases,692.73,3,0.1,104.93,Memphis,Tennessee,South
1487,US-2023-101001,2023-01-13,2023-01-16,Same Day,Aiden Patel,Consumer,Printers Item 459,Technology,Printers,1080.45,5,0.1,96.59,Eugene,Oregon,West
1488,US-2024-102397,2024-08-24,2024-08-31,First Class,David Ali,Consumer,Printers Item 577,Technology,Printers,779.24,7,0.0,163.27,Miami,Florida,South
1489,US-2024-100902,2024-07-20,2024-07-24,Standard Class,Fatima Martinez,Corporate,Accessories Item 140,Technology,Accessories,237.84,4,0.1,23.62,Miami,Florida,South
1490,US-2024-103386,2024-09-21,2024-09-26,First Class,Mei Taylor,Corporate,Furnishings Item 746,Furniture,Furnishings,321.65,7,0.0,104.22,Eugene,Oregon,West
1491,US-2023-100327,2023-06-09,2023-06-10,First Class,Wei Torres,Home Office,Art Item 835,Office Supplies,Art,392.08,8,0.1,74.14,New York City,New York,East
1492,US-2022-102235,2022-09-24,2022-09-26,Standard Class,Linda Smith,Consumer,Binders Item 592,Office Supplies,Binders,228.44,4,0.2,24.2,Nashville,Tennessee,South
1493,US-2024-100653,2024-06-30,2024-07-03,Standard Class,James Williams,Consumer,Art Item 184,Office Supplies,Art,290.9,5,0.15,46.31,Newark,New Jersey,East
1494,US-2024-102867,2024-06-16,2024-06-21,Second Class,Diego Torres,Corporate,Chairs Item 508,Furniture,Chairs,348.56,1,0.4,-63.63,Ann Arbor,Michigan,Central
1495,US-2023-100361,2023-01-02,2023-01-09,Standard Class,Wei Walker,Corporate,Paper Item 416,Office Supplies,Paper,112.98,3,0.3,-16.24,Spokane,Washington,West
1496,US-2024-101090,2024-03-15,2024-03-17,First Class,Jessica Singh,Home Office,Bookcases Item 869,Furniture,Bookcases,3572.59,7,0.1,509.2,Detroit,Michigan,Central
1497,US-2022-102787,2022-09-22,2022-09-26,Same Day,Wei Jones,Corporate,Laptops Item 518,Technology,Laptops,13155.17,7,0.3,-667.47,Houston,Texas,Central
1498,US-2023-102577,2023-12-30,2024-01-06,Same Day,Sarah Williams,Home Office,Art Item 643,Office Supplies,Art,438.96,6,0.2,36.03,Worcester,Massachusetts,East
1499,US-2023-102746,2023-09-30,2023-10-06,Same Day,Richard Singh,Consumer,Binders Item 841,Office Supplies,Binders,59.55,5,0.0,17.89,Miami,Florida,South
1500,US-2024-102862,2024-11-25,2024-02-01,Second Class,Joseph Rodriguez,Home Office,Storage Item 233,Office Supplies,Storage,973.08,6,0.1,66.44,Boston,Massachusetts,East
1501,US-2024-100936,2024-12-25,2024-12-27,First Class,Mei Wilson,Home Office,Bookcases Item 674,Furniture,Bookcases,2935.15,5,0.0,565.61,Savannah,Georgia,South
1502,US-2024-100568,2024-04-13,2024-04-16,Standard Class,David Jones,Corporate,Binders Item 607,Office Supplies,Binders,251.7,6,0.1,13.9,Detroit,Michigan,Central
1503,US-2023-102998,2023-06-03,2023-06-09,Second Class,Jessica Walker,Home Office,Phones Item 169,Technology,Phones,1224.96,6,0.0,351.43,Philadelphia,Pennsylvania,East
1504,US-2024-101829,2024-06-29,2024-07-01,Second Class,Elizabeth Brown,Consumer,Laptops Item 151,Technology,Laptops,1012.74,1,0.3,-78.88,Raleigh,North Carolina,South
1505,US-2022-101105,2022-11-08,2022-10-11,Second Class,David Walker,Consumer,Labels Item 293,Office Supplies,Labels,8.72,1,0.0,2.9,San Diego,California,West
1506,US-2022-102973,2022-06-15,2022-06-16,Second Class,Diego Kim,Consumer,Laptops Item 954,Technology,Laptops,12828.6,6,0.3,-1432.77,Savannah,Georgia,South
1507,US-2024-103342,2024-07-08,2024-07-12,First Class,Robert Thomas,Home Office,Labels Item 390,Office Supplies,Labels,21.88,1,0.0,4.64,Charlotte,North Carolina,South
1508,US-2022-100003,2022-09-16,2022-09-21,First Class,Robert Ali,Corporate,Tables Item 202,Furniture,Tables,1798.48,8,0.5,-663.28,Ann Arbor,Michigan,Central
1509,US-2024-101272,2024-11-05,2024-11-09,Standard Class,,Consumer,Accessories Item 465,Technology,Accessories,1027.44,8,0.15,110.68,Austin,Texas,Central
1510,US-2023-102009,2023-01-04,2023-01-09,Standard Class,Elizabeth Anderson,Consumer,Bookcases Item 368,Furniture,Bookcases,1258.74,2,0.0,414.3,Seattle,Washington,West
1511,US-2023-101653,2023-07-26,2023-07-27,Second Class,Joseph Anderson,Consumer,Laptops Item 221,Technology,Laptops,4777.2,6,0.0,1051.48,Los Angeles,California,West
1512,US-2024-102196,2024-06-13,2024-06-20,First Class,Sarah Kim,Consumer,Paper Item 499,Office Supplies,Paper,54.24,6,0.2,2.07,San Francisco,California,West
1513,US-2022-102547,2022-10-05,2022-10-06,Same Day,Robert Davis,Consumer,Labels Item 217,Office Supplies,Labels,169.52,8,0.15,1.46,Worcester,Massachusetts,East
1514,US-2024-100793,2024-06-18,2024-06-25,Standard Class,David Wilson,Consumer,Paper Item 751,Office Supplies,Paper,197.7,5,0.3,-30.19,Ann Arbor,Michigan,Central
1515,US-2022-101709,2022-01-16,2022-01-19,Same Day,Joseph Lee,Consumer,Labels Item 541,Office Supplies,Labels,18.38,2,0.15,2.13,Worcester,Massachusetts,East
1516,US-2022-101612,2022-12-12,2022-03-18,Same Day,Priya Williams,Consumer,Binders Item 195,Office Supplies,Binders,31.04,4,0.2,-2.05,Las Vegas,Nevada,West
1517,US-2022-100066,2022-12-06,2022-09-08,Second Class,John Davis,Corporate,Paper Item 126,Office Supplies,Paper,107.16,6,0.1,9.05,Columbus,Ohio,Central
1518,US-2023-102240,2023-07-11,2023-07-12,Same Day,Fatima Wilson,Home Office,Printers Item 610,Technology,Printers,2332.62,6,0.0,618.42,Philadelphia,Pennsylvania,East
1519,US-2023-100196,2023-11-28,2023-07-04,First Class,Amara Garcia,Consumer,Laptops Item 198,Technology,Laptops,8731.64,4,0.1,1069.83,Atlanta,Georgia,
1520,US-2022-103385,2022-11-28,2022-02-02,First Class,Carlos Torres,Corporate,Tables Item 113,Furniture,Tables,805.04,1,0.1,85.05,Eugene,Oregon,West
1521,US-2024-103306,2024-01-09,2024-01-10,Standard Class,Richard Walker,Home Office,Labels Item 950,Office Supplies,Labels,110.0,5,0.0,33.31,Columbus,Ohio,Central
1522,US-2023-102099,2023-04-17,2023-04-19,First Class,Elizabeth Khan,Corporate,Tables Item 479,Furniture,Tables,602.75,5,0.15,25.26,Pittsburgh,Pennsylvania,East
1523,US-2022-101099,2022-06-07,2022-06-09,Same Day,John Nguyen,Consumer,Art Item 105,Office Supplies,Art,79.06,2,0.15,12.48,Buffalo,New York,East
1524,US-2023-100263,2023-06-02,2023-06-04,Standard Class,Carlos Patel,Home Office,Laptops Item 918,Technology,Laptops,5726.97,3,0.0,1395.88,Springfield,Illinois,Central
1525,US-2023-101084,2023-01-21,2023-01-23,Same Day,James Ali,Home Office,Binders Item 145,Office Supplies,Binders,195.75,5,0.5,-73.36,Detroit,Michigan,Central
1526,US-2024-101471,2024-01-15,2024-01-22,Same Day,Jessica Chen,Corporate,Paper Item 330,Office Supplies,Paper,36.24,3,0.0,9.8,Newark,New Jersey,East
1527,US-2024-101903,2024-03-16,2024-03-22,Second Class,Priya Walker,Home Office,Phones Item 581,Technology,Phones,2413.25,7,0.2,299.11,Raleigh,North Carolina,South
1528,US-2024-103307,2024-08-14,2024-08-20,First Class,Mary Taylor,Corporate,Furnishings Item 602,Furniture,Furnishings,616.0,8,0.3,-106.4,Orlando,Florida,South
1529,US-2024-103172,2024-12-19,2024-12-22,Second Class,Mary Singh,Corporate,Art Item 672,Office Supplies,Art,215.28,4,0.15,32.27,Atlanta,Georgia,South
1530,US-2024-101413,2024-01-16,2024-01-20,Second Class,Patricia Brown,Home Office,Furnishings Item 287,Furniture,Furnishings,563.88,6,0.1,118.19,Charlotte,North Carolina,South
1531,US-2023-100764,2023-10-22,2023-10-29,Same Day,Mary Anderson,Consumer,Furnishings Item 370,Furniture,Furnishings,684.16,8,0.5,-231.62,Tampa,Florida,South
1532,US-2024-100875,2024-06-23,2024-06-27,First Class,Diego Kim,Home Office,Storage Item 545,Office Supplies,Storage,466.95,3,0.3,-71.25,Seattle,Washington,West
1533,US-2023-102967,2023-12-11,2023-01-13,First Class,Michael Rodriguez,Home Office,Laptops Item 180,Technology,Laptops,5928.44,7,0.15,1082.55,Newark,New Jersey,East
1534,US-2023-100227,2023-06-02,2023-06-06,Second Class,Patricia Brown,Home Office,Printers Item 802,Technology,Printers,2104.2,7,0.0,697.06,San Diego,California,West
1535,US-2023-101728,2023-12-24,2023-08-31,First Class,John Chen,Corporate,Binders Item 962,Office Supplies,Binders,170.04,3,0.1,12.49,Raleigh,North Carolina,South
1536,US-2023-101715,2023-07-15,2023-07-16,First Class,Jennifer Martinez,Home Office,Laptops Item 279,Technology,Laptops,5867.94,3,0.0,1569.01,Chicago,Illinois,Central
1537,US-2023-101458,2023-12-20,2023-09-25,Standard Class,Richard Torres,Consumer,Chairs Item 878,Furniture,Chairs,952.14,6,0.4,-149.86,Worcester,Massachusetts,East
1538,US-2023-102440,2023-06-21,2023-06-24,First Class,Amara Chen,Corporate,Art Item 381,Office Supplies,Art,96.57,3,0.0,30.4,Miami,Florida,South
1539,US-2023-103491,2023-11-18,2023-08-22,First Class,Sarah Jones,Consumer,Storage Item 200,Office Supplies,Storage,305.46,6,0.1,45.0,Spokane,Washington,West
1540,US-2024-100601,2024-03-28,2024-04-02,Second Class,Richard Rodriguez,Corporate,Phones Item 682,Technology,Phones,2156.1,3,0.1,96.85,Springfield,Illinois,Central
1541,US-2023-102865,2023-09-18,2023-09-23,Same Day,Mei Thomas,Home Office,Paper Item 366,Office Supplies,Paper,50.04,6,0.0,16.75,Boston,Massachusetts,East
1542,US-2022-102549,2022-04-11,2022-04-18,Second Class,David Wilson,Consumer,Laptops Item 631,Technology,Laptops,3838.38,2,0.0,777.2,Eugene,Oregon,West
1543,US-2022-100442,2022-09-28,2022-10-05,First Class,Priya Williams,Corporate,Furnishings Item 332,Furniture,Furnishings,196.24,8,0.0,33.52,Raleigh,North Carolina,South
1544,US-2023-100293,2023-07-06,2023-07-08,Second Class,Michael Kim,Home Office,Art Item 304,Office Supplies,Art,315.06,6,0.1,27.73,Austin,Texas,Central
1545,US-2024-102463,2024-10-28,2024-11-03,Standard Class,Priya Smith,Home Office,Laptops Item 973,Technology,Laptops,3914.32,8,0.4,-933.91,Buffalo,New York,East
1546,US-2022-102234,2022-03-03,2022-03-07,Same Day,Mei Taylor,Home Office,Storage Item 752,Office Supplies,Storage,118.83,3,0.1,8.53,Jersey City,New Jersey,East
1547,US-2024-103359,2024-01-09,2024-01-10,First Class,Jessica Jones,Consumer,Accessories Item 219,Technology,Accessories,67.53,3,0.5,-21.1,Columbus,Ohio,Central
1548,US-2022-102245,2022-04-01,2022-04-07,Standard Class,Diego Walker,Corporate,Art Item 608,Office Supplies,Art,63.52,1,0.0,16.69,Columbus,Ohio,Central
1549,US-2024-100270,2024-09-17,2024-09-20,Standard Class,David Garcia,Corporate,Tables Item 337,Furniture,Tables,1381.32,3,0.2,-61.01,Philadelphia,Pennsylvania,East
1550,US-2024-100867,2024-12-07,2024-12-13,Second Class,Mary Rodriguez,Home Office,Storage Item 719,Office Supplies,Storage,337.5,3,0.0,79.39,Cleveland,Ohio,Central
1551,US-2023-100777,2023-06-04,2023-06-07,Same Day,Diego Kim,Corporate,Labels Item 408,Office Supplies,Labels,104.2,5,0.15,16.86,Ann Arbor,Michigan,Central
1552,US-2022-102572,2022-10-07,2022-10-11,Second Class,Sarah Smith,Home Office,Binders Item 770,Office Supplies,Binders,216.96,6,0.2,18.07,Jersey City,New Jersey,East
1553,US-2023-102842,2023-08-03,2023-08-08,First Class,James Lee,Corporate,Laptops Item 150,Technology,Laptops,2046.7,1,0.0,393.67,Austin,Texas,Central
1554,US-2024-100487,2024-06-12,2024-06-16,Standard Class,James Singh,Consumer,Accessories Item 379,Technology,Accessories,900.48,8,0.1,74.73,Philadelphia,Pennsylvania,East
1555,US-2024-103166,2024-06-24,2024-06-27,Second Class,Amara Jones,Home Office,Furnishings Item 960,Furniture,Furnishings,57.28,2,0.0,16.81,Austin,Texas,Central
1556,US-2023-100102,2023-04-02,2023-04-09,Standard Class,Richard Brown,Corporate,Art Item 574,Office Supplies,Art,51.36,3,0.2,5.63,Houston,Texas,Central
1557,US-2023-101336,2023-11-23,2023-10-27,Second Class,William Miller,Home Office,Paper Item 805,Office Supplies,Paper,106.0,4,0.3,-10.7,Reno,Nevada,West
1558,US-2023-101449,2023-12-22,2023-01-28,Second Class,Aiden Khan,Corporate,Tables Item 452,Furniture,Tables,2656.4,5,0.15,110.23,Reno,Nevada,West
1559,US-2024-100266,2024-06-12,2024-06-15,First Class,Susan Thomas,Home Office,Accessories Item 850,Technology,Accessories,495.24,4,0.2,64.35,Cleveland,Ohio,Central
1560,US-2022-101696,2022-12-06,2022-12-08,Standard Class,Mary Rodriguez,Corporate,Chairs Item 933,Furniture,Chairs,606.39,3,0.15,99.8,Seattle,Washington,West
1561,US-2023-103369,2023-03-31,2023-04-06,Second Class,Sarah Chen,Home Office,Laptops Item 683,Technology,Laptops,8395.16,4,0.0,1265.71,Seattle,Washington,West
1562,US-2023-101102,2023-06-23,2023-06-29,First Class,Patricia Smith,Corporate,Furnishings Item 619,Furniture,Furnishings,234.38,2,0.0,37.13,Orlando,Florida,South
1563,US-2022-103496,2022-07-01,2022-07-04,First Class,Wei Lee,Home Office,Printers Item 827,Technology,Printers,4006.73,7,0.2,-87.58,Jersey City,New Jersey,East
1564,US-2022-100445,2022-09-06,2022-09-07,Same Day,Michael Rodriguez,Consumer,Printers Item 569,Technology,Printers,395.13,3,0.1,35.02,Eugene,Oregon,West
1565,US-2024-102159,2024-12-18,2024-12-24,Same Day,Aiden Rodriguez,Corporate,Storage Item 805,Office Supplies,Storage,1040.06,7,0.2,-64.42,Nashville,Tennessee,South
1566,US-2022-100904,2022-08-17,2022-08-20,Standard Class,Fatima Rodriguez,Home Office,Accessories Item 505,Technology,Accessories,512.95,5,0.15,11.3,Cleveland,Ohio,Central
1567,US-2024-100645,2024-12-22,2024-07-24,First Class,Joseph Davis,Home Office,Storage Item 781,Office Supplies,Storage,84.56,4,0.1,4.71,Charlotte,North Carolina,South
1568,US-2023-100440,2023-12-23,2023-02-28,Standard Class,William Lee,Corporate,Laptops Item 798,Technology,Laptops,3590.16,8,0.0,697.91,Los Angeles,California,West
1569,US-2024-100412,2024-01-06,2024-01-09,First Class,Carlos Torres,Consumer,Furnishings Item 747,Furniture,Furnishings,193.4,2,0.15,12.5,Seattle,Washington,West
1570,US-2024-103043,2024-11-12,2024-11-19,Same Day,Priya Khan,Corporate,Chairs Item 698,Furniture,Chairs,835.65,5,0.4,-165.83,Portland,Oregon,West
1571,US-2023-102607,2023-01-18,2023-01-24,Standard Class,Joseph Anderson,Corporate,Accessories Item 715,Technology,Accessories,389.69,7,0.15,53.09,Chicago,Illinois,Central
1572,US-2024-102529,2024-12-18,2024-12-25,Second Class,Linda Taylor,Corporate,Bookcases Item 351,Furniture,Bookcases,2811.04,8,0.1,268.03,Spokane,Washington,West
1573,US-2023-100959,2023-09-08,2023-09-10,Standard Class,Diego Rodriguez,Corporate,Binders Item 116,Office Supplies,Binders,374.57,7,0.4,-64.2,Eugene,Oregon,West
1574,US-2023-100909,2023-07-17,2023-07-20,Same Day,Diego Patel,Consumer,Chairs Item 326,Furniture,Chairs,1330.0,7,0.15,184.66,Columbus,Ohio,Central
1575,US-2023-102976,2023-12-28,2023-11-05,First Class,Elizabeth Davis,Consumer,Tables Item 297,Furniture,Tables,651.87,3,0.1,46.89,Detroit,Michigan,Central
1576,US-2024-100421,12/01/2024,2024-09-07,Second Class,Amara Chen,Consumer,Labels Item 755,Office Supplies,Labels,11.5,5,0.1,1.99,Los Angeles,California,West
1577,US-2024-101904,2024-11-21,2024-11-27,Second Class,Amara Walker,Consumer,Laptops Item 129,Technology,Laptops,2352.44,2,0.0,516.37,Buffalo,New York,East
1578,US-2022-102961,2022-04-17,2022-04-21,Same Day,Fatima Ali,Home Office,Bookcases Item 171,Furniture,Bookcases,295.76,2,0.4,-28.64,Pittsburgh,Pennsylvania,East
1579,US-2023-103259,2023-12-15,2023-12-19,Second Class,Jessica Chen,Home Office,Tables Item 838,Furniture,Tables,6210.08,8,0.0,1834.66,Nashville,Tennessee,South
1580,US-2024-102385,2024-07-26,2024-08-02,Standard Class,David Wilson,Home Office,Bookcases Item 573,Furniture,Bookcases,517.95,1,0.1,56.52,Albany,New York,East
1581,US-2023-102456,2023-02-22,2023-02-27,Standard Class,Robert Torres,Consumer,Labels Item 194,Office Supplies,Labels,44.68,2,0.3,-3.09,Seattle,Washington,West
1582,US-2022-101824,2022-08-02,2022-08-05,First Class,Joseph Johnson,Corporate,Labels Item 333,Office Supplies,Labels,26.42,2,0.15,1.88,New York City,New York,East
1583,US-2023-101313,2023-02-10,2023-02-15,Second Class,Patricia Taylor,Corporate,Labels Item 685,Office Supplies,Labels,85.44,8,0.4,-8.3,Las Vegas,Nevada,West
1584,US-2024-100544,2024-12-13,2024-12-17,Same Day,Fatima Patel,Home Office,Furnishings Item 610,Furniture,Furnishings,322.16,2,0.1,23.65,Las Vegas,Nevada,West
1585,US-2023-100908,2023-01-16,2023-01-19,Standard Class,Richard Torres,Consumer,Paper Item 794,Office Supplies,Paper,35.84,7,0.0,12.31,Buffalo,New York,East
1586,US-2024-100104,2024-04-03,2024-04-07,Second Class,Aiden Lee,Consumer,Phones Item 872,Technology,Phones,904.4,4,0.2,56.71,San Diego,California,West
1587,US-2023-101273,2023-01-18,2023-01-19,Same Day,Mei Wilson,Corporate,Furnishings Item 898,Furniture,Furnishings,161.52,4,0.1,22.21,Pittsburgh,Pennsylvania,East
1588,US-2022-102531,2022-12-05,2022-12-08,Second Class,Mei Williams,Consumer,Printers Item 466,Technology,Printers,2825.45,5,0.1,634.4,Seattle,Washington,West
1589,US-2024-101420,2024-03-15,2024-03-18,Second Class,Linda Miller,Home Office,Paper Item 112,Office Supplies,Paper,61.84,2,0.0,13.87,Eugene,Oregon,West
1590,US-2024-100829,2024-02-07,2024-02-11,First Class,Fatima Anderson,Consumer,Bookcases Item 477,Furniture,Bookcases,$2540.16,6,0.5,-860.85,Chicago,Illinois,Central
1591,US-2024-101737,2024-08-22,2024-08-28,Standard Class,Jessica Torres,Consumer,Paper Item 287,Office Supplies,Paper,25.17,1,0.2,1.76,Reno,Nevada,West
1592,US-2022-102753,2022-03-04,2022-03-08,Same Day,Richard Walker,Home Office,Art Item 793,Office Supplies,Art,113.08,4,0.0,21.07,Tampa,Florida,South
1593,US-2024-101968,2024-11-07,2024-05-10,Same Day,Linda Singh,Corporate,Printers Item 979,Technology,Printers,719.25,3,0.5,-209.09,Detroit,Michigan,Central
1594,US-2022-101518,2022-09-02,2022-09-07,Same Day,Aiden Nguyen,Consumer,Phones Item 341,Technology,Phones,716.78,2,0.5,-247.1,Miami,Florida,South
1595,US-2024-101980,2024-02-28,2024-03-04,First Class,Joseph Patel,Home Office,Laptops Item 318,Technology,Laptops,982.24,2,0.0,155.07,San Francisco,California,West
1596,US-2022-100485,2022-10-30,2022-11-01,Second Class,Mei Kim,Corporate,Binders Item 520,Office Supplies,Binders,141.16,4,0.1,19.09,Raleigh,North Carolina,South
1597,US-2023-102911,2023-06-27,2023-06-30,First Class,Joseph Wilson,Home Office,Printers Item 395,Technology,Printers,3109.98,6,0.0,743.84,Chicago,Illinois,Central
1598,US-2024-101729,2024-06-07,2024-06-13,First Class,Wei Chen,Home Office,Printers Item 112,Technology,Printers,1020.57,3,0.0,294.1,Newark,New Jersey,East
1599,US-2022-100020,2022-11-24,2022-10-26,First Class,Mei Davis,Consumer,Tables Item 776,Furniture,Tables,647.39,1,0.0,154.1,Philadelphia,Pennsylvania,East
1600,US-2023-101559,2023-08-26,2023-08-30,Same Day,Jennifer Martinez,Consumer,Tables Item 614,Furniture,Tables,5527.84,8,0.5,-2195.94,Charlotte,North Carolina,South
1601,US-2022-100008,2022-11-20,2022-11-21,Same Day,William Chen,Home Office,Art Item 406,Office Supplies,Art,93.2,5,0.15,2.02,Ann Arbor,Michigan,Central
1602,US-2023-101454,2023-11-09,2023-05-10,Standard Class,James Taylor,Home Office,Laptops Item 641,Technology,Laptops,2151.54,1,0.2,-53.3,Chicago,Illinois,Central
1603,US-2024-100550,2024-04-18,2024-04-22,Second Class,Elizabeth Brown,Corporate,Accessories Item 653,Technology,Accessories,$238.28,2,0.2,0.01,Memphis,Tennessee,South
1604,US-2023-103491,2023-08-18,2023-08-22,First Class,Sarah Jones,Consumer,Storage Item 200,Office Supplies,Storage,305.46,6,0.1,45.0,Spokane,Washington,West
1605,US-2022-102332,2022-10-14,2022-10-21,Second Class,Aiden Davis,Corporate,Paper Item 204,Office Supplies,Paper,58.53,3,0.5,-13.71,Albany,New York,East
1606,US-2024-102142,2024-06-22,2024-06-27,Standard Class,Robert Ali,Consumer,Accessories Item 731,Technology,Accessories,196.2,5,0.0,31.73,New York City,New York,East
1607,US-2023-100177,2023-05-24,2023-05-27,Same Day,Aiden Nguyen,Consumer,Storage Item 793,Office Supplies,Storage,410.58,3,0.0,74.97,Houston,Texas,Central
1608,US-2022-103376,2022-02-17,2022-02-21,Standard Class,Priya Anderson,Home Office,Bookcases Item 237,Furniture,Bookcases,1807.33,7,0.0,472.75,Portland,Oregon,West
1609,US-2024-101103,2024-07-02,2024-07-08,First Class,Wei Lee,Corporate,Phones Item 589,Technology,Phones,2114.79,3,0.15,356.59,Philadelphia,Pennsylvania,East
1610,US-2023-101353,2023-06-21,2023-06-22,Standard Class,Sarah Wilson,Corporate,Storage Item 765,Office Supplies,Storage,787.4,5,0.1,158.61,Spokane,Washington,West
1611,US-2022-102365,2022-09-17,2022-09-21,Standard Class,Jennifer Ali,Home Office,Paper Item 503,Office Supplies,Paper,241.68,8,0.15,4.49,Detroit,Michigan,Central
1612,US-2022-100808,2022-05-02,2022-05-04,Second Class,Jennifer Wilson,Home Office,Tables Item 437,Furniture,Tables,2198.4,6,0.3,-101.35,San Francisco,California,West
1613,US-2023-101508,2023-01-07,2023-01-11,First Class,Amara Chen,Consumer,Accessories Item 305,Technology,Accessories,678.86,7,0.1,72.51,Houston,Texas,Central
1614,US-2024-103229,2024-07-01,2024-07-05,Same Day,Carlos Martinez,Consumer,Laptops Item 780,Technology,Laptops,6031.08,4,0.1,730.62,Miami,Florida,South
1615,US-2023-101292,2023-11-28,2023-12-02,Standard Class,Carlos Martinez,Consumer,Binders Item 748,Office Supplies,Binders,126.72,4,0.0,30.4,Buffalo,New York,East
1616,US-2022-102781,2022-03-31,2022-04-01,Same Day,Joseph Jones,Home Office,Storage Item 953,Office Supplies,Storage,312.32,4,0.15,57.63,Worcester,Massachusetts,East
1617,US-2022-102274,2022-11-12,2022-11-13,First Class,Joseph Johnson,Home Office,Chairs Item 494,Furniture,Chairs,396.6,6,0.0,111.0,San Francisco,California,West
1618,US-2023-103100,2023-02-14,2023-02-19,Second Class,Richard Walker,Consumer,Chairs Item 630,Furniture,Chairs,912.54,6,0.3,-151.02,Detroit,Michigan,Central
1619,US-2022-101319,2022-11-28,2022-12-02,Second Class,Wei Lee,Corporate,Binders Item 384,Office Supplies,Binders,406.42,7,0.0,122.82,New York City,New York,East
1620,US-2024-101022,2024-12-18,2024-12-21,Second Class,Wei Lee,Home Office,Printers Item 425,Technology,Printers,704.32,2,0.3,-110.61,Worcester,Massachusetts,East
1621,US-2024-100439,2024-07-26,2024-07-27,Standard Class,Susan Garcia,Consumer,Binders Item 395,Office Supplies,Binders,175.24,4,0.3,-8.45,Ann Arbor,Michigan,Central
1622,US-2022-103049,2022-02-07,2022-02-09,Same Day,Jennifer Ali,Corporate,Laptops Item 551,Technology,Laptops,2964.6,6,0.0,950.18,Dallas,Texas,Central
1623,US-2024-100443,2024-07-22,2024-07-24,Second Class,James Singh,Corporate,Binders Item 286,Office Supplies,Binders,145.8,3,0.1,11.04,Raleigh,North Carolina,South
1624,US-2024-101074,2024-12-06,2024-02-11,Same Day,Amara Chen,Consumer,Phones Item 872,Technology,Phones,2472.25,5,0.0,547.75,Newark,New Jersey,East
1625,US-2024-103419,2024-05-16,2024-05-22,Standard Class,Fatima Martinez,Corporate,Furnishings Item 469,Furniture,Furnishings,208.66,2,0.15,22.71,Worcester,Massachusetts,East
1626,US-2023-102986,2023-08-07,2023-08-08,Second Class,Diego Garcia,Consumer,Chairs Item 525,Furniture,Chairs,816.36,2,0.15,20.56,Boston,Massachusetts,East
1627,US-2022-103278,2022-07-22,2022-07-27,Same Day,Aiden Lee,Home Office,Storage Item 369,Office Supplies,Storage,155.79,1,0.4,-22.96,Spokane,Washington,West
1628,US-2023-103118,2023-12-25,2023-12-28,Same Day,Fatima Martinez,Home Office,Labels Item 187,Office Supplies,Labels,74.97,7,0.3,-0.85,Savannah,Georgia,South
1629,US-2023-100345,2023-07-10,2023-07-16,First Class,Wei Ali,Consumer,Chairs Item 399,Furniture,Chairs,797.16,2,0.1,61.71,Boston,Massachusetts,East
1630,US-2023-100987,2023-11-15,2023-11-18,Second Class,Linda Garcia,Corporate,Paper Item 203,Office Supplies,Paper,99.04,8,0.3,-7.57,Ann Arbor,Michigan,Central
1631,US-2023-101144,2023-02-01,2023-02-05,Second Class,Mei Taylor,Home Office,Laptops Item 681,Technology,Laptops,8595.04,4,0.1,913.39,San Francisco,California,West
1632,US-2024-101831,2024-01-05,2024-01-09,First Class,Robert Ali,Consumer,Furnishings Item 360,Furniture,Furnishings,823.62,6,0.0,206.12,Raleigh,North Carolina,South
1633,US-2022-100276,2022-02-08,2022-02-14,First Class,Amara Rodriguez,Consumer,Laptops Item 559,Technology,Laptops,9354.03,7,0.15,1453.96,Seattle,Washington,West
1634,US-2022-100118,2022-06-15,2022-06-21,Standard Class,Priya Smith,Corporate,Paper Item 488,Office Supplies,Paper,47.1,5,,6.1,Ann Arbor,Michigan,Central
1635,US-2024-102738,2024-10-14,2024-10-16,Second Class,John Davis,Corporate,Storage Item 237,Office Supplies,Storage,33.64,2,,4.1,Dallas,Texas,Central
1636,US-2022-102995,2022-01-27,2022-01-28,Standard Class,John Kim,Home Office,Labels Item 787,Office Supplies,Labels,138.56,8,0.2,13.1,Detroit,Michigan,Central
1637,US-2024-101150,2024-01-29,2024-01-30,First Class,Fatima Ali,Corporate,Printers Item 603,Technology,Printers,136.17,1,0.0,29.65,Memphis,Tennessee,South
1638,US-2023-101038,2023-09-07,2023-09-13,Same Day,Wei Smith,Consumer,Binders Item 909,Office Supplies,Binders,159.42,3,0.0,51.67,Columbus,Ohio,Central
1639,US-2023-102090,2023-07-08,2023-07-09,Second Class,David Jones,Corporate,Laptops Item 789,Technology,Laptops,2965.47,3,0.2,-26.25,Spokane,Washington,West
1640,US-2024-102334,2024-11-28,2024-06-05,Same Day,Elizabeth Johnson,Consumer,Storage Item 993,Office Supplies,Storage,138.0,4,0.2,13.49,Cleveland,Ohio,Central
1641,US-2022-102096,2022-12-26,2022-12-27,Second Class,Mei Ali,Corporate,Accessories Item 491,Technology,Accessories,346.47,3,0.2,36.23,Worcester,Massachusetts,East
1642,US-2023-103202,2023-02-02,2023-02-09,Standard Class,James Singh,Corporate,Storage Item 600,Office Supplies,Storage,263.25,5,0.15,42.03,Charlotte,North Carolina,South
1643,US-2024-101570,2024-01-20,2024-01-26,Second Class,Linda Walker,Consumer,Bookcases Item 404,Furniture,Bookcases,3226.4,8,0.0,528.14,Eugene,Oregon,West
1644,US-2023-102580,2023-02-28,2023-03-06,Standard Class,Richard Walker,Home Office,Furnishings Item 999,Furniture,Furnishings,129.06,1,0.0,25.19,Worcester,Massachusetts,East
1645,US-2023-103484,2023-11-24,2023-03-02,First Class,John Johnson,Consumer,Labels Item 311,Office Supplies,Labels,21.38,1,0.1,2.4,Columbus,Ohio,Central
1646,US-2024-100325,2024-10-15,2024-10-22,Second Class,Wei Jones,Corporate,Labels Item 519,Office Supplies,Labels,141.05,7,0.0,35.22,Springfield,Illinois,Central
1647,US-2023-100783,2023-12-19,2023-12-22,Second Class,Priya Garcia,Home Office,Chairs Item 377,Furniture,Chairs,421.95,1,0.0,99.05,Dallas,Texas,Central
1648,US-2023-102321,2023-01-20,2023-01-23,First Class,Amara Torres,Corporate,Laptops Item 510,Technology,Laptops,12614.1,6,0.0,2681.55,Albany,New York,East
1649,US-2024-100541,2024-11-03,2024-02-06,First Class,William Williams,Consumer,Labels Item 874,Office Supplies,Labels,40.18,2,0.2,-2.09,Springfield,Illinois,Central
1650,US-2024-101433,2024-06-02,2024-06-08,Second Class,Carlos Williams,Home Office,Labels Item 914,Office Supplies,Labels,12.04,1,0.0,3.2,Chicago,Illinois,Central
1651,US-2024-101793,2024-03-22,2024-03-26,Second Class,Diego Rodriguez,Consumer,Binders Item 479,Office Supplies,Binders,183.33,7,0.0,39.53,Orlando,Florida,South
1652,US-2023-100631,2023-11-08,2023-01-13,Standard Class,Jessica Ali,Home Office,Laptops Item 933,Technology,Laptops,2652.57,3,0.0,821.0,Detroit,Michigan,Central
1653,US-2024-100411,2024-10-01,2024-10-05,Same Day,Elizabeth Singh,Home Office,Labels Item 899,Office Supplies,Labels,20.47,1,0.1,0.84,Springfield,Illinois,
1654,US-2022-103173,2022-11-28,2022-11-30,Same Day,Linda Lee,Corporate,Labels Item 782,Office Supplies,Labels,23.22,2,0.1,1.27,Springfield,Illinois,Central
1655,US-2022-102969,2022-02-04,2022-02-11,First Class,Joseph Thomas,Consumer,Printers Item 931,Technology,Printers,1744.24,4,0.1,143.75,Albany,New York,East
1656,US-2022-102544,2022-08-06,2022-08-07,Second Class,Joseph Torres,Home Office,Storage Item 234,Office Supplies,Storage,157.22,1,0.1,8.24,Detroit,Michigan,Central
1657,US-2024-102510,2024-11-19,2024-11-21,First Class,Carlos Nguyen,Corporate,Paper Item 749,Office Supplies,Paper,46.54,2,0.15,7.29,Philadelphia,Pennsylvania,East
1658,US-2023-100004,2023-11-27,2023-06-30,Same Day,David Kim,Corporate,Laptops Item 972,Technology,Laptops,1009.1,2,0.1,215.18,Tampa,Florida,South
1659,US-2022-101151,2022-12-04,2022-12-07,Second Class,Priya Thomas,Home Office,Tables Item 485,Furniture,Tables,3710.35,5,0.0,981.05,Savannah,Georgia,South
1660,US-2024-102103,2024-12-07,2024-12-09,Standard Class,David Lee,Home Office,Bookcases Item 917,Furniture,Bookcases,1175.92,8,0.0,288.92,Reno,Nevada,West
1661,US-2024-102650,2024-07-10,2024-07-15,Standard Class,Patricia Thomas,Corporate,Tables Item 542,Furniture,Tables,2213.4,5,0.0,344.01,Atlanta,Georgia,South
1662,US-2022-103329,2022-06-20,2022-06-21,Standard Class,Diego Williams,Corporate,Chairs Item 447,Furniture,Chairs,852.6,5,0.3,-98.8,Portland,Oregon,West
1663,US-2023-103287,2023-09-24,2023-09-26,Standard Class,William Chen,Consumer,Storage Item 549,Office Supplies,Storage,177.12,6,0.15,28.56,Austin,Texas,Central
1664,US-2022-102808,2022-11-13,2022-08-17,First Class,Wei Khan,Home Office,Laptops Item 786,Technology,Laptops,5791.7,5,0.15,884.79,Jersey City,New Jersey,East
1665,US-2023-100470,2023-02-12,2023-02-15,Second Class,Elizabeth Singh,Consumer,Chairs Item 338,Furniture,Chairs,335.43,3,0.0,88.99,Los Angeles,California,West
1666,US-2024-101156,2024-11-08,2024-11-11,First Class,Carlos Torres,Corporate,Art Item 926,Office Supplies,Art,344.48,8,0.1,74.01,Reno,Nevada,
1667,US-2022-101105,2022-10-08,2022-10-11,Second Class,David Walker,Consumer,Labels Item 293,Office Supplies,Labels,8.72,1,0.0,2.9,San Diego,California,West
1668,US-2024-100784,2024-08-27,2024-08-30,Second Class,Linda Jones,Corporate,Binders Item 508,Office Supplies,Binders,205.25,5,0.0,34.71,Pittsburgh,Pennsylvania,East
1669,US-2024-102325,2024-07-30,2024-08-01,First Class,David Williams,Home Office,Furnishings Item 738,Furniture,Furnishings,441.6,2,0.3,-64.57,San Francisco,California,West
1670,US-2024-100620,2024-05-22,2024-05-28,Same Day,Diego Torres,Consumer,Laptops Item 838,Technology,Laptops,8571.0,4,0.1,660.87,Philadelphia,Pennsylvania,East
1671,US-2024-100702,2024-02-27,2024-03-04,Standard Class,Priya Taylor,Consumer,Bookcases Item 212,Furniture,Bookcases,410.96,4,0.4,-58.65,Nashville,Tennessee,South
1672,US-2024-101450,2024-02-29,2024-03-02,Same Day,Wei Davis,Consumer,Laptops Item 402,Technology,Laptops,3496.23,3,0.3,-603.05,Eugene,Oregon,West
1673,US-2022-102046,2022-12-28,2022-04-30,First Class,Linda Rodriguez,Corporate,Binders Item 404,Office Supplies,Binders,224.25,5,0.15,11.94,Eugene,Oregon,West
1674,US-2023-101081,2023-12-24,2023-02-25,Standard Class,Carlos Martinez,Consumer,Accessories Item 114,Technology,Accessories,809.28,8,0.4,-134.19,Houston,Texas,Central
1675,US-2023-102793,2023-05-30,2023-06-05,Same Day,Linda Torres,Home Office,Binders Item 906,Office Supplies,Binders,145.9,5,0.0,23.49,Reno,Nevada,West
1676,US-2022-102105,2022-11-15,2022-02-22,Same Day,Amara Jones,Consumer,Furnishings Item 187,Furniture,Furnishings,79.58,2,0.1,4.09,Memphis,Tennessee,South
1677,US-2023-101714,2023-12-07,2023-09-11,Second Class,Joseph Williams,Corporate,Bookcases Item 293,Furniture,Bookcases,3005.17,7,0.0,826.19,Houston,Texas,Central
1678,US-2022-100347,2022-11-18,2022-11-19,First Class,James Anderson,Corporate,Storage Item 740,Office Supplies,Storage,653.46,6,0.1,57.82,Los Angeles,California,West
1679,US-2022-101128,2022-11-22,2022-11-23,Standard Class,Mei Miller,Consumer,Tables Item 637,Furniture,Tables,1606.36,2,0.2,71.25,Buffalo,New York,East
1680,US-2022-100611,2022-05-10,2022-05-12,Standard Class,Mary Johnson,Home Office,Storage Item 271,Office Supplies,Storage,763.64,4,0.15,11.62,Las Vegas,Nevada,West
1681,US-2024-100185,2024-03-06,2024-03-09,Second Class,Carlos Davis,Consumer,Phones Item 706,Technology,Phones,1187.36,4,0.15,-1.34,Seattle,Washington,West
1682,US-2023-102731,2023-12-21,2023-04-24,Same Day,Mary Anderson,Consumer,Furnishings Item 633,Furniture,Furnishings,204.03,1,0.0,40.47,Jersey City,New Jersey,East
1683,US-2022-101166,2022-06-05,2022-06-12,First Class,James Singh,Home Office,Phones Item 526,Technology,Phones,2402.47,7,0.0,388.97,Spokane,Washington,West
1684,US-2023-101758,2023-04-01,2023-04-07,Same Day,Richard Singh,Home Office,Accessories Item 871,Technology,Accessories,129.36,1,0.1,29.44,Springfield,Illinois,Central
1685,US-2022-101933,2022-01-16,2022-01-23,Same Day,James Martinez,Consumer,Labels Item 754,Office Supplies,Labels,13.32,3,0.4,-2.92,Atlanta,Georgia,South
1686,US-2024-102334,2024-05-29,2024-06-05,Same Day,Elizabeth Johnson,Consumer,Storage Item 993,Office Supplies,Storage,138.0,4,0.2,13.49,Cleveland,Ohio,Central
1687,US-2023-100995,2023-04-04,2023-04-08,First Class,Patricia Kim,Consumer,Laptops Item 571,Technology,Laptops,7117.98,6,0.2,540.27,Reno,Nevada,West
1688,US-2023-102543,2023-03-13,2023-03-17,Standard Class,Mary Johnson,Corporate,Accessories Item 471,Technology,Accessories,37.29,1,0.15,3.21,Chicago,Illinois,Central
1689,US-2023-102664,2023-10-17,2023-10-18,Standard Class,William Thomas,Consumer,Chairs Item 290,Furniture,Chairs,385.32,4,0.0,69.71,Dallas,Texas,Central
1690,US-2023-100527,2023-12-12,2023-12-16,Same Day,Michael Wilson,Consumer,Binders Item 394,Office Supplies,Binders,452.24,8,0.15,65.46,Eugene,Oregon,West
1691,US-2023-102216,2023-01-29,2023-01-30,First Class,William Smith,Home Office,Binders Item 562,Office Supplies,Binders,332.96,8,0.15,31.43,Orlando,Florida,South
1692,US-2022-103411,2022-05-27,2022-05-29,Same Day,Robert Lee,Home Office,Laptops Item 255,Technology,Laptops,2536.02,2,0.15,225.87,Atlanta,Georgia,South
1693,US-2024-100471,2024-03-30,2024-04-02,Same Day,Fatima Brown,Corporate,Labels Item 623,Office Supplies,Labels,41.5,5,0.2,1.69,Memphis,Tennessee,South
1694,US-2022-102165,2022-08-30,2022-09-06,Same Day,David Lee,Corporate,Bookcases Item 442,Furniture,Bookcases,266.8,2,0.3,-4.57,Detroit,Michigan,Central
1695,US-2022-102044,2022-03-08,2022-03-14,First Class,Aiden Lee,Consumer,Furnishings Item 940,Furniture,Furnishings,50.12,1,0.0,13.59,Boston,Massachusetts,East
1696,US-2024-100887,2024-10-28,2024-11-02,First Class,Fatima Miller,Home Office,Bookcases Item 891,Furniture,Bookcases,2532.36,4,0.0,863.7,Pittsburgh,Pennsylvania,East
1697,US-2023-100933,2023-04-12,2023-04-14,Same Day,Fatima Martinez,Consumer,Paper Item 649,Office Supplies,Paper,197.1,5,0.0,66.52,Seattle,Washington,West
1698,US-2023-100617,2023-11-03,2023-05-09,Same Day,Jennifer Ali,Consumer,Printers Item 384,Technology,Printers,763.24,4,0.15,-6.7,Ann Arbor,Michigan,Central
1699,US-2022-100352,2022-12-23,2022-03-02,First Class,Patricia Smith,Home Office,Laptops Item 336,Technology,Laptops,2011.78,2,0.0,355.85,Ann Arbor,Michigan,Central
1700,US-2022-100237,2022-04-22,2022-04-23,Second Class,Joseph Torres,Corporate,Art Item 972,Office Supplies,Art,24.72,3,0.3,-0.04,Jersey City,New Jersey,East
1701,US-2022-100978,2022-08-29,2022-09-03,First Class,Joseph Torres,Consumer,Accessories Item 890,Technology,Accessories,898.62,6,0.0,302.5,Pittsburgh,Pennsylvania,East
1702,US-2024-103353,2024-11-21,2024-11-24,Second Class,Wei Jones,Consumer,Printers Item 127,Technology,Printers,1913.16,6,0.1,389.51,San Diego,California,West
1703,US-2023-102224,2023-03-07,2023-03-10,First Class,Diego Thomas,Home Office,Furnishings Item 125,Furniture,Furnishings,184.83,3,0.0,57.27,Ann Arbor,Michigan,Central
1704,US-2022-100417,2022-04-13,2022-04-16,Standard Class,Amara Miller,Home Office,Laptops Item 274,Technology,Laptops,653.54,1,0.0,121.09,Las Vegas,Nevada,West
1705,US-2022-103343,2022-04-04,2022-04-08,Same Day,Linda Brown,Consumer,Furnishings Item 804,Furniture,Furnishings,1437.2,8,0.1,62.12,Cleveland,Ohio,Central
1706,US-2024-103133,2024-04-01,2024-04-03,Standard Class,Linda Ali,Home Office,Storage Item 503,Office Supplies,Storage,1196.09,7,0.3,-95.48,Portland,Oregon,West
1707,US-2023-101029,2023-02-26,2023-02-28,Second Class,Fatima Nguyen,Home Office,Furnishings Item 299,Furniture,Furnishings,378.99,3,0.2,4.68,Raleigh,North Carolina,South
1708,US-2022-100489,2022-07-04,2022-07-08,Second Class,Fatima Ali,Consumer,Art Item 684,Office Supplies,Art,297.78,6,0.15,-1.4,Eugene,Oregon,West
1709,US-2023-101059,2023-10-03,2023-10-09,Same Day,William Taylor,Home Office,Accessories Item 448,Technology,Accessories,286.6,4,0.4,-47.85,Detroit,Michigan,Central
1710,US-2024-102385,2024-11-26,2024-08-02,Standard Class,David Wilson,Home Office,Bookcases Item 573,Furniture,Bookcases,$517.95,1,0.1,56.52,Albany,New York,East
1711,US-2022-103115,2022-05-20,2022-05-25,Same Day,Aiden Thomas,Home Office,Furnishings Item 524,Furniture,Furnishings,1596.48,8,0.1,188.46,Memphis,Tennessee,South
1712,US-2022-100127,2022-11-14,2022-12-20,Same Day,Priya Patel,Consumer,Labels Item 375,Office Supplies,Labels,86.32,4,0.15,4.18,Ann Arbor,Michigan,Central
1713,US-2024-101466,2024-01-02,2024-01-09,Second Class,Sarah Chen,Home Office,Phones Item 164,Technology,Phones,592.98,1,0.4,-93.57,Miami,Florida,South
1714,US-2022-101077,2022-02-18,2022-02-21,Standard Class,David Johnson,Consumer,Laptops Item 981,Technology,Laptops,8408.15,5,0.0,2650.21,Cleveland,Ohio,Central
1715,US-2023-101148,2023-03-25,2023-03-27,Same Day,Sarah Walker,Consumer,Labels Item 814,Office Supplies,Labels,8.52,4,0.3,-1.52,Columbus,Ohio,Central
1716,US-2022-103207,2022-07-13,2022-07-16,Same Day,Mary Walker,Corporate,Accessories Item 928,Technology,Accessories,519.68,4,0.15,33.37,Chicago,Illinois,Central
1717,US-2022-100872,2022-01-06,2022-01-13,Second Class,David Johnson,Consumer,Bookcases Item 922,Furniture,Bookcases,4455.76,8,0.0,678.19,Spokane,Washington,West
1718,US-2023-102635,2023-11-13,2023-11-18,Standard Class,Linda Ali,Home Office,Labels Item 874,Office Supplies,Labels,86.92,4,0.1,8.78,Raleigh,North Carolina,South
1719,US-2022-100078,2022-07-18,2022-07-22,First Class,Robert Jones,Home Office,Storage Item 474,Office Supplies,Storage,394.7,2,0.0,78.31,Reno,Nevada,West
1720,US-2024-100244,2024-09-16,2024-09-21,Second Class,David Thomas,Consumer,Chairs Item 848,Furniture,Chairs,560.0,7,0.3,-69.33,Newark,New Jersey,East
1721,US-2023-102998,2023-11-03,2023-06-09,Second Class,Jessica Walker,Home Office,Phones Item 169,Technology,Phones,1224.96,6,0.0,351.43,Philadelphia,Pennsylvania,East
1722,US-2022-102395,2022-05-26,2022-06-01,Same Day,James Brown,Consumer,Paper Item 548,Office Supplies,Paper,62.19,3,0.3,-7.09,Newark,New Jersey,East
1723,US-2022-102214,2022-11-30,2022-12-06,Standard Class,Linda Miller,Consumer,Storage Item 927,Office Supplies,Storage,117.66,2,0.0,19.93,Cleveland,Ohio,Central
1724,US-2023-102403,2023-08-15,2023-08-20,Same Day,Michael Johnson,Home Office,Accessories Item 880,Technology,Accessories,124.98,1,0.0,32.36,Austin,Texas,Central
1725,US-2022-100031,2022-11-15,2022-11-17,Standard Class,William Brown,Corporate,Labels Item 553,Office Supplies,Labels,21.88,2,0.3,-2.75,Cleveland,Ohio,Central
1726,US-2024-102682,2024-08-21,2024-08-22,Same Day,Aiden Lee,Corporate,Tables Item 489,Furniture,Tables,2140.12,4,0.4,-323.17,Boston,Massachusetts,East
1727,US-2022-101444,2022-11-28,2022-12-03,Standard Class,John Thomas,Home Office,Tables Item 932,Furniture,Tables,1011.08,2,0.15,67.62,Tampa,Florida,South
1728,US-2023-101464,2023-02-02,2023-02-08,Second Class,Fatima Rodriguez,Home Office,Art Item 641,Office Supplies,Art,65.5,1,0.0,22.73,Raleigh,North Carolina,South
1729,US-2022-100838,2022-10-03,2022-10-09,Second Class,Diego Martinez,Consumer,Art Item 255,Office Supplies,Art,321.25,5,0.2,-2.91,Ann Arbor,Michigan,Central
1730,US-2023-102391,2023-10-26,2023-10-28,First Class,Fatima Davis,Corporate,Furnishings Item 113,Furniture,Furnishings,214.08,6,0.1,16.58,Eugene,Oregon,West
1731,US-2023-101032,2023-02-10,2023-02-12,Same Day,Linda Garcia,Corporate,Labels Item 351,Office Supplies,Labels,$61.65,3,0.15,4.74,Savannah,Georgia,South
1732,US-2022-102789,2022-10-06,2022-10-12,Second Class,Fatima Rodriguez,Home Office,Binders Item 717,Office Supplies,Binders,240.36,6,0.0,83.28,Atlanta,Georgia,South
1733,US-2022-101099,2022-12-07,2022-06-09,Same Day,John Nguyen,Consumer,Art Item 105,Office Supplies,Art,79.06,2,0.15,12.48,Buffalo,New York,East
1734,US-2022-100115,2022-01-19,2022-01-21,Same Day,Michael Lee,Consumer,Paper Item 732,Office Supplies,Paper,71.8,2,0.2,4.04,Las Vegas,Nevada,West
1735,US-2024-102736,2024-04-26,2024-04-28,First Class,Diego Martinez,Home Office,Chairs Item 820,Furniture,Chairs,2174.28,6,0.0,462.18,Albany,New York,East
1736,US-2024-100259,2024-04-08,2024-04-12,First Class,David Smith,Corporate,Storage Item 789,Office Supplies,Storage,592.55,7,0.1,119.76,Austin,Texas,Central
1737,US-2024-101379,2024-08-31,2024-09-05,Second Class,Jessica Ali,Home Office,Laptops Item 903,Technology,Laptops,7475.88,6,0.15,1218.78,Cleveland,Ohio,Central
1738,US-2024-100790,2024-11-12,2024-11-18,Standard Class,John Rodriguez,Home Office,Binders Item 247,Office Supplies,Binders,75.2,2,0.2,2.96,Eugene,Oregon,West
1739,US-2023-102744,2023-06-02,2023-06-03,Standard Class,Carlos Anderson,Consumer,Laptops Item 237,Technology,Laptops,4026.45,5,0.0,1137.33,Los Angeles,California,West
1740,US-2022-101816,2022-06-04,2022-06-08,Standard Class,Mei Taylor,Corporate,Furnishings Item 405,Furniture,Furnishings,770.24,4,0.0,138.96,Pittsburgh,Pennsylvania,East
1741,US-2024-103413,2024-02-28,2024-03-05,Second Class,Linda Rodriguez,Corporate,Binders Item 514,Office Supplies,Binders,106.89,7,0.4,-13.66,Las Vegas,Nevada,West
1742,US-2023-102337,2023-06-30,2023-07-04,Second Class,Elizabeth Smith,Consumer,Paper Item 219,Office Supplies,Paper,$29.56,1,0.2,-1.4,Spokane,Washington,West
1743,US-2022-102434,2022-03-16,2022-03-17,First Class,David Davis,Consumer,Paper Item 447,Office Supplies,Paper,124.24,8,0.1,8.66,Atlanta,Georgia,South
1744,US-2022-102209,2022-08-23,2022-08-29,Same Day,Mary Wilson,Consumer,Laptops Item 665,Technology,Laptops,6886.8,6,0.2,-449.01,Las Vegas,Nevada,West
1745,US-2023-100989,2023-08-30,2023-09-06,Second Class,Mei Taylor,Home Office,Laptops Item 812,Technology,Laptops,4333.65,5,0.4,-884.36,Pittsburgh,Pennsylvania,East
1746,US-2023-102321,2023-01-20,2023-01-23,First Class,Amara Torres,Corporate,Laptops Item 510,Technology,Laptops,12614.1,6,0.0,2681.55,Albany,New York,East
1747,US-2023-100660,2023-06-18,2023-06-22,Second Class,Michael Williams,Corporate,Printers Item 185,Technology,Printers,244.9,2,0.1,12.75,Worcester,Massachusetts,East
1748,US-2024-102856,2024-05-18,2024-05-24,Same Day,Diego Davis,Corporate,Paper Item 390,Office Supplies,Paper,25.23,3,0.0,8.67,Los Angeles,California,West
1749,US-2022-101267,2022-02-01,2022-02-04,Standard Class,Jessica Rodriguez,Home Office,Printers Item 247,Technology,Printers,699.6,3,0.3,-123.93,Reno,Nevada,West
1750,US-2023-101301,2023-11-01,2023-11-07,Standard Class,Mei Martinez,Consumer,Paper Item 666,Office Supplies,Paper,51.84,2,0.2,-3.07,Philadelphia,Pennsylvania,East
1751,US-2023-100397,2023-09-15,2023-09-21,First Class,David Jones,Home Office,Bookcases Item 584,Furniture,Bookcases,1968.25,5,0.0,535.94,Raleigh,North Carolina,South
1752,US-2024-102906,2024-05-02,2024-05-08,Same Day,Fatima Brown,Consumer,Labels Item 907,Office Supplies,Labels,11.66,2,0.15,2.12,Charlotte,North Carolina,South
1753,US-2024-102461,2024-11-29,2024-12-03,Same Day,William Chen,Consumer,Printers Item 946,Technology,Printers,1150.14,2,0.0,342.27,Cleveland,Ohio,Central
1754,US-2024-102562,2024-01-31,2024-02-04,Standard Class,Sarah Lee,Home Office,Paper Item 949,Office Supplies,Paper,8.28,2,0.1,1.14,Boston,Massachusetts,East
1755,US-2024-102492,2024-04-01,2024-04-04,First Class,Aiden Williams,Home Office,Binders Item 765,Office Supplies,Binders,81.62,2,0.0,25.94,Miami,Florida,South
1756,US-2023-101748,2023-07-10,2023-07-16,Second Class,Joseph Brown,Corporate,Chairs Item 760,Furniture,Chairs,2449.86,7,0.15,66.75,Reno,Nevada,West
1757,US-2023-102205,2023-05-01,2023-05-08,Same Day,Robert Walker,Consumer,Art Item 858,Office Supplies,Art,269.28,8,0.1,40.65,Tampa,Florida,South
1758,US-2023-101389,2023-07-26,2023-07-29,Same Day,Amara Thomas,Consumer,Art Item 439,Office Supplies,Art,24.87,3,0.0,4.55,Buffalo,New York,East
1759,US-2022-100729,2022-02-16,2022-02-23,Same Day,Wei Singh,Corporate,Art Item 750,Office Supplies,Art,226.84,4,0.0,64.72,Orlando,Florida,South
1760,US-2023-103175,2023-08-25,2023-08-26,Second Class,Jennifer Ali,Home Office,Tables Item 944,Furniture,Tables,3462.06,6,0.5,-893.39,Eugene,Oregon,West
1761,US-2022-102110,2022-03-10,2022-03-17,Second Class,David Davis,Consumer,Art Item 982,Office Supplies,Art,113.4,2,0.0,22.73,Las Vegas,Nevada,West
1762,US-2022-101725,2022-05-23,2022-05-27,First Class,John Davis,Consumer,Binders Item 623,Office Supplies,Binders,184.05,5,0.3,-31.17,Columbus,Ohio,Central
1763,US-2023-102227,2023-04-02,2023-04-06,Same Day,Diego Wilson,Home Office,Paper Item 927,Office Supplies,Paper,235.48,7,0.0,73.19,Detroit,Michigan,Central
1764,US-2023-102055,2023-12-27,2023-10-03,First Class,Robert Miller,Consumer,Chairs Item 708,Furniture,Chairs,1807.08,4,0.2,82.0,Savannah,Georgia,South
1765,US-2023-100712,2023-11-22,2023-11-26,Standard Class,Jennifer Khan,Consumer,Tables Item 259,Furniture,Tables,666.3,5,0.1,46.42,Atlanta,Georgia,South
1766,US-2024-101155,2024-11-20,2024-11-21,Same Day,Robert Torres,Home Office,Accessories Item 390,Technology,Accessories,77.82,3,0.15,4.21,Portland,Oregon,West
1767,US-2024-100910,2024-08-01,2024-08-06,Same Day,Jennifer Ali,Home Office,Chairs Item 498,Furniture,Chairs,1674.25,5,0.2,10.69,Albany,New York,East
1768,US-2022-100248,2022-11-26,2022-11-29,First Class,Joseph Davis,Consumer,Phones Item 807,Technology,Phones,1991.08,4,0.0,439.37,San Francisco,California,West
1769,US-2023-102992,05/09/2023,2023-05-15,Standard Class,Jessica Chen,Home Office,Labels Item 614,Office Supplies,Labels,192.72,8,0.2,-11.77,Eugene,Oregon,West
1770,US-2023-101366,2023-10-10,2023-10-15,Standard Class,Diego Rodriguez,Consumer,Art Item 206,Office Supplies,Art,305.3,5,0.1,41.14,Memphis,Tennessee,South
1771,US-2022-100088,2022-04-18,2022-04-19,Same Day,David Davis,Home Office,Labels Item 583,Office Supplies,Labels,67.36,4,0.15,1.34,Philadelphia,Pennsylvania,East
1772,US-2022-102625,2022-11-07,2022-01-09,Standard Class,Linda Torres,Home Office,Art Item 758,Office Supplies,Art,235.62,6,0.0,57.73,Pittsburgh,Pennsylvania,East
1773,US-2024-102405,2024-12-25,2024-03-02,First Class,Wei Johnson,Consumer,Storage Item 388,Office Supplies,Storage,182.07,3,0.0,58.61,Raleigh,North Carolina,South
1774,US-2023-102912,2023-09-07,2023-09-11,Second Class,Joseph Torres,Consumer,Bookcases Item 475,Furniture,Bookcases,1557.96,3,0.3,-52.39,Albany,New York,East
1775,US-2022-102674,2022-03-27,2022-03-31,Standard Class,Joseph Johnson,Corporate,Accessories Item 177,Technology,Accessories,83.93,7,0.1,7.68,Houston,Texas,Central
1776,US-2022-101523,2022-02-07,2022-02-10,Same Day,Linda Martinez,Home Office,Storage Item 694,Office Supplies,Storage,757.55,5,0.1,137.05,Seattle,Washington,West
1777,US-2024-100089,2024-09-01,2024-09-05,Second Class,Carlos Martinez,Corporate,Paper Item 392,Office Supplies,Paper,197.82,7,0.15,12.33,Seattle,Washington,West
1778,US-2022-101191,2022-01-29,2022-02-02,Standard Class,Elizabeth Rodriguez,Corporate,Accessories Item 410,Technology,Accessories,375.42,3,0.1,79.41,Orlando,Florida,South
1779,US-2023-103473,2023-07-12,2023-07-14,Same Day,Susan Thomas,Consumer,Labels Item 960,Office Supplies,Labels,75.15,5,0.0,22.74,Tampa,Florida,South
1780,US-2023-103486,2023-11-24,2023-11-25,Second Class,Wei Torres,Home Office,Accessories Item 228,Technology,Accessories,75.7,2,0.2,3.81,Las Vegas,Nevada,West
1781,US-2022-100557,2022-02-08,2022-02-11,Standard Class,Linda Miller,Home Office,Phones Item 767,Technology,Phones,2225.02,7,0.15,205.58,Ann Arbor,Michigan,Central
1782,US-2022-102642,2022-04-12,2022-04-13,First Class,Wei Jones,Corporate,Storage Item 444,Office Supplies,Storage,96.3,2,0.1,21.02,Austin,Texas,Central
1783,US-2023-102737,2023-04-17,2023-04-24,Same Day,John Johnson,Corporate,Bookcases Item 874,Furniture,Bookcases,706.56,6,0.0,205.12,San Diego,California,
1784,US-2023-102416,2023-11-01,2023-06-07,Same Day,Mei Nguyen,Consumer,Art Item 368,Office Supplies,Art,129.46,2,0.1,24.32,Portland,Oregon,West
1785,US-2024-102221,2024-06-17,2024-06-23,Second Class,James Nguyen,Home Office,Accessories Item 194,Technology,Accessories,$132.4,1,0.15,20.01,Houston,Texas,Central
1786,US-2024-100313,2024-12-25,2025-01-01,First Class,Patricia Thomas,Consumer,Bookcases Item 973,Furniture,Bookcases,2316.6,5,0.15,136.18,Las Vegas,Nevada,West
1787,US-2022-102963,2022-01-29,2022-02-01,First Class,John Kim,Consumer,Laptops Item 812,Technology,Laptops,$5892.74,7,0.0,1729.59,Austin,Texas,Central
1788,US-2023-102777,2023-07-29,2023-08-04,Same Day,Joseph Lee,Corporate,Accessories Item 594,Technology,Accessories,426.06,3,0.1,69.05,Savannah,Georgia,South
1789,US-2022-100619,2022-01-13,2022-01-14,Same Day,Mary Brown,Consumer,Art Item 153,Office Supplies,Art,418.98,6,0.0,102.5,Seattle,Washington,West
1790,US-2023-101885,2023-11-27,2023-03-04,Standard Class,William Lee,Consumer,Printers Item 166,Technology,Printers,661.96,4,0.0,114.73,Houston,Texas,Central
1791,US-2023-103013,2023-10-18,2023-10-23,Same Day,Mei Wilson,Consumer,Chairs Item 740,Furniture,Chairs,299.76,3,0.2,-5.23,Spokane,Washington,West
1792,US-2022-101742,2022-01-31,2022-02-04,Second Class,Linda Lee,Home Office,Binders Item 281,Office Supplies,Binders,131.53,7,0.2,15.03,Atlanta,Georgia,South
1793,US-2023-100773,2023-08-13,2023-08-19,Standard Class,Fatima Wilson,Consumer,Laptops Item 615,Technology,Laptops,12799.62,6,0.15,1045.85,Detroit,Michigan,Central
1794,US-2024-100198,2024-03-25,2024-03-29,Same Day,Patricia Taylor,Consumer,Art Item 757,Office Supplies,Art,61.12,2,0.0,20.55,Pittsburgh,Pennsylvania,East
1795,US-2024-101429,2024-06-28,2024-06-30,Second Class,Wei Williams,Corporate,Phones Item 794,Technology,Phones,631.28,2,0.1,30.17,Charlotte,North Carolina,South
1796,US-2022-101222,2022-12-25,2022-09-28,Same Day,Mary Williams,Consumer,Laptops Item 417,Technology,Laptops,12399.94,7,0.2,1199.45,Ann Arbor,Michigan,Central
1797,US-2022-102098,2022-11-01,2022-11-04,Standard Class,James Ali,Corporate,Storage Item 789,Office Supplies,Storage,388.65,3,0.0,72.81,Albany,New York,East
1798,US-2024-100549,2024-02-12,2024-02-16,Second Class,Aiden Brown,Home Office,Labels Item 751,Office Supplies,Labels,56.56,8,0.4,-14.29,Reno,Nevada,West
1799,US-2024-100616,2024-05-27,2024-06-03,Second Class,Mei Chen,Consumer,Phones Item 240,Technology,Phones,4102.85,5,0.0,804.12,New York City,New York,East
1800,US-2024-103243,2024-11-06,2024-06-13,First Class,Linda Lee,Corporate,Laptops Item 109,Technology,Laptops,3002.84,4,0.0,745.5,Raleigh,North Carolina,South
1801,US-2022-102599,2022-07-16,2022-07-23,Same Day,Michael Rodriguez,Consumer,Accessories Item 740,Technology,Accessories,567.0,5,0.15,-1.27,Nashville,Tennessee,South
1802,US-2022-100717,2022-03-08,2022-03-10,First Class,Amara Rodriguez,Home Office,Storage Item 678,Office Supplies,Storage,421.76,4,0.15,49.92,Los Angeles,California,West
1803,US-2024-100125,2024-06-29,2024-07-02,First Class,Wei Jones,Consumer,Chairs Item 189,Furniture,Chairs,483.99,1,0.4,-57.79,Jersey City,New Jersey,East
1804,US-2024-102152,2024-10-31,2024-11-03,Same Day,Fatima Khan,Home Office,Storage Item 365,Office Supplies,Storage,309.4,2,0.15,31.66,Austin,Texas,Central
1805,US-2024-103040,2024-11-24,2024-03-31,Second Class,Jennifer Ali,Home Office,Paper Item 335,Office Supplies,Paper,183.76,8,0.0,40.67,Boston,Massachusetts,East
1806,US-2024-100402,2024-03-09,2024-03-13,First Class,Jennifer Rodriguez,Home Office,Laptops Item 991,Technology,Laptops,10061.24,7,0.15,1069.94,Memphis,Tennessee,South
1807,US-2024-103380,2024-05-15,2024-05-21,Same Day,Amara Garcia,Consumer,Labels Item 427,Office Supplies,Labels,24.98,1,0.1,2.43,Seattle,Washington,West
1808,US-2024-103096,2024-11-15,2024-11-21,Standard Class,Mei Kim,Consumer,Art Item 392,Office Supplies,Art,343.86,6,0.1,57.96,Detroit,Michigan,Central
1809,US-2024-102815,2024-06-22,2024-06-29,Standard Class,Michael Kim,Consumer,Bookcases Item 536,Furniture,Bookcases,3350.56,8,0.3,-541.88,Pittsburgh,Pennsylvania,East
1810,US-2023-100122,2023-12-10,2023-12-11,Standard Class,Robert Davis,Consumer,Paper Item 958,Office Supplies,Paper,73.52,2,0.1,8.38,Raleigh,North Carolina,South
1811,US-2022-100504,2022-04-04,2022-04-05,First Class,James Thomas,Home Office,Art Item 490,Office Supplies,Art,341.52,6,0.5,-78.6,San Francisco,California,West
1812,US-2023-101497,2023-11-04,2023-11-09,Same Day,Amara Nguyen,Home Office,Laptops Item 840,Technology,Laptops,4184.61,3,0.0,959.58,Ann Arbor,Michigan,Central
1813,US-2022-102063,2022-08-14,2022-08-21,Standard Class,Patricia Taylor,Home Office,Phones Item 411,Technology,Phones,4464.84,6,0.0,1273.69,Houston,Texas,Central
1814,US-2023-100079,2023-11-14,2023-11-21,Same Day,Robert Johnson,Corporate,Chairs Item 252,Furniture,Chairs,355.74,1,0.0,107.55,Pittsburgh,Pennsylvania,East
1815,US-2023-100569,2023-10-10,2023-10-11,Same Day,John Anderson,Corporate,Accessories Item 183,Technology,Accessories,904.19,7,0.1,125.71,Austin,Texas,Central
1816,US-2023-101458,2023-09-20,2023-09-25,Standard Class,Richard Torres,Consumer,Chairs Item 878,Furniture,Chairs,952.14,6,0.4,-149.86,Worcester,Massachusetts,East
1817,US-2022-100072,2022-05-03,2022-05-05,Same Day,John Thomas,Corporate,Printers Item 575,Technology,Printers,1692.85,5,0.1,169.58,Cleveland,Ohio,Central
1818,US-2024-102586,2024-12-02,2024-12-08,First Class,David Khan,Corporate,Bookcases Item 200,Furniture,Bookcases,687.62,2,0.0,180.9,Springfield,Illinois,Central
1819,US-2022-101050,2022-05-04,2022-05-09,Same Day,Mei Chen,Home Office,Phones Item 882,Technology,Phones,5987.52,8,0.0,1372.3,Columbus,Ohio,Central
1820,US-2024-101135,2024-04-09,2024-04-16,First Class,Joseph Torres,Corporate,Art Item 270,Office Supplies,Art,136.86,6,0.2,4.44,Memphis,Tennessee,South
1821,US-2023-101397,2023-01-14,2023-01-21,Standard Class,Patricia Anderson,Home Office,Paper Item 789,Office Supplies,Paper,189.12,8,0.0,38.18,Charlotte,North Carolina,South
1822,US-2022-101893,2022-08-22,2022-08-29,Second Class,Wei Wilson,Home Office,Labels Item 414,Office Supplies,Labels,20.42,1,0.3,-3.25,New York City,New York,East
1823,US-2024-100209,2024-01-09,2024-01-15,Second Class,Jessica Williams,Corporate,Paper Item 943,Office Supplies,Paper,13.14,1,0.1,1.39,Philadelphia,Pennsylvania,East
1824,US-2022-101717,2022-05-17,2022-05-21,First Class,Jennifer Anderson,Consumer,Storage Item 834,Office Supplies,Storage,1085.0,7,0.0,258.73,Columbus,Ohio,Central
1825,US-2024-102465,03/23/2024,2024-03-27,Second Class,Mei Kim,Consumer,Bookcases Item 323,Furniture,Bookcases,3788.54,7,0.4,-402.19,Miami,Florida,South
1826,US-2022-100073,2022-09-25,2022-10-02,First Class,Jessica Brown,Home Office,Accessories Item 208,Technology,Accessories,299.28,6,0.5,-117.5,Boston,Massachusetts,East
1827,US-2024-103080,2024-06-27,2024-07-04,Same Day,Priya Walker,Corporate,Tables Item 440,Furniture,Tables,417.68,2,0.0,132.49,Buffalo,New York,East
1828,US-2022-102844,2022-01-25,2022-01-29,Same Day,Patricia Anderson,Home Office,Paper Item 670,Office Supplies,Paper,42.04,2,0.0,13.97,Dallas,Texas,
1829,US-2023-101686,2023-04-22,2023-04-23,First Class,Richard Brown,Consumer,Accessories Item 955,Technology,Accessories,284.34,7,0.15,29.59,Springfield,Illinois,Central
1830,US-2022-100046,2022-09-26,2022-10-01,Same Day,Michael Taylor,Consumer,Labels Item 285,Office Supplies,Labels,4.75,1,0.15,0.61,Austin,Texas,Central
1831,US-2022-103364,2022-04-10,2022-04-14,Standard Class,Carlos Nguyen,Corporate,Storage Item 303,Office Supplies,Storage,232.23,3,0.3,-37.64,Albany,New York,East
1832,US-2023-103408,2023-12-20,2023-12-24,First Class,James Nguyen,Home Office,Bookcases Item 250,Furniture,Bookcases,1503.32,4,0.0,264.85,Detroit,Michigan,
1833,US-2024-102082,2024-05-12,2024-05-19,Second Class,Jessica Torres,Consumer,Bookcases Item 256,Furniture,Bookcases,1681.2,4,0.0,379.94,Worcester,Massachusetts,East
1834,US-2024-100499,2024-08-05,2024-08-07,First Class,Carlos Walker,Consumer,Labels Item 510,Office Supplies,Labels,92.4,4,0.4,-24.27,New York City,New York,East
1835,US-2024-100950,2024-11-17,2024-11-24,Standard Class,Patricia Lee,Corporate,Phones Item 724,Technology,Phones,833.08,2,0.1,163.92,Austin,Texas,Central
1836,US-2022-101588,07/26/2022,2022-08-02,Standard Class,Diego Singh,Corporate,Labels Item 435,Office Supplies,Labels,21.72,6,0.3,-3.1,Newark,New Jersey,East
1837,US-2024-101003,2024-02-07,2024-02-14,Standard Class,Jennifer Williams,Consumer,Bookcases Item 751,Furniture,Bookcases,248.61,1,0.2,20.36,Los Angeles,California,West
1838,US-2023-101469,2023-12-10,2023-12-13,Second Class,David Jones,Corporate,Paper Item 280,Office Supplies,Paper,63.32,2,0.0,16.89,Las Vegas,Nevada,West
1839,US-2023-102290,2023-09-22,2023-09-27,Second Class,Jennifer Torres,Corporate,Storage Item 808,Office Supplies,Storage,782.64,4,0.0,218.45,Los Angeles,California,West
1840,US-2024-103132,2024-06-22,2024-06-25,Same Day,Mei Williams,Corporate,Printers Item 328,Technology,Printers,484.32,3,0.3,7.24,Newark,New Jersey,East
1841,US-2023-103394,2023-09-29,2023-10-05,Second Class,Aiden Anderson,Consumer,Bookcases Item 198,Furniture,Bookcases,3310.05,5,0.0,1029.49,Reno,Nevada,West
1842,US-2023-100763,2023-10-16,2023-10-23,Second Class,Amara Jones,Corporate,Paper Item 752,Office Supplies,Paper,163.68,8,0.0,32.96,Ann Arbor,Michigan,Central
1843,US-2023-101626,2023-03-23,2023-03-24,Standard Class,Michael Wilson,Consumer,Bookcases Item 661,Furniture,Bookcases,410.15,1,0.3,-64.36,Atlanta,Georgia,South
1844,US-2024-101705,2024-05-21,2024-05-22,Same Day,John Johnson,Consumer,Tables Item 104,Furniture,Tables,293.2,1,0.3,-50.41,Jersey City,New Jersey,East
1845,US-2024-102779,2024-07-25,2024-07-28,First Class,John Rodriguez,Corporate,Printers Item 573,Technology,Printers,415.5,3,0.5,-105.05,Savannah,Georgia,South
1846,US-2022-101176,2022-03-08,2022-03-15,First Class,Mary Walker,Corporate,Printers Item 649,Technology,Printers,2464.62,6,0.0,819.87,San Diego,California,West
1847,US-2023-101439,2023-07-25,2023-07-31,Second Class,Jessica Miller,Home Office,Phones Item 980,Technology,Phones,2615.75,5,0.0,499.44,Philadelphia,Pennsylvania,East
1848,US-2022-103397,2022-12-15,2022-05-22,Standard Class,Jessica Martinez,Consumer,Binders Item 318,Office Supplies,Binders,179.97,7,0.2,-1.19,Miami,Florida,South
1849,US-2023-101331,2023-06-29,2023-07-03,Same Day,Linda Lee,Consumer,Art Item 418,Office Supplies,Art,40.42,1,0.0,13.18,Seattle,Washington,West
1850,US-2023-100029,2023-09-25,2023-09-28,First Class,Wei Williams,Consumer,Storage Item 990,Office Supplies,Storage,31.37,1,0.0,5.94,Newark,New Jersey,East
1851,US-2022-102733,2022-11-13,2022-01-19,First Class,Diego Walker,Corporate,Binders Item 774,Office Supplies,Binders,145.68,8,0.1,20.57,Portland,Oregon,West
1852,US-2023-101321,2023-08-08,2023-08-09,Second Class,Richard Kim,Consumer,Laptops Item 117,Technology,Laptops,936.49,1,0.0,160.21,Dallas,Texas,Central
1853,US-2024-101830,2024-05-07,2024-05-10,First Class,Joseph Johnson,Home Office,Printers Item 560,Technology,Printers,1199.61,3,0.0,398.42,Spokane,Washington,West
1854,US-2024-101764,2024-08-08,2024-08-14,Same Day,Jessica Ali,Home Office,Furnishings Item 291,Furniture,Furnishings,1706.67,7,0.15,233.57,Philadelphia,Pennsylvania,East
1855,US-2024-100760,2024-03-16,2024-03-19,Same Day,Elizabeth Nguyen,Home Office,Bookcases Item 224,Furniture,Bookcases,1847.68,8,0.15,314.86,Cleveland,Ohio,Central
1856,US-2023-100785,2023-10-23,2023-10-30,Second Class,Elizabeth Khan,Corporate,Paper Item 238,Office Supplies,Paper,179.97,7,0.15,13.56,Eugene,Oregon,West
1857,US-2024-101398,2024-06-11,2024-06-14,Second Class,Michael Martinez,Consumer,Labels Item 717,Office Supplies,Labels,84.35,7,0.4,-14.45,Boston,Massachusetts,East
1858,US-2022-101226,2022-10-02,2022-10-06,Standard Class,John Davis,Consumer,Storage Item 396,Office Supplies,Storage,390.0,6,0.2,48.08,Chicago,Illinois,Central
1859,US-2023-103094,2023-07-02,2023-07-07,First Class,Amara Jones,Home Office,Tables Item 841,Furniture,Tables,730.43,1,0.1,72.64,Boston,Massachusetts,East
1860,US-2023-101143,2023-12-07,2023-02-08,Same Day,Fatima Wilson,Corporate,Furnishings Item 325,Furniture,Furnishings,261.05,5,0.0,53.61,Spokane,Washington,West
1861,US-2024-102250,2024-11-25,2024-11-30,Second Class,Mary Brown,Consumer,Laptops Item 407,Technology,Laptops,5222.4,6,0.15,359.41,Savannah,Georgia,South
1862,US-2023-102947,2023-01-22,2023-01-28,Standard Class,Patricia Brown,Corporate,Tables Item 795,Furniture,Tables,1975.56,4,0.15,46.35,Philadelphia,Pennsylvania,East
1863,US-2023-100131,2023-02-14,2023-02-19,Second Class,Mei Taylor,Consumer,Printers Item 844,Technology,Printers,2398.8,6,,834.81,Worcester,Massachusetts,East
1864,US-2024-102725,2024-05-18,2024-05-22,Standard Class,Carlos Anderson,Corporate,Storage Item 494,Office Supplies,Storage,347.37,3,0.0,60.83,Boston,Massachusetts,East
1865,US-2023-102804,2023-10-26,2023-10-27,First Class,Carlos Torres,Consumer,Laptops Item 208,Technology,Laptops,9827.25,5,0.2,1062.98,Portland,Oregon,West
1866,US-2023-102409,2023-11-23,2023-11-28,Same Day,Priya Williams,Corporate,Phones Item 852,Technology,Phones,831.9,1,0.0,261.15,Orlando,Florida,South
1867,US-2022-101105,2022-11-08,2022-10-11,Second Class,David Walker,Consumer,Labels Item 293,Office Supplies,Labels,8.72,1,0.0,2.9,San Diego,California,West
1868,US-2023-101392,2023-02-03,2023-02-07,Same Day,Jessica Torres,Consumer,Chairs Item 401,Furniture,Chairs,2950.32,6,0.2,261.48,Detroit,Michigan,Central
1869,US-2022-100136,2022-10-18,2022-10-21,First Class,Michael Williams,Corporate,Binders Item 903,Office Supplies,Binders,98.26,2,0.3,-1.77,Eugene,Oregon,West
1870,US-2022-100235,2022-09-25,2022-09-29,Same Day,Joseph Patel,Corporate,Printers Item 551,Technology,Printers,1177.62,6,0.15,209.2,Memphis,Tennessee,South
1871,US-2023-103499,2023-02-21,2023-02-25,Standard Class,David Lee,Home Office,Printers Item 125,Technology,Printers,1280.58,3,0.15,214.26,Ann Arbor,Michigan,Central
1872,US-2023-101805,2023-10-18,2023-10-24,Same Day,Fatima Patel,Consumer,Bookcases Item 426,Furniture,Bookcases,3928.92,6,0.0,1351.49,Austin,Texas,Central
1873,US-2024-100393,2024-07-10,2024-07-14,First Class,Mary Anderson,Consumer,Art Item 534,Office Supplies,Art,130.34,7,0.15,21.73,Memphis,Tennessee,South
1874,US-2022-102315,2022-08-12,2022-08-16,Standard Class,Mei Kim,Home Office,Tables Item 339,Furniture,Tables,2466.32,4,0.15,214.85,Ann Arbor,Michigan,Central
1875,US-2022-102446,2022-06-19,2022-06-23,Standard Class,Mei Kim,Home Office,Paper Item 473,Office Supplies,Paper,98.07,7,0.0,15.8,Eugene,Oregon,West
1876,US-2022-101974,2022-11-20,2022-08-21,Second Class,Jennifer Thomas,Consumer,Labels Item 941,Office Supplies,Labels,120.54,7,0.0,32.6,Newark,New Jersey,East
1877,US-2023-101192,2023-07-07,2023-07-09,Same Day,Amara Lee,Corporate,Storage Item 236,Office Supplies,Storage,1476.64,8,0.5,-463.37,Newark,New Jersey,East
1878,US-2022-101619,2022-03-17,2022-03-19,Standard Class,Priya Khan,Home Office,Storage Item 783,Office Supplies,Storage,333.72,6,0.0,114.12,Worcester,Massachusetts,East
1879,US-2023-101888,2023-02-06,2023-02-07,Same Day,Mary Singh,Consumer,Bookcases Item 289,Furniture,Bookcases,1465.11,3,0.2,170.41,Philadelphia,Pennsylvania,East
1880,US-2022-100093,2022-06-27,2022-07-01,Standard Class,Linda Rodriguez,Consumer,Printers Item 588,Technology,Printers,1498.91,7,0.1,257.81,Columbus,Ohio,Central
1881,US-2022-102249,2022-08-15,2022-08-22,First Class,Michael Singh,Corporate,Furnishings Item 674,Furniture,Furnishings,661.4,5,0.15,7.7,Buffalo,New York,East
1882,US-2022-102885,2022-03-29,2022-03-31,Standard Class,Amara Lee,Consumer,Art Item 201,Office Supplies,Art,75.3,3,0.1,16.75,Boston,Massachusetts,East
1883,US-2023-100840,2023-11-15,2023-10-22,Second Class,Wei Lee,Consumer,Furnishings Item 933,Furniture,Furnishings,299.55,5,0.0,86.57,Austin,Texas,Central
1884,US-2022-102955,2022-11-16,2022-11-23,Same Day,Carlos Khan,Home Office,Accessories Item 474,Technology,Accessories,122.61,3,0.0,22.43,San Francisco,California,West
1885,US-2022-101070,2022-07-03,2022-07-10,Second Class,Sarah Chen,Consumer,Furnishings Item 218,Furniture,Furnishings,441.7,7,0.15,69.19,Reno,Nevada,West
1886,US-2023-100694,2023-07-27,2023-07-29,First Class,Joseph Nguyen,Home Office,Storage Item 773,Office Supplies,Storage,632.36,4,0.2,-27.71,Austin,Texas,Central
1887,US-2023-100140,2023-06-22,2023-06-28,Same Day,Sarah Lee,Home Office,Accessories Item 420,Technology,Accessories,433.12,4,0.1,86.26,San Diego,California,West
1888,US-2024-102519,2024-03-31,2024-04-02,Same Day,Mei Miller,Consumer,Accessories Item 686,Technology,Accessories,578.46,6,0.15,103.52,Nashville,Tennessee,South
1889,US-2023-102236,2023-03-04,2023-03-09,Second Class,Aiden Lee,Corporate,Storage Item 679,Office Supplies,Storage,1279.6,7,0.5,-258.09,San Diego,California,West
1890,US-2022-101283,2022-11-20,2022-08-24,Same Day,Carlos Ali,Consumer,Labels Item 303,Office Supplies,Labels,22.54,2,0.4,-5.21,Austin,Texas,Central
1891,US-2022-101467,2022-11-08,2022-11-12,Second Class,Amara Nguyen,Consumer,Binders Item 416,Office Supplies,Binders,7.47,1,0.0,1.93,Eugene,Oregon,West
1892,US-2022-100400,2022-10-25,2022-10-30,Second Class,Carlos Khan,Corporate,Binders Item 888,Office Supplies,Binders,256.26,6,0.5,-55.22,Newark,New Jersey,East
1893,US-2023-103165,2023-12-09,2023-12-12,Same Day,Jennifer Garcia,Consumer,Tables Item 440,Furniture,Tables,3786.8,8,0.1,191.39,Philadelphia,Pennsylvania,East
1894,US-2022-101534,2022-12-01,2022-09-06,Same Day,Carlos Walker,Consumer,Art Item 403,Office Supplies,Art,30.65,5,0.2,3.77,Memphis,Tennessee,South
1895,US-2023-103053,2023-12-18,2023-08-24,Standard Class,Priya Smith,Consumer,Labels Item 360,Office Supplies,Labels,39.28,8,0.3,-5.67,Chicago,Illinois,Central
1896,US-2023-102732,2023-01-27,2023-01-30,Second Class,Richard Walker,Home Office,Art Item 578,Office Supplies,Art,30.3,3,0.15,1.47,Chicago,Illinois,Central
1897,US-2023-101769,2023-11-06,2023-11-11,Second Class,Robert Miller,Home Office,Laptops Item 287,Technology,Laptops,4308.15,5,0.4,-943.21,Ann Arbor,Michigan,Central
1898,US-2023-101364,2023-11-21,2023-11-27,First Class,Richard Rodriguez,Consumer,Paper Item 506,Office Supplies,Paper,13.5,3,0.2,-0.33,Cleveland,Ohio,Central
1899,US-2024-101374,2024-07-05,2024-07-08,Same Day,James Ali,Corporate,Laptops Item 548,Technology,Laptops,4322.82,3,0.4,-1126.56,New York City,New York,East
1900,US-2024-102845,2024-09-28,2024-10-02,Second Class,Fatima Khan,Corporate,Paper Item 463,Office Supplies,Paper,22.71,3,,1.34,Pittsburgh,Pennsylvania,East
1901,US-2024-100825,2024-06-21,2024-06-23,First Class,Fatima Wilson,Corporate,Labels Item 989,Office Supplies,Labels,119.94,6,0.4,-17.78,San Francisco,California,West
1902,US-2024-103033,2024-12-10,2024-12-15,Second Class,Joseph Thomas,Corporate,Storage Item 860,Office Supplies,Storage,177.27,3,0.3,-3.76,Houston,Texas,Central
1903,US-2022-102834,2022-05-20,2022-05-24,Second Class,,Home Office,Labels Item 496,Office Supplies,Labels,127.26,7,0.15,19.33,Pittsburgh,Pennsylvania,East
1904,US-2022-102198,2022-12-07,2022-12-08,First Class,Amara Wilson,Corporate,Laptops Item 987,Technology,Laptops,6308.25,3,0.4,-766.87,Nashville,Tennessee,South
1905,US-2023-102536,2023-09-12,2023-09-13,First Class,Fatima Ali,Home Office,Binders Item 326,Office Supplies,Binders,34.51,1,0.2,2.7,Tampa,Florida,South
1906,US-2022-100157,2022-09-30,2022-10-06,Second Class,,Home Office,Bookcases Item 676,Furniture,Bookcases,287.16,3,0.1,66.77,San Francisco,California,West
1907,US-2023-103424,2023-01-30,2023-02-05,Standard Class,Carlos Miller,Home Office,Binders Item 406,Office Supplies,Binders,213.84,8,0.0,51.27,Newark,New Jersey,East
1908,US-2024-102228,2024-11-03,2024-01-04,Second Class,William Brown,Home Office,Binders Item 529,Office Supplies,Binders,419.12,8,0.2,-24.34,Tampa,Florida,South
1909,US-2024-100138,2024-08-04,2024-08-06,Same Day,Diego Wilson,Consumer,Tables Item 755,Furniture,Tables,3054.42,6,0.15,260.55,Seattle,Washington,West
1910,US-2023-100664,2023-09-20,2023-09-25,Same Day,Sarah Smith,Home Office,Binders Item 457,Office Supplies,Binders,40.14,3,0.1,7.95,Savannah,Georgia,South
1911,US-2022-101369,2022-01-28,2022-02-04,First Class,Diego Davis,Consumer,Storage Item 835,Office Supplies,Storage,1587.2,8,0.4,-287.45,New York City,New York,
1912,US-2023-100878,2023-06-03,2023-06-06,Standard Class,Wei Thomas,Consumer,Printers Item 983,Technology,Printers,4112.15,7,0.0,1276.03,Austin,Texas,Central
1913,US-2022-100974,2022-11-08,2022-11-13,Same Day,Wei Martinez,Corporate,Laptops Item 150,Technology,Laptops,4769.44,4,0.3,-717.85,Pittsburgh,Pennsylvania,East
1914,US-2023-101451,2023-12-19,2023-10-22,Second Class,Sarah Williams,Home Office,Paper Item 627,Office Supplies,Paper,41.16,6,0.4,-5.63,Boston,Massachusetts,East
1915,US-2023-102265,2023-05-20,2023-05-21,Same Day,Linda Singh,Corporate,Tables Item 448,Furniture,Tables,1115.4,2,0.3,-160.44,Savannah,Georgia,South
1916,US-2024-102760,2024-06-27,2024-06-30,Same Day,Mary Garcia,Home Office,Paper Item 115,Office Supplies,Paper,31.65,5,0.1,5.34,Detroit,Michigan,Central
1917,US-2024-103345,2024-12-31,2025-01-02,Second Class,David Wilson,Corporate,Laptops Item 387,Technology,Laptops,8269.62,6,0.15,-3.74,Buffalo,New York,East
1918,US-2024-102121,2024-06-30,2024-07-03,Second Class,Mei Williams,Consumer,Bookcases Item 177,Furniture,Bookcases,997.82,2,0.0,228.69,Buffalo,New York,East
1919,US-2022-102434,2022-12-16,2022-03-17,First Class,David Davis,Consumer,Paper Item 447,Office Supplies,Paper,124.24,8,0.1,8.66,Atlanta,Georgia,South
1920,US-2023-100650,2023-02-05,2023-02-11,Standard Class,Mei Taylor,Home Office,Storage Item 976,Office Supplies,Storage,398.22,3,0.0,116.0,Pittsburgh,Pennsylvania,
1921,US-2024-102093,2024-11-20,2024-11-24,Standard Class,Elizabeth Davis,Corporate,Chairs Item 380,Furniture,Chairs,237.22,2,0.15,26.45,Ann Arbor,Michigan,Central
1922,US-2023-102170,2023-02-22,2023-02-24,First Class,William Rodriguez,Consumer,Labels Item 173,Office Supplies,Labels,10.81,1,0.0,2.09,Detroit,Michigan,Central
1923,US-2022-102701,2022-01-17,2022-01-24,Second Class,Aiden Khan,Home Office,Printers Item 383,Technology,Printers,1448.16,7,0.0,497.22,Philadelphia,Pennsylvania,East
1924,US-2024-101006,2024-03-07,2024-03-14,Same Day,James Nguyen,Home Office,Storage Item 667,Office Supplies,Storage,169.76,8,0.4,-47.1,Atlanta,Georgia,South
1925,US-2024-102309,2024-03-22,2024-03-23,Same Day,Richard Chen,Consumer,Chairs Item 162,Furniture,Chairs,1247.64,3,0.0,405.6,Raleigh,North Carolina,South
1926,US-2024-101846,2024-12-20,2024-12-27,Standard Class,Elizabeth Smith,Home Office,Laptops Item 612,Technology,Laptops,3776.7,2,0.1,547.42,Reno,Nevada,West
1927,US-2024-101299,2024-03-14,2024-03-15,Second Class,Linda Torres,Consumer,Labels Item 760,Office Supplies,Labels,32.96,4,0.2,0.97,Reno,Nevada,West
1928,US-2024-102574,2024-11-22,2024-02-25,First Class,Amara Walker,Corporate,Storage Item 377,Office Supplies,Storage,405.03,3,0.15,66.77,Orlando,Florida,South
1929,US-2022-101258,2022-09-29,2022-10-02,First Class,Priya Williams,Consumer,Printers Item 453,Technology,Printers,1623.32,4,0.0,544.26,Houston,Texas,Central
1930,US-2022-101350,2022-12-10,2022-05-11,First Class,Robert Taylor,Consumer,Printers Item 949,Technology,Printers,964.96,2,0.1,187.77,Ann Arbor,Michigan,Central
1931,US-2022-102999,2022-01-30,2022-02-04,First Class,Amara Wilson,Home Office,Paper Item 691,Office Supplies,Paper,126.72,6,0.15,17.49,San Diego,California,West
1932,US-2024-102860,2024-04-23,2024-04-24,Standard Class,John Johnson,Home Office,Bookcases Item 324,Furniture,Bookcases,963.69,7,0.0,172.28,Memphis,Tennessee,South
1933,US-2024-102756,2024-07-23,2024-07-24,Second Class,Richard Rodriguez,Home Office,Paper Item 579,Office Supplies,Paper,42.36,6,0.3,0.24,Columbus,Ohio,Central
1934,US-2024-102263,2024-01-15,2024-01-22,First Class,Wei Smith,Consumer,Binders Item 736,Office Supplies,Binders,344.26,7,0.1,43.35,Reno,Nevada,West
1935,US-2024-103148,2024-04-16,2024-04-18,Second Class,David Walker,Home Office,Art Item 981,Office Supplies,Art,350.55,5,0.2,37.25,Pittsburgh,Pennsylvania,East
1936,US-2024-101558,2024-04-05,2024-04-06,First Class,Mei Brown,Consumer,Accessories Item 466,Technology,Accessories,265.3,7,0.2,27.99,Los Angeles,California,West
1937,US-2023-103123,2023-11-11,2023-11-12,Second Class,James Wilson,Corporate,Phones Item 310,Technology,Phones,5741.6,8,0.0,1557.94,Buffalo,New York,East
1938,US-2024-102445,2024-12-10,2024-10-13,First Class,Jennifer Martinez,Corporate,Labels Item 476,Office Supplies,Labels,12.9,5,0.1,2.3,Raleigh,North Carolina,South
1939,US-2022-102730,2022-12-13,2022-12-20,Second Class,Aiden Williams,Home Office,Paper Item 296,Office Supplies,Paper,78.22,2,0.2,9.46,Savannah,Georgia,South
1940,US-2022-101774,2022-12-14,2022-12-15,Same Day,James Nguyen,Consumer,Printers Item 331,Technology,Printers,984.16,8,0.1,134.74,Detroit,Michigan,Central
1941,US-2024-103218,2024-07-19,2024-07-24,Standard Class,William Miller,Corporate,Bookcases Item 933,Furniture,Bookcases,3361.68,6,0.15,327.52,Albany,New York,East
1942,US-2023-100332,2023-12-05,2023-06-08,Same Day,Carlos Anderson,Corporate,Paper Item 100,Office Supplies,Paper,175.14,7,0.2,-3.95,Charlotte,North Carolina,South
1943,US-2023-103216,2023-11-08,2023-11-10,Second Class,John Rodriguez,Consumer,Printers Item 238,Technology,Printers,1820.6,4,0.1,415.56,Atlanta,Georgia,South
1944,US-2022-100011,2022-03-22,2022-03-25,Same Day,Mary Singh,Home Office,Paper Item 473,Office Supplies,Paper,50.5,2,0.4,-13.24,Chicago,Illinois,Central
1945,US-2024-100409,2024-06-02,2024-06-04,Standard Class,Diego Walker,Home Office,Paper Item 365,Office Supplies,Paper,195.76,8,0.0,44.99,Las Vegas,Nevada,West
1946,US-2022-101750,2022-03-29,2022-04-02,Standard Class,Mei Brown,Consumer,Laptops Item 625,Technology,Laptops,5277.86,7,0.15,699.24,San Francisco,California,West
1947,US-2022-101569,04/17/2022,2022-04-22,Standard Class,Amara Garcia,Corporate,Art Item 713,Office Supplies,Art,121.44,2,0.0,36.14,Ann Arbor,Michigan,Central
1948,US-2022-101841,2022-02-05,2022-02-09,Second Class,Richard Walker,Consumer,Tables Item 141,Furniture,Tables,4203.72,6,0.1,273.65,Seattle,Washington,West
1949,US-2024-100752,2024-09-26,2024-09-30,Same Day,Linda Williams,Home Office,Accessories Item 865,Technology,Accessories,40.77,3,0.2,-0.07,Worcester,Massachusetts,East
1950,US-2023-102288,2023-03-04,2023-03-09,Same Day,Aiden Davis,Home Office,Phones Item 569,Technology,Phones,720.0,1,0.15,34.21,San Francisco,California,West
1951,US-2023-103234,2023-10-13,2023-10-19,Standard Class,Aiden Walker,Corporate,Bookcases Item 587,Furniture,Bookcases,2068.2,5,0.4,-570.6,San Diego,California,West
1952,US-2022-101962,2022-12-28,2022-06-01,Second Class,Carlos Rodriguez,Corporate,Paper Item 452,Office Supplies,Paper,95.31,3,0.3,-12.09,Spokane,Washington,West
1953,US-2022-102342,2022-01-30,2022-02-04,Standard Class,Mei Taylor,Corporate,Paper Item 355,Office Supplies,Paper,151.2,4,0.0,31.7,Worcester,Massachusetts,East
1954,US-2023-100986,2023-06-23,2023-06-30,Second Class,Michael Torres,Home Office,Phones Item 889,Technology,Phones,1008.84,6,0.1,208.16,Columbus,Ohio,Central
1955,US-2022-101024,2022-09-03,2022-09-10,Second Class,Robert Davis,Home Office,Phones Item 658,Technology,Phones,1405.25,7,0.2,100.57,Buffalo,New York,East
1956,US-2022-101874,2022-03-07,2022-03-09,Second Class,Mei Thomas,Home Office,Art Item 815,Office Supplies,Art,219.04,4,0.0,50.87,Los Angeles,California,West
1957,US-2022-102733,2022-01-13,2022-01-19,First Class,Diego Walker,Corporate,Binders Item 774,Office Supplies,Binders,145.68,8,0.1,20.57,Portland,Oregon,West
1958,US-2022-102174,2022-12-16,2022-12-17,First Class,Patricia Lee,Home Office,Tables Item 970,Furniture,Tables,4438.98,6,0.2,181.72,Worcester,Massachusetts,East
1959,US-2023-102931,2023-08-24,2023-08-25,First Class,Patricia Anderson,Corporate,Laptops Item 515,Technology,Laptops,6098.55,5,0.0,1546.61,Austin,Texas,Central
1960,US-2024-101162,2024-01-09,2024-01-15,First Class,Richard Wilson,Corporate,Art Item 102,Office Supplies,Art,50.59,1,0.2,-0.41,Charlotte,North Carolina,South
1961,US-2023-103366,2023-01-24,2023-01-28,First Class,John Rodriguez,Corporate,Printers Item 458,Technology,Printers,2233.07,7,0.15,66.37,Austin,Texas,Central
1962,US-2024-101287,2024-12-08,2024-12-12,Standard Class,Jessica Miller,Corporate,Printers Item 106,Technology,Printers,494.36,2,0.15,39.69,San Francisco,California,West
1963,US-2024-101228,2024-07-20,2024-07-25,Same Day,William Williams,Home Office,Binders Item 149,Office Supplies,Binders,72.18,2,0.2,-3.04,Atlanta,Georgia,South
1964,US-2022-102283,2022-06-22,2022-06-26,First Class,Jessica Chen,Corporate,Accessories Item 146,Technology,Accessories,338.8,8,0.3,-0.18,Memphis,Tennessee,South
1965,US-2023-100664,2023-09-20,2023-09-25,Same Day,Sarah Smith,Home Office,Binders Item 457,Office Supplies,Binders,40.14,3,0.1,7.95,Savannah,Georgia,South
1966,US-2023-102623,2023-12-02,2023-12-04,Same Day,Richard Rodriguez,Consumer,Storage Item 861,Office Supplies,Storage,1033.83,7,0.0,275.43,Buffalo,New York,East
1967,US-2024-102617,2024-12-02,2024-12-05,Standard Class,John Rodriguez,Consumer,Bookcases Item 610,Furniture,Bookcases,3088.08,6,0.15,207.35,Seattle,Washington,West
1968,US-2024-100670,2024-12-17,2024-12-23,Standard Class,Sarah Chen,Consumer,Bookcases Item 790,Furniture,Bookcases,499.04,4,0.5,-196.56,Albany,New York,East
1969,US-2022-102692,2022-09-04,2022-09-06,First Class,Carlos Torres,Consumer,Paper Item 976,Office Supplies,Paper,35.73,3,0.0,5.42,Detroit,Michigan,Central
1970,US-2024-103142,2024-01-01,2024-01-03,Same Day,Priya Chen,Home Office,Tables Item 609,Furniture,Tables,2839.0,4,0.2,206.46,Seattle,Washington,West
1971,US-2023-101687,2023-01-05,2023-01-11,Same Day,Linda Torres,Home Office,Paper Item 114,Office Supplies,Paper,$36.18,3,0.0,10.22,Miami,Florida,South
1972,US-2024-103235,2024-12-05,2024-04-06,Same Day,Robert Chen,Corporate,Phones Item 206,Technology,Phones,1701.04,2,0.4,-232.58,Spokane,Washington,West
1973,US-2023-102387,2023-04-19,2023-04-24,Standard Class,Joseph Martinez,Home Office,Chairs Item 486,Furniture,Chairs,653.16,4,0.15,97.17,Atlanta,Georgia,South
1974,US-2023-100510,2023-03-11,2023-03-16,Standard Class,Richard Rodriguez,Home Office,Labels Item 284,Office Supplies,Labels,115.3,5,0.15,-0.95,Boston,Massachusetts,
1975,US-2023-102357,2023-11-07,2023-11-14,Second Class,William Lee,Corporate,Binders Item 618,Office Supplies,Binders,35.26,2,0.0,10.59,Boston,Massachusetts,East
1976,US-2024-103387,2024-05-14,2024-05-18,Same Day,Mei Davis,Home Office,Storage Item 282,Office Supplies,Storage,398.04,3,,72.82,Worcester,Massachusetts,East
1977,US-2022-101604,2022-01-15,2022-01-18,First Class,Carlos Taylor,Consumer,Storage Item 157,Office Supplies,Storage,1390.96,8,0.1,263.83,Philadelphia,Pennsylvania,East
1978,US-2024-100169,2024-02-03,2024-02-04,Standard Class,Robert Thomas,Consumer,Accessories Item 923,Technology,Accessories,648.8,5,0.3,-25.48,Savannah,Georgia,South
1979,US-2024-103211,2024-09-10,2024-09-17,Same Day,Jennifer Torres,Corporate,Chairs Item 239,Furniture,Chairs,989.76,2,0.0,240.57,New York City,New York,East
1980,US-2024-100812,2024-06-13,2024-06-14,Second Class,Michael Singh,Consumer,Storage Item 702,Office Supplies,Storage,$714.12,6,0.0,243.89,Tampa,Florida,South
1981,US-2023-102055,2023-09-27,2023-10-03,First Class,Robert Miller,Consumer,Chairs Item 708,Furniture,Chairs,1807.08,4,0.2,82.0,Savannah,Georgia,South
1982,US-2022-103125,2022-05-23,2022-05-24,First Class,Amara Thomas,Home Office,Furnishings Item 194,Furniture,Furnishings,1113.78,6,0.0,186.25,Jersey City,New Jersey,East
1983,US-2023-101589,2023-12-04,2023-12-10,Same Day,Patricia Brown,Corporate,Printers Item 875,Technology,Printers,1701.56,4,0.1,368.11,Spokane,Washington,West
1984,US-2022-100958,2022-02-03,2022-02-04,Same Day,Joseph Thomas,Corporate,Bookcases Item 978,Furniture,Bookcases,716.28,2,0.4,-104.28,Albany,New York,East
1985,US-2024-100918,2024-04-17,2024-04-18,First Class,Linda Smith,Consumer,Labels Item 682,Office Supplies,Labels,41.34,2,0.15,4.81,Seattle,Washington,West
1986,US-2022-100371,2022-10-06,2022-10-10,Second Class,Michael Miller,Home Office,Art Item 443,Office Supplies,Art,317.6,8,0.2,-3.09,Pittsburgh,Pennsylvania,East
1987,US-2023-100564,2023-12-28,2023-02-04,Standard Class,Wei Torres,Home Office,Chairs Item 120,Furniture,Chairs,196.54,2,0.1,23.92,Ann Arbor,Michigan,Central
1988,US-2023-100585,2023-11-03,2023-11-05,Standard Class,Mei Thomas,Consumer,Labels Item 971,Office Supplies,Labels,10.75,5,0.2,-0.14,Albany,New York,East
1989,US-2023-101721,2023-10-29,2023-10-31,Same Day,Fatima Williams,Consumer,Accessories Item 377,Technology,Accessories,57.87,1,0.0,14.79,Jersey City,New Jersey,East
1990,US-2023-102509,2023-05-30,2023-05-31,Second Class,Diego Davis,Consumer,Accessories Item 373,Technology,Accessories,47.43,3,0.15,2.34,Newark,New Jersey,East
1991,US-2023-101387,2023-04-27,2023-05-02,First Class,Joseph Johnson,Home Office,Chairs Item 349,Furniture,Chairs,2075.3,5,0.0,502.08,Portland,Oregon,West
1992,US-2022-101517,2022-10-29,2022-10-31,Same Day,Linda Smith,Home Office,Storage Item 292,Office Supplies,Storage,769.6,5,0.4,-207.58,Ann Arbor,Michigan,Central
1993,US-2022-100679,2022-12-17,2022-01-21,Same Day,James Martinez,Corporate,Storage Item 597,Office Supplies,Storage,1271.41,7,0.5,-401.33,Seattle,Washington,West
1994,US-2023-100894,2023-12-17,2023-05-19,First Class,Mei Ali,Corporate,Laptops Item 263,Technology,Laptops,10822.07,7,0.0,2952.12,Columbus,Ohio,Central
1995,US-2023-100916,2023-08-10,2023-08-17,Same Day,Richard Rodriguez,Consumer,Printers Item 509,Technology,Printers,4716.64,8,0.2,237.61,Eugene,Oregon,West
1996,US-2022-100260,2022-05-29,2022-06-01,Standard Class,James Martinez,Home Office,Binders Item 408,Office Supplies,Binders,59.27,1,0.2,-2.37,San Diego,California,West
1997,US-2022-103274,2022-01-30,2022-02-02,First Class,Aiden Jones,Consumer,Phones Item 146,Technology,Phones,1708.05,3,0.3,-135.69,Newark,New Jersey,East
1998,US-2022-100496,2022-11-17,2022-04-23,Second Class,Robert Martinez,Home Office,Bookcases Item 239,Furniture,Bookcases,4605.12,8,0.15,570.76,Boston,Massachusetts,East
1999,US-2024-100985,2024-11-24,2024-05-01,Standard Class,Amara Miller,Corporate,Storage Item 467,Office Supplies,Storage,153.76,2,0.0,23.87,Philadelphia,Pennsylvania,East
2000,US-2024-102328,2024-04-25,2024-05-02,First Class,Linda Garcia,Home Office,Art Item 529,Office Supplies,Art,135.0,4,0.15,2.52,Dallas,Texas,Central
2001,US-2022-102703,2022-06-06,2022-06-07,First Class,,Corporate,Paper Item 132,Office Supplies,Paper,91.38,6,0.0,30.07,Springfield,Illinois,Central
2002,US-2023-100903,2023-08-30,2023-09-06,Standard Class,Aiden Walker,Corporate,Bookcases Item 283,Furniture,Bookcases,1484.1,5,0.1,289.3,Reno,Nevada,West
2003,US-2022-101190,2022-05-03,2022-05-09,Same Day,Joseph Torres,Corporate,Printers Item 308,Technology,Printers,936.42,3,0.0,289.99,Orlando,Florida,South
2004,US-2023-101011,2023-12-22,2023-12-27,Standard Class,Diego Rodriguez,Home Office,Chairs Item 620,Furniture,Chairs,$2419.45,5,0.1,367.84,Boston,Massachusetts,East
2005,US-2023-102258,2023-04-02,2023-04-04,First Class,Sarah Lee,Home Office,Binders Item 379,Office Supplies,Binders,171.9,5,0.0,39.79,Detroit,Michigan,Central
2006,US-2022-103401,2022-12-02,2022-12-09,Second Class,John Thomas,Consumer,Phones Item 925,Technology,Phones,1156.92,6,0.3,-182.67,Charlotte,North Carolina,South
2007,US-2023-101999,2023-11-05,2023-11-06,Standard Class,Aiden Williams,Consumer,Labels Item 506,Office Supplies,Labels,19.38,2,0.0,4.44,Eugene,Oregon,West
2008,US-2023-102386,2023-03-04,2023-03-07,First Class,Diego Williams,Corporate,Paper Item 546,Office Supplies,Paper,2.27,1,0.0,0.52,San Francisco,California,West
2009,US-2023-103102,2023-12-06,2023-02-08,First Class,Joseph Torres,Consumer,Furnishings Item 569,Furniture,Furnishings,1389.66,6,0.1,236.31,Seattle,Washington,West
2010,US-2022-101612,2022-03-12,2022-03-18,Same Day,Priya Williams,Consumer,Binders Item 195,Office Supplies,Binders,31.04,4,0.2,-2.05,Las Vegas,Nevada,West
2011,US-2024-101503,2024-03-23,2024-03-27,Second Class,James Ali,Consumer,Tables Item 328,Furniture,Tables,2787.0,5,0.15,422.41,Eugene,Oregon,West
2012,US-2023-100122,2023-12-10,2023-12-11,Standard Class,Robert Davis,Consumer,Paper Item 958,Office Supplies,Paper,73.52,2,0.1,8.38,Raleigh,North Carolina,South
2013,US-2024-103254,2024-10-17,2024-10-19,First Class,David Davis,Home Office,Paper Item 825,Office Supplies,Paper,187.92,6,0.1,41.91,Philadelphia,Pennsylvania,East
2014,US-2024-101988,2024-05-26,2024-05-31,Same Day,Elizabeth Khan,Consumer,Accessories Item 934,Technology,Accessories,240.05,5,0.4,-26.2,Charlotte,North Carolina,South
2015,US-2022-101738,2022-02-03,2022-02-10,Same Day,Linda Martinez,Home Office,Art Item 619,Office Supplies,Art,339.3,5,0.2,30.73,Jersey City,New Jersey,East
2016,US-2024-103288,2024-09-18,2024-09-25,Same Day,William Williams,Consumer,Printers Item 740,Technology,Printers,602.5,5,0.1,109.27,Reno,Nevada,West
2017,US-2024-103040,2024-03-24,2024-03-31,Second Class,Jennifer Ali,Home Office,Paper Item 335,Office Supplies,Paper,183.76,8,0.0,40.67,Boston,Massachusetts,East
2018,US-2022-101047,2022-05-06,2022-05-10,Second Class,Elizabeth Johnson,Consumer,Art Item 181,Office Supplies,Art,60.84,3,0.1,8.8,Newark,New Jersey,East
2019,US-2022-102020,2022-07-10,2022-07-15,Same Day,David Kim,Home Office,Storage Item 216,Office Supplies,Storage,958.93,7,0.1,149.17,New York City,New York,East
2020,US-2024-102239,2024-09-25,2024-09-28,First Class,Mei Chen,Consumer,Phones Item 121,Technology,Phones,463.79,1,0.0,102.76,Las Vegas,Nevada,West
2021,US-2024-101857,2024-10-02,2024-10-05,Same Day,Robert Singh,Home Office,Paper Item 523,Office Supplies,Paper,173.04,6,0.0,47.51,Raleigh,North Carolina,South
2022,US-2022-103317,2022-04-06,2022-04-13,First Class,James Anderson,Consumer,Binders Item 261,Office Supplies,Binders,286.65,7,0.0,73.08,Buffalo,New York,East
2023,US-2023-102871,2023-05-09,2023-05-12,First Class,Jennifer Walker,Corporate,Storage Item 507,Office Supplies,Storage,1438.64,8,0.0,379.66,Newark,New Jersey,East
2024,US-2022-102571,2022-09-22,2022-09-23,Same Day,Richard Davis,Consumer,Labels Item 173,Office Supplies,Labels,121.92,8,0.0,21.36,Raleigh,North Carolina,South
2025,US-2023-101012,2023-03-30,2023-04-05,First Class,Jessica Khan,Home Office,Binders Item 308,Office Supplies,Binders,451.2,8,0.4,-126.13,Boston,Massachusetts,East
2026,US-2022-101898,2022-05-16,2022-05-19,Same Day,Diego Rodriguez,Consumer,Art Item 478,Office Supplies,Art,44.58,6,0.2,2.75,Portland,Oregon,West
2027,US-2023-100218,2023-11-10,2023-11-13,First Class,Robert Rodriguez,Corporate,Bookcases Item 574,Furniture,Bookcases,925.05,7,0.2,64.93,Houston,Texas,Central
2028,US-2022-100349,2022-11-09,2022-11-13,First Class,Sarah Lee,Corporate,Labels Item 655,Office Supplies,Labels,34.56,4,0.1,5.4,Atlanta,Georgia,South
2029,US-2023-103068,2023-10-23,2023-10-25,Second Class,Amara Ali,Home Office,Art Item 831,Office Supplies,Art,12.7,2,0.4,-3.42,Detroit,Michigan,Central
2030,US-2023-103310,2023-02-07,2023-02-09,First Class,Sarah Walker,Consumer,Chairs Item 244,Furniture,Chairs,280.75,1,0.1,51.97,Philadelphia,Pennsylvania,East
2031,US-2023-100362,06/03/2023,2023-06-04,Same Day,Amara Brown,Corporate,Laptops Item 656,Technology,Laptops,2078.76,4,0.0,619.94,Charlotte,North Carolina,South
2032,US-2024-103012,2024-12-25,2024-12-26,Second Class,James Thomas,Home Office,Binders Item 314,Office Supplies,Binders,362.6,7,0.2,-18.19,Nashville,Tennessee,South
2033,US-2024-102748,2024-01-21,2024-01-24,Same Day,Wei Smith,Corporate,Laptops Item 236,Technology,Laptops,2507.96,2,0.0,543.61,San Diego,California,West
2034,US-2023-102974,2023-11-17,2023-11-19,Standard Class,John Singh,Consumer,Furnishings Item 771,Furniture,Furnishings,293.58,3,0.15,-3.99,Reno,Nevada,West
2035,US-2022-102513,2022-11-19,2022-11-23,First Class,Elizabeth Kim,Corporate,Tables Item 311,Furniture,Tables,6753.04,8,0.15,611.27,Buffalo,New York,East
2036,US-2024-102653,2024-08-29,2024-09-02,First Class,Michael Anderson,Home Office,Furnishings Item 680,Furniture,Furnishings,717.3,6,0.1,105.52,Jersey City,New Jersey,East
2037,US-2023-100992,2023-08-31,2023-09-02,Standard Class,Robert Nguyen,Corporate,Art Item 524,Office Supplies,Art,157.44,4,0.0,38.82,Philadelphia,Pennsylvania,East
2038,US-2023-101119,2023-12-26,2024-01-02,Second Class,Jennifer Thomas,Consumer,Laptops Item 666,Technology,Laptops,10030.7,5,0.4,-2537.1,Cleveland,Ohio,Central
2039,US-2023-103309,2023-12-16,2023-12-20,Same Day,Mary Thomas,Consumer,Chairs Item 591,Furniture,Chairs,1034.95,7,0.15,61.33,Boston,Massachusetts,East
2040,US-2024-100180,2024-08-02,2024-08-03,Second Class,Patricia Lee,Corporate,Accessories Item 941,Technology,Accessories,283.26,2,0.0,75.09,Newark,New Jersey,East
2041,US-2022-101949,2022-09-26,2022-09-27,First Class,Priya Brown,Corporate,Accessories Item 575,Technology,Accessories,91.5,3,0.15,13.87,Las Vegas,Nevada,West
2042,US-2023-100493,2023-09-26,2023-10-02,First Class,Mary Davis,Home Office,Paper Item 987,Office Supplies,Paper,148.35,5,0.15,12.48,San Diego,California,West
2043,US-2023-101480,2023-10-05,2023-10-11,First Class,Carlos Martinez,Consumer,Printers Item 470,Technology,Printers,1335.12,6,0.1,268.91,Eugene,Oregon,West
2044,US-2024-102100,2024-01-12,2024-01-19,First Class,Richard Brown,Corporate,Storage Item 355,Office Supplies,Storage,96.96,1,0.1,15.85,Reno,Nevada,West
2045,US-2022-102411,2022-08-27,2022-08-28,Standard Class,David Jones,Corporate,Labels Item 919,Office Supplies,Labels,17.08,2,0.0,3.55,Boston,Massachusetts,
2046,US-2022-102625,2022-01-07,2022-01-09,Standard Class,Linda Torres,Home Office,Art Item 758,Office Supplies,Art,235.62,6,0.0,57.73,Pittsburgh,Pennsylvania,East
2047,US-2022-100930,2022-11-25,2022-02-01,Second Class,Wei Martinez,Corporate,Storage Item 780,Office Supplies,Storage,1366.16,8,0.1,253.69,Boston,Massachusetts,East
2048,US-2024-100035,2024-04-08,2024-04-14,Same Day,James Martinez,Consumer,Chairs Item 514,Furniture,Chairs,556.8,6,0.15,101.55,Las Vegas,Nevada,West
2049,US-2024-102405,2024-02-25,2024-03-02,First Class,Wei Johnson,Consumer,Storage Item 388,Office Supplies,Storage,182.07,3,0.0,58.61,Raleigh,North Carolina,South
2050,US-2024-102114,2024-09-29,2024-10-03,First Class,Joseph Torres,Corporate,Labels Item 877,Office Supplies,Labels,62.34,6,0.0,17.34,Buffalo,New York,
2051,US-2023-101589,2023-12-04,2023-12-10,Same Day,Patricia Brown,Corporate,Printers Item 875,Technology,Printers,1701.56,4,0.1,368.11,Spokane,Washington,West
2052,US-2023-101139,2023-12-19,2023-12-23,Same Day,David Khan,Consumer,Binders Item 712,Office Supplies,Binders,226.9,5,0.1,32.05,Seattle,Washington,West
2053,US-2022-100159,2022-06-22,2022-06-24,First Class,Joseph Chen,Home Office,Storage Item 996,Office Supplies,Storage,271.98,3,0.0,50.22,Reno,Nevada,West
2054,US-2022-100922,2022-11-03,2022-05-06,Same Day,Jennifer Anderson,Corporate,Labels Item 509,Office Supplies,Labels,12.11,1,0.1,1.97,Charlotte,North Carolina,South
2055,US-2023-101743,2023-11-22,2023-03-01,Second Class,Carlos Patel,Consumer,Laptops Item 568,Technology,Laptops,10148.18,7,0.2,492.88,Spokane,Washington,West
2056,US-2023-101938,2023-11-11,2023-11-16,First Class,Jessica Thomas,Corporate,Art Item 903,Office Supplies,Art,8.14,1,0.0,1.9,Charlotte,North Carolina,South
2057,US-2024-102819,2024-12-19,2024-10-22,Standard Class,Jessica Williams,Consumer,Tables Item 600,Furniture,Tables,2851.2,5,0.2,279.62,Cleveland,Ohio,Central
2058,US-2024-101142,2024-09-25,2024-09-29,Standard Class,Jessica Torres,Home Office,Labels Item 866,Office Supplies,Labels,25.74,2,0.3,-4.4,Columbus,Ohio,Central
2059,US-2024-102985,2024-03-30,2024-04-05,Same Day,Jessica Brown,Consumer,Binders Item 245,Office Supplies,Binders,338.28,6,0.15,50.78,San Diego,California,West
2060,US-2023-101189,2023-01-21,2023-01-28,Second Class,Fatima Khan,Corporate,Paper Item 380,Office Supplies,Paper,54.56,4,0.1,10.79,Detroit,Michigan,Central
2061,US-2023-103330,2023-11-03,2023-11-08,Same Day,Aiden Walker,Consumer,Binders Item 593,Office Supplies,Binders,21.38,2,0.15,0.95,San Francisco,California,West
2062,US-2024-102261,2024-07-17,2024-07-21,Standard Class,Richard Walker,Corporate,Binders Item 249,Office Supplies,Binders,364.77,7,0.0,96.82,Philadelphia,Pennsylvania,East
2063,US-2022-100400,2022-11-25,2022-10-30,Second Class,Carlos Khan,Corporate,Binders Item 888,Office Supplies,Binders,256.26,6,0.5,-55.22,Newark,New Jersey,East
2064,US-2022-100725,2022-03-29,2022-04-03,Standard Class,Patricia Taylor,Home Office,Labels Item 940,Office Supplies,Labels,189.84,8,0.0,54.42,Columbus,Ohio,Central
2065,US-2022-102872,2022-04-09,2022-04-13,Same Day,Carlos Walker,Home Office,Accessories Item 933,Technology,Accessories,885.71,7,0.0,308.51,San Francisco,California,West
2066,US-2024-100621,2024-07-07,2024-07-13,Second Class,Amara Singh,Corporate,Laptops Item 181,Technology,Laptops,9817.6,5,0.0,2997.5,Pittsburgh,Pennsylvania,East
2067,US-2024-103185,10/16/2024,2024-10-23,Standard Class,Jennifer Davis,Consumer,Binders Item 507,Office Supplies,Binders,253.68,8,0.0,80.17,Las Vegas,Nevada,West
2068,US-2024-101416,2024-12-28,2024-02-01,First Class,Diego Thomas,Home Office,Paper Item 185,Office Supplies,Paper,20.27,1,0.1,3.5,Tampa,Florida,South
2069,US-2022-102225,2022-01-24,2022-01-31,Same Day,Wei Johnson,Home Office,Furnishings Item 704,Furniture,Furnishings,581.16,6,0.2,44.27,Albany,New York,East
2070,US-2022-100304,2022-05-27,2022-05-28,Second Class,Michael Williams,Consumer,Labels Item 421,Office Supplies,Labels,47.25,7,0.3,-5.06,Worcester,Massachusetts,East
2071,US-2022-103347,2022-09-22,2022-09-23,Second Class,Joseph Torres,Consumer,Laptops Item 860,Technology,Laptops,9712.02,6,0.2,880.32,Miami,Florida,South
2072,US-2024-100344,2024-12-14,2024-12-15,First Class,Jennifer Johnson,Consumer,Binders Item 390,Office Supplies,Binders,249.06,7,0.15,10.21,Detroit,Michigan,Central
2073,US-2022-102056,2022-04-08,2022-04-11,Standard Class,Patricia Brown,Corporate,Binders Item 517,Office Supplies,Binders,140.56,4,0.15,11.96,Ann Arbor,Michigan,Central
2074,US-2024-100907,2024-06-06,2024-06-07,Second Class,Wei Smith,Corporate,Accessories Item 410,Technology,Accessories,94.22,2,0.3,-16.56,Ann Arbor,Michigan,Central
2075,US-2022-100733,2022-08-21,2022-08-28,Same Day,William Thomas,Home Office,Paper Item 839,Office Supplies,Paper,319.84,8,0.3,-54.49,Houston,Texas,Central
2076,US-2022-102079,2022-12-08,2022-12-14,Standard Class,Joseph Brown,Consumer,Paper Item 758,Office Supplies,Paper,22.53,1,0.1,4.74,San Diego,California,West
2077,US-2023-102260,2023-04-29,2023-05-03,First Class,Linda Patel,Consumer,Laptops Item 836,Technology,Laptops,3766.65,5,0.1,167.66,New York City,New York,East
2078,US-2023-100466,2023-01-15,2023-01-19,Standard Class,Carlos Patel,Corporate,Art Item 488,Office Supplies,Art,92.7,6,0.15,14.09,Los Angeles,California,West
2079,US-2023-102476,2023-06-13,2023-06-15,Same Day,Mei Williams,Consumer,Bookcases Item 488,Furniture,Bookcases,2274.51,7,0.5,-886.48,Eugene,Oregon,West
2080,US-2022-100748,2022-01-21,2022-01-23,Standard Class,Wei Davis,Corporate,Art Item 455,Office Supplies,Art,150.78,3,0.0,42.77,Jersey City,New Jersey,East
2081,US-2023-102651,2023-09-05,2023-09-10,Standard Class,Richard Jones,Corporate,Paper Item 290,Office Supplies,Paper,31.77,1,0.1,1.34,Savannah,Georgia,South
2082,US-2023-100667,2023-07-19,2023-07-23,Second Class,John Smith,Home Office,Bookcases Item 978,Furniture,Bookcases,1773.12,8,0.1,424.25,Nashville,Tennessee,South
2083,US-2022-101380,2022-09-10,2022-09-12,Same Day,Jennifer Chen,Home Office,Storage Item 776,Office Supplies,Storage,583.72,4,0.15,-1.49,San Diego,California,West
2084,US-2023-103053,2023-08-18,2023-08-24,Standard Class,Priya Smith,Consumer,Labels Item 360,Office Supplies,Labels,39.28,8,0.3,-5.67,Chicago,Illinois,Central
2085,US-2024-102457,2024-04-24,2024-04-27,First Class,Joseph Martinez,Consumer,Phones Item 219,Technology,Phones,1101.84,2,0.15,26.55,Columbus,Ohio,Central
2086,US-2023-102568,2023-08-29,2023-09-04,Second Class,Amara Nguyen,Home Office,Art Item 429,Office Supplies,Art,231.84,3,0.0,52.26,Chicago,Illinois,Central
2087,US-2023-100634,2023-06-29,2023-07-03,Same Day,David Wilson,Home Office,Phones Item 539,Technology,Phones,3110.59,7,0.15,251.92,Los Angeles,California,West
2088,US-2024-102550,2024-04-13,2024-04-20,Standard Class,Carlos Thomas,Home Office,Labels Item 177,Office Supplies,Labels,11.7,1,0.0,1.85,Reno,Nevada,West
2089,US-2022-102518,2022-01-02,2022-01-04,First Class,Linda Rodriguez,Corporate,Accessories Item 250,Technology,Accessories,66.56,2,0.3,-6.93,Eugene,Oregon,West
2090,US-2023-103113,2023-05-21,2023-05-24,First Class,Elizabeth Singh,Corporate,Phones Item 157,Technology,Phones,1146.75,5,0.1,189.95,Memphis,Tennessee,South
2091,US-2023-100029,2023-12-25,2023-09-28,First Class,Wei Williams,Consumer,Storage Item 990,Office Supplies,Storage,31.37,1,0.0,5.94,Newark,New Jersey,East
2092,US-2022-100167,2022-07-30,2022-08-04,Standard Class,John Thomas,Home Office,Paper Item 621,Office Supplies,Paper,15.3,6,0.0,2.65,Dallas,Texas,Central
2093,US-2024-101425,2024-03-15,2024-03-19,Same Day,Robert Walker,Consumer,Storage Item 442,Office Supplies,Storage,477.4,4,0.0,105.85,Worcester,Massachusetts,East
2094,US-2022-102655,2022-10-23,2022-10-25,First Class,Linda Patel,Consumer,Storage Item 741,Office Supplies,Storage,1254.19,7,0.1,274.4,Chicago,Illinois,Central
2095,US-2023-102007,2023-02-16,2023-02-23,Standard Class,Aiden Patel,Consumer,Paper Item 158,Office Supplies,Paper,199.43,7,0.15,4.72,Pittsburgh,Pennsylvania,East
2096,US-2024-101618,2024-08-11,2024-08-16,First Class,Wei Lee,Consumer,Laptops Item 793,Technology,Laptops,8830.88,8,0.1,766.88,Raleigh,North Carolina,South
2097,US-2024-100434,2024-01-29,2024-02-04,Same Day,James Ali,Home Office,Art Item 172,Office Supplies,Art,49.92,3,0.2,-1.68,Reno,Nevada,West
2098,US-2023-102431,2023-11-24,2023-11-26,Same Day,John Thomas,Home Office,Art Item 573,Office Supplies,Art,363.37,7,0.0,113.25,Springfield,Illinois,Central
2099,US-2022-101476,2022-11-12,2022-11-18,Second Class,Mary Khan,Home Office,Laptops Item 462,Technology,Laptops,11337.06,6,0.15,1410.81,San Diego,California,West
2100,US-2024-100071,2024-05-03,2024-05-08,Standard Class,Amara Brown,Home Office,Accessories Item 658,Technology,Accessories,578.96,4,0.2,-11.37,Houston,Texas,Central
2101,US-2024-102396,2024-05-18,2024-05-19,First Class,Sarah Singh,Home Office,Printers Item 834,Technology,Printers,271.08,2,0.15,47.62,San Francisco,California,West
2102,US-2022-102505,2022-11-01,2022-11-04,Same Day,Michael Williams,Home Office,Furnishings Item 590,Furniture,Furnishings,370.92,6,0.0,87.56,Las Vegas,Nevada,West
2103,US-2022-100781,2022-01-18,2022-01-22,Second Class,Elizabeth Davis,Home Office,Labels Item 253,Office Supplies,Labels,60.78,6,0.0,12.0,Dallas,Texas,Central
2104,US-2023-100732,2023-02-11,2023-02-12,Second Class,Wei Khan,Home Office,Furnishings Item 943,Furniture,Furnishings,44.52,1,0.15,5.19,Savannah,Georgia,South
2105,US-2024-102201,2024-07-10,2024-07-12,Standard Class,William Chen,Consumer,Accessories Item 159,Technology,Accessories,54.52,2,0.0,13.83,San Diego,California,West
2106,US-2023-100512,2023-07-06,2023-07-11,Standard Class,Sarah Lee,Consumer,Art Item 771,Office Supplies,Art,594.64,8,0.15,106.57,San Francisco,California,West
2107,US-2022-102538,2022-01-24,2022-01-25,Standard Class,Sarah Williams,Consumer,Art Item 976,Office Supplies,Art,311.72,4,0.2,10.47,Spokane,Washington,West
2108,US-2022-100120,2022-06-02,2022-06-08,First Class,Robert Walker,Home Office,Labels Item 773,Office Supplies,Labels,134.8,8,0.0,24.99,Seattle,Washington,West
2109,US-2022-102882,2022-11-28,2022-05-06,Same Day,Fatima Smith,Consumer,Phones Item 594,Technology,Phones,1711.12,2,0.1,128.26,Cleveland,Ohio,Central
2110,US-2022-100873,12/17/2022,2022-04-19,Same Day,Linda Lee,Home Office,Chairs Item 583,Furniture,Chairs,1458.66,6,0.0,359.22,Philadelphia,Pennsylvania,East
2111,US-2024-100335,2024-09-15,2024-09-17,Same Day,Diego Martinez,Consumer,Tables Item 709,Furniture,Tables,498.5,2,0.2,-6.47,Austin,Texas,Central
2112,US-2024-100601,2024-11-28,2024-04-02,Second Class,Richard Rodriguez,Corporate,Phones Item 682,Technology,Phones,2156.1,3,0.1,96.85,Springfield,Illinois,Central
2113,US-2024-102914,2024-12-17,2024-12-21,First Class,Jennifer Martinez,Consumer,Tables Item 468,Furniture,Tables,3659.04,6,0.0,600.59,Savannah,Georgia,South
2114,US-2024-102512,2024-03-01,2024-03-04,First Class,Linda Walker,Corporate,Labels Item 409,Office Supplies,Labels,167.44,7,0.1,30.78,Dallas,Texas,Central
2115,US-2023-102606,2023-12-17,2023-12-20,Standard Class,Richard Walker,Home Office,Chairs Item 107,Furniture,Chairs,1907.92,4,0.1,159.8,Springfield,Illinois,Central
2116,US-2023-101996,2023-06-29,2023-06-30,Standard Class,Carlos Nguyen,Consumer,Art Item 265,Office Supplies,Art,45.04,4,0.0,8.66,Austin,Texas,Central
2117,US-2022-100465,2022-12-28,2022-02-03,Second Class,Patricia Williams,Corporate,Chairs Item 275,Furniture,Chairs,677.46,2,0.2,-12.48,Chicago,Illinois,Central
2118,US-2024-103029,2024-02-14,2024-02-16,Second Class,Patricia Kim,Corporate,Bookcases Item 177,Furniture,Bookcases,2980.64,8,0.15,247.58,Portland,Oregon,West
2119,US-2023-101657,2023-12-28,2024-01-03,Standard Class,Elizabeth Johnson,Corporate,Printers Item 200,Technology,Printers,1345.68,3,0.2,-91.95,Tampa,Florida,South
2120,US-2024-100172,2024-11-21,2024-12-23,Same Day,Priya Taylor,Consumer,Printers Item 245,Technology,Printers,850.3,5,0.0,201.33,Dallas,Texas,Central
2121,US-2024-102530,2024-10-27,2024-10-28,Same Day,Joseph Martinez,Home Office,Art Item 431,Office Supplies,Art,281.16,6,0.15,15.3,Columbus,Ohio,Central
2122,US-2022-100824,2022-03-17,2022-03-20,Same Day,James Singh,Consumer,Chairs Item 518,Furniture,Chairs,929.52,8,0.0,293.0,Columbus,Ohio,Central
2123,US-2023-101377,2023-09-18,2023-09-19,Standard Class,Sarah Chen,Home Office,Laptops Item 170,Technology,Laptops,5206.98,6,0.3,-577.77,Boston,Massachusetts,East
2124,US-2022-102868,2022-11-10,2022-01-16,First Class,William Miller,Home Office,Labels Item 518,Office Supplies,Labels,70.28,4,0.1,12.41,Memphis,Tennessee,South
2125,US-2022-100441,2022-02-15,2022-02-22,Second Class,Jennifer Martinez,Home Office,Chairs Item 443,Furniture,Chairs,808.35,5,0.0,229.88,Jersey City,New Jersey,East
2126,US-2023-101911,2023-03-18,2023-03-22,Same Day,Richard Walker,Home Office,Laptops Item 919,Technology,Laptops,5157.35,5,0.5,-1688.97,Houston,Texas,Central
2127,US-2024-103390,2024-05-12,2024-05-14,Same Day,,Consumer,Bookcases Item 161,Furniture,Bookcases,4853.45,7,0.15,-19.66,Atlanta,Georgia,South
2128,US-2022-102759,2022-10-14,2022-10-20,Standard Class,Mei Brown,Consumer,Binders Item 887,Office Supplies,Binders,49.05,1,0.1,9.49,Philadelphia,Pennsylvania,East
2129,US-2024-100036,2024-01-12,2024-01-13,Same Day,Priya Khan,Consumer,Labels Item 546,Office Supplies,Labels,158.08,8,0.3,-22.17,Portland,Oregon,West
2130,US-2024-102376,2024-12-11,2024-07-13,First Class,Mary Wilson,Consumer,Storage Item 243,Office Supplies,Storage,156.26,2,0.0,37.32,Savannah,Georgia,South
2131,US-2024-100173,2024-02-02,2024-02-06,Standard Class,Linda Lee,Consumer,Labels Item 617,Office Supplies,Labels,78.19,7,0.2,4.16,Houston,Texas,Central
2132,US-2022-103144,2022-01-21,2022-01-22,First Class,Aiden Torres,Home Office,Laptops Item 659,Technology,Laptops,7847.6,4,0.0,1855.36,Cleveland,Ohio,Central
2133,US-2022-102680,2022-04-19,2022-04-20,First Class,James Williams,Corporate,Bookcases Item 889,Furniture,Bookcases,3045.3,5,0.0,760.31,Buffalo,New York,East
2134,US-2022-101326,2022-05-05,2022-05-09,Standard Class,Robert Davis,Home Office,Phones Item 143,Technology,Phones,613.32,2,0.5,-200.1,Detroit,Michigan,Central
2135,US-2023-101644,2023-10-13,2023-10-20,Standard Class,Sarah Miller,Corporate,Printers Item 784,Technology,Printers,845.01,3,0.0,262.55,Worcester,Massachusetts,East
2136,US-2024-102029,2024-10-09,2024-10-11,Same Day,Fatima Khan,Corporate,Art Item 630,Office Supplies,Art,199.14,3,0.3,-34.25,Springfield,Illinois,Central
2137,US-2022-100301,2022-12-01,2022-12-02,Second Class,Aiden Patel,Corporate,Phones Item 959,Technology,Phones,1936.9,7,0.0,398.46,Ann Arbor,Michigan,Central
2138,US-2024-102826,2024-01-15,2024-01-16,First Class,Robert Davis,Home Office,Accessories Item 650,Technology,Accessories,341.52,3,0.0,97.35,Springfield,Illinois,Central
2139,US-2023-101247,2023-03-19,2023-03-22,Second Class,Jennifer Martinez,Home Office,Binders Item 325,Office Supplies,Binders,371.36,8,0.0,84.41,Reno,Nevada,West
2140,US-2022-101088,2022-11-23,2022-11-30,Second Class,Patricia Brown,Home Office,Tables Item 505,Furniture,Tables,1690.44,6,0.1,350.61,Buffalo,New York,East
2141,US-2023-102182,2023-04-14,2023-04-21,First Class,William Thomas,Consumer,Accessories Item 779,Technology,Accessories,584.6,5,0.1,84.58,Los Angeles,California,West
2142,US-2022-101603,2022-12-08,2022-12-09,First Class,John Patel,Home Office,Furnishings Item 967,Furniture,Furnishings,527.1,3,0.0,167.4,Miami,Florida,South
2143,US-2022-101627,2022-08-16,2022-08-21,Standard Class,Linda Jones,Home Office,Art Item 633,Office Supplies,Art,403.36,8,0.0,69.96,Savannah,Georgia,South
2144,US-2024-100095,2024-10-26,2024-11-01,First Class,Wei Davis,Home Office,Accessories Item 402,Technology,Accessories,252.45,3,0.1,22.31,Albany,New York,East
2145,US-2022-103348,2022-12-11,2022-12-17,Standard Class,Mei Taylor,Home Office,Chairs Item 346,Furniture,Chairs,614.46,2,0.3,-19.55,Los Angeles,California,West
2146,US-2023-103297,2023-03-08,2023-03-09,Same Day,Wei Smith,Home Office,Bookcases Item 608,Furniture,Bookcases,954.27,3,0.0,306.21,Boston,Massachusetts,East
2147,US-2022-103355,2022-04-15,2022-04-21,First Class,William Brown,Consumer,Binders Item 159,Office Supplies,Binders,203.5,5,0.0,67.29,Jersey City,New Jersey,East
2148,US-2022-102032,2022-12-05,2022-12-11,Standard Class,Mei Wilson,Corporate,Labels Item 301,Office Supplies,Labels,98.0,5,0.1,8.88,Portland,Oregon,West
2149,US-2023-101581,2023-09-05,2023-09-10,Second Class,Wei Wilson,Consumer,Printers Item 573,Technology,Printers,621.68,2,0.3,-109.18,Seattle,Washington,West
2150,US-2022-102591,2022-05-30,2022-06-04,First Class,Amara Lee,Home Office,Accessories Item 124,Technology,Accessories,128.64,2,0.1,26.49,Detroit,Michigan,Central
2151,US-2023-103303,2023-12-01,2023-12-03,Standard Class,Priya Anderson,Consumer,Storage Item 581,Office Supplies,Storage,111.81,1,0.5,-42.11,Albany,New York,East
2152,US-2022-101004,2022-12-29,2023-01-02,Second Class,Elizabeth Johnson,Consumer,Binders Item 933,Office Supplies,Binders,85.92,3,0.15,12.06,Atlanta,Georgia,South
2153,US-2024-101213,2024-01-31,2024-02-01,Standard Class,Wei Smith,Corporate,Phones Item 420,Technology,Phones,2935.44,8,0.2,322.95,San Diego,California,West
2154,US-2023-101443,2023-04-18,2023-04-25,Same Day,Amara Miller,Corporate,Phones Item 464,Technology,Phones,1210.56,6,0.2,143.04,Raleigh,North Carolina,South
2155,US-2024-102137,2024-11-28,2024-12-05,Standard Class,Jessica Rodriguez,Corporate,Labels Item 453,Office Supplies,Labels,38.36,7,0.0,9.42,Portland,Oregon,West
2156,US-2023-100255,2023-12-20,2023-10-24,Standard Class,Linda Jones,Corporate,Laptops Item 653,Technology,Laptops,2109.64,1,0.15,274.56,Eugene,Oregon,West
2157,US-2023-102471,2023-11-15,2023-07-20,Same Day,David Walker,Home Office,Accessories Item 372,Technology,Accessories,289.3,5,0.1,36.67,Springfield,Illinois,Central
2158,US-2022-102298,2022-11-14,2022-08-19,Standard Class,Sarah Walker,Corporate,Tables Item 795,Furniture,Tables,883.94,2,0.3,-45.04,Orlando,Florida,South
2159,US-2023-102554,2023-01-26,2023-02-01,First Class,Elizabeth Rodriguez,Corporate,Furnishings Item 870,Furniture,Furnishings,730.52,7,0.0,124.11,Eugene,Oregon,West
2160,US-2022-101034,2022-05-16,2022-05-19,First Class,Fatima Patel,Corporate,Laptops Item 586,Technology,Laptops,3049.8,4,0.0,615.22,Eugene,Oregon,West
2161,US-2022-103423,2022-06-07,2022-06-13,First Class,Michael Johnson,Home Office,Furnishings Item 366,Furniture,Furnishings,1375.02,6,0.0,259.5,Atlanta,Georgia,South
2162,US-2023-101557,2023-04-30,2023-05-01,Second Class,Elizabeth Singh,Corporate,Binders Item 113,Office Supplies,Binders,262.2,6,0.1,15.28,Jersey City,New Jersey,East
2163,US-2024-102641,2024-09-15,2024-09-19,First Class,Jennifer Lee,Consumer,Laptops Item 389,Technology,Laptops,6535.86,3,0.1,895.71,Reno,Nevada,West
2164,US-2023-100750,2023-11-27,2023-03-28,Second Class,Diego Thomas,Corporate,Laptops Item 593,Technology,Laptops,1083.61,1,0.0,349.64,Pittsburgh,Pennsylvania,East
2165,US-2022-101089,2022-01-09,2022-01-12,Second Class,Carlos Chen,Home Office,Labels Item 826,Office Supplies,Labels,8.42,1,0.1,1.42,Las Vegas,Nevada,West
2166,US-2024-102656,2024-03-06,2024-03-10,Same Day,Robert Johnson,Consumer,Art Item 224,Office Supplies,Art,150.95,5,0.2,8.0,Tampa,Florida,South
2167,US-2023-100250,2023-05-30,2023-06-01,Same Day,John Chen,Home Office,Bookcases Item 821,Furniture,Bookcases,684.12,1,0.0,237.56,Dallas,Texas,Central
2168,US-2023-101452,2023-09-30,2023-10-07,Standard Class,Wei Smith,Home Office,Art Item 489,Office Supplies,Art,15.0,3,0.15,1.02,Las Vegas,Nevada,West
2169,US-2024-100259,2024-04-08,2024-04-12,First Class,David Smith,Corporate,Storage Item 789,Office Supplies,Storage,592.55,7,0.1,119.76,Austin,Texas,Central
2170,US-2023-101407,2023-03-13,2023-03-20,Same Day,Jessica Thomas,Consumer,Laptops Item 709,Technology,Laptops,12799.04,8,0.1,928.44,Cleveland,Ohio,Central
2171,US-2024-100101,2024-02-13,2024-02-17,Standard Class,Aiden Lee,Consumer,Art Item 769,Office Supplies,Art,425.2,8,0.3,-69.38,Jersey City,New Jersey,East
2172,US-2024-102086,2024-08-21,2024-08-26,Same Day,Fatima Ali,Home Office,Chairs Item 854,Furniture,Chairs,551.32,4,0.0,191.57,Buffalo,New York,East
2173,US-2023-100540,2023-10-02,2023-10-07,First Class,Amara Chen,Consumer,Bookcases Item 128,Furniture,Bookcases,861.28,4,0.0,292.83,Detroit,Michigan,Central
2174,US-2022-101205,2022-12-17,2022-12-20,Standard Class,James Williams,Consumer,Paper Item 800,Office Supplies,Paper,316.4,8,0.1,41.39,Detroit,Michigan,Central
2175,US-2024-101499,2024-04-25,2024-04-28,First Class,Wei Martinez,Home Office,Bookcases Item 235,Furniture,Bookcases,710.04,4,0.0,150.5,Orlando,Florida,South
2176,US-2022-103327,2022-12-07,2022-06-14,Second Class,Amara Chen,Home Office,Storage Item 793,Office Supplies,Storage,222.93,3,0.1,16.87,San Diego,California,West
2177,US-2024-101736,2024-06-28,2024-07-01,Same Day,Diego Martinez,Consumer,Phones Item 316,Technology,Phones,657.44,4,0.2,56.42,Ann Arbor,Michigan,Central
2178,US-2023-101958,2023-12-20,2023-10-24,Standard Class,Susan Chen,Home Office,Laptops Item 175,Technology,Laptops,4276.68,2,,-431.81,Nashville,Tennessee,South
2179,US-2022-100202,2022-09-16,2022-09-17,Same Day,Amara Brown,Home Office,Laptops Item 545,Technology,Laptops,5237.8,4,0.2,499.12,Buffalo,New York,East
2180,US-2022-101311,2022-08-30,2022-09-06,Same Day,Priya Kim,Corporate,Paper Item 870,Office Supplies,Paper,63.96,2,0.0,21.0,Newark,New Jersey,East
2181,US-2023-101453,2023-11-28,2023-08-04,Second Class,James Taylor,Home Office,Tables Item 158,Furniture,Tables,1554.03,3,0.2,-91.8,Chicago,Illinois,Central
2182,US-2023-100044,2023-11-04,2023-11-11,Second Class,Priya Chen,Consumer,Phones Item 761,Technology,Phones,3486.0,5,0.15,392.22,Cleveland,Ohio,Central
2183,US-2023-100852,2023-10-24,2023-10-27,First Class,Jessica Walker,Corporate,Furnishings Item 928,Furniture,Furnishings,91.72,1,0.15,7.91,Eugene,Oregon,West
2184,US-2023-100002,2023-05-05,2023-05-10,Same Day,Patricia Anderson,Corporate,Bookcases Item 144,Furniture,Bookcases,2135.36,4,0.5,-598.47,Cleveland,Ohio,Central
2185,US-2022-101994,11/17/2022,2022-04-20,Same Day,Elizabeth Singh,Corporate,Accessories Item 196,Technology,Accessories,186.8,8,0.0,44.83,Chicago,Illinois,Central
2186,US-2024-101837,2024-09-01,2024-09-06,Same Day,John Walker,Corporate,Art Item 238,Office Supplies,Art,118.68,2,0.3,-18.71,Boston,Massachusetts,East
2187,US-2024-102897,2024-04-10,2024-04-12,Standard Class,Michael Johnson,Corporate,Art Item 949,Office Supplies,Art,541.87,7,0.4,-57.89,Raleigh,North Carolina,South
2188,US-2023-101743,2023-02-22,2023-03-01,Second Class,Carlos Patel,Consumer,Laptops Item 568,Technology,Laptops,10148.18,7,0.2,492.88,Spokane,Washington,West
2189,US-2022-103203,2022-01-10,2022-01-16,First Class,Elizabeth Anderson,Corporate,Art Item 764,Office Supplies,Art,66.36,7,0.1,14.45,Detroit,Michigan,Central
2190,US-2022-102940,2022-10-22,2022-10-27,Second Class,Aiden Johnson,Corporate,Printers Item 717,Technology,Printers,2504.0,8,0.0,619.94,Detroit,Michigan,Central
2191,US-2024-100329,2024-11-29,2024-11-30,Standard Class,Mary Anderson,Home Office,Accessories Item 494,Technology,Accessories,99.46,2,0.4,-21.62,Austin,Texas,Central
2192,US-2022-101098,2022-08-29,2022-09-04,Same Day,Mei Davis,Corporate,Printers Item 400,Technology,Printers,137.71,1,0.0,32.97,Spokane,Washington,West
2193,US-2023-101555,2023-11-02,2023-01-05,First Class,Jessica Walker,Home Office,Bookcases Item 206,Furniture,Bookcases,445.46,1,0.0,121.46,Newark,New Jersey,East
2194,US-2022-102895,2022-03-22,2022-03-25,Standard Class,Robert Thomas,Corporate,Labels Item 142,Office Supplies,Labels,24.99,1,0.0,4.81,Las Vegas,Nevada,West
2195,US-2023-100998,10/07/2023,2023-10-14,Standard Class,Mary Wilson,Home Office,Furnishings Item 872,Furniture,Furnishings,578.46,3,0.2,35.51,Raleigh,North Carolina,South
2196,US-2023-101110,2023-12-01,2023-12-04,First Class,Robert Lee,Corporate,Furnishings Item 623,Furniture,Furnishings,1103.65,5,0.1,69.0,Seattle,Washington,West
2197,US-2022-100322,2022-11-03,2022-10-06,Standard Class,Mary Jones,Home Office,Binders Item 548,Office Supplies,Binders,105.35,7,0.1,11.11,Cleveland,Ohio,Central
2198,US-2023-101555,2023-01-02,2023-01-05,First Class,Jessica Walker,Home Office,Bookcases Item 206,Furniture,Bookcases,445.46,1,0.0,121.46,Newark,New Jersey,East
2199,US-2022-100432,2022-06-20,2022-06-25,Standard Class,Susan Chen,Consumer,Chairs Item 235,Furniture,Chairs,2325.84,8,0.1,298.06,Reno,Nevada,West
2200,US-2024-102559,2024-10-15,2024-10-17,Second Class,Priya Garcia,Home Office,Phones Item 251,Technology,Phones,2950.44,6,0.3,-246.65,Memphis,Tennessee,South
2201,US-2022-103206,2022-10-04,2022-10-09,Standard Class,James Williams,Home Office,Phones Item 327,Technology,Phones,557.52,3,0.0,122.9,Reno,Nevada,West
2202,US-2022-103415,2022-11-30,2022-12-06,Second Class,Wei Smith,Consumer,Furnishings Item 498,Furniture,Furnishings,1404.0,8,0.15,92.66,Las Vegas,Nevada,West
2203,US-2022-102799,2022-08-24,2022-08-28,First Class,Diego Davis,Home Office,Accessories Item 130,Technology,Accessories,477.92,8,0.4,-73.36,Seattle,Washington,West
2204,US-2023-103357,2023-11-04,2023-11-07,Same Day,Michael Torres,Home Office,Binders Item 620,Office Supplies,Binders,260.46,6,0.4,-32.62,Portland,Oregon,West
2205,US-2023-100855,2023-11-11,2023-02-13,Same Day,John Johnson,Corporate,Labels Item 920,Office Supplies,Labels,65.0,4,0.1,11.05,Columbus,Ohio,Central
2206,US-2022-101504,2022-11-19,2022-11-25,Second Class,Mary Singh,Consumer,Laptops Item 299,Technology,Laptops,8123.84,4,0.3,-1442.54,Houston,Texas,Central
2207,US-2022-101355,2022-10-25,2022-10-26,First Class,Mei Chen,Corporate,Chairs Item 377,Furniture,Chairs,474.04,7,0.1,46.77,Austin,Texas,Central
2208,US-2024-101847,2024-11-28,2024-05-03,Standard Class,Joseph Thomas,Consumer,Storage Item 341,Office Supplies,Storage,950.52,6,0.15,30.31,Boston,Massachusetts,East
2209,US-2024-101826,2024-08-02,2024-08-08,Same Day,David Ali,Home Office,Paper Item 892,Office Supplies,Paper,187.44,6,0.1,22.41,Charlotte,North Carolina,South
2210,US-2024-100284,2024-11-07,2024-11-11,First Class,Mei Taylor,Home Office,Art Item 813,Office Supplies,Art,103.26,3,0.0,24.52,Atlanta,Georgia,South
2211,US-2023-102964,2023-01-19,2023-01-21,First Class,Mary Rodriguez,Consumer,Accessories Item 623,Technology,Accessories,831.25,7,0.5,-220.54,Miami,Florida,South
2212,US-2022-100051,2022-10-09,2022-10-10,First Class,Wei Martinez,Home Office,Phones Item 951,Technology,Phones,1041.42,6,0.2,59.65,Chicago,Illinois,Central
2213,US-2023-100369,2023-11-15,2023-11-18,Second Class,Fatima Smith,Home Office,Paper Item 306,Office Supplies,Paper,118.37,7,0.1,24.07,Las Vegas,Nevada,West
2214,US-2022-101442,2022-09-25,2022-09-30,Standard Class,Priya Kim,Corporate,Tables Item 148,Furniture,Tables,265.66,1,0.3,-44.04,New York City,New York,East
2215,US-2023-101261,2023-08-31,2023-09-03,First Class,Aiden Torres,Home Office,Printers Item 272,Technology,Printers,880.24,2,0.3,-134.78,Detroit,Michigan,Central
2216,US-2024-100305,2024-01-14,2024-01-20,Same Day,Susan Kim,Consumer,Art Item 288,Office Supplies,Art,213.8,5,0.3,-8.96,Cleveland,Ohio,Central
2217,US-2022-101013,2022-08-27,2022-08-30,Standard Class,William Thomas,Home Office,Printers Item 933,Technology,Printers,1191.08,4,0.4,-283.44,Atlanta,Georgia,South
2218,US-2023-103197,2023-12-22,2023-12-25,Second Class,Mei Taylor,Consumer,Chairs Item 987,Furniture,Chairs,390.07,1,0.15,48.24,Austin,Texas,Central
2219,US-2022-100966,2022-11-14,2022-07-20,Same Day,Wei Jones,Home Office,Tables Item 207,Furniture,Tables,2255.96,4,0.15,219.5,Philadelphia,Pennsylvania,East
2220,US-2022-102728,2022-10-24,2022-10-27,Same Day,Mei Kim,Corporate,Binders Item 383,Office Supplies,Binders,345.04,8,0.5,-123.01,Buffalo,New York,East
2221,US-2023-101947,2023-11-24,2023-11-30,First Class,Jessica Walker,Consumer,Laptops Item 327,Technology,Laptops,6477.56,4,0.15,457.91,Worcester,Massachusetts,East
2222,US-2024-101600,2024-02-25,2024-03-03,First Class,Linda Martinez,Consumer,Labels Item 412,Office Supplies,Labels,8.72,2,0.2,0.07,Albany,New York,East
2223,US-2024-101238,2024-12-25,2024-03-30,Standard Class,Joseph Chen,Corporate,Binders Item 257,Office Supplies,Binders,133.6,4,0.1,28.59,Miami,Florida,South
2224,US-2023-102718,2023-08-06,2023-08-07,Standard Class,David Johnson,Home Office,Accessories Item 470,Technology,Accessories,186.92,2,0.0,55.69,San Diego,California,West
2225,US-2023-102450,2023-11-11,2023-05-13,Standard Class,Carlos Walker,Home Office,Paper Item 391,Office Supplies,Paper,32.46,6,0.15,5.43,Spokane,Washington,West
2226,US-2024-101078,2024-03-11,2024-03-16,Second Class,Priya Taylor,Corporate,Art Item 674,Office Supplies,Art,75.3,6,0.1,6.62,Springfield,Illinois,Central
2227,US-2024-101514,2024-12-27,2024-05-04,First Class,Mei Brown,Corporate,Binders Item 847,Office Supplies,Binders,454.64,8,0.2,26.53,Boston,Massachusetts,East
2228,US-2024-101660,2024-11-14,2024-11-15,Same Day,Mary Garcia,Consumer,Printers Item 307,Technology,Printers,996.68,2,0.1,193.92,Spokane,Washington,West
2229,US-2024-101025,2024-03-03,2024-03-07,Second Class,Fatima Davis,Home Office,Art Item 356,Office Supplies,Art,320.39,7,0.0,53.3,San Diego,California,West
2230,US-2024-103093,2024-05-14,2024-05-21,First Class,John Thomas,Home Office,Accessories Item 217,Technology,Accessories,91.56,7,0.5,-21.93,Seattle,Washington,West
2231,US-2024-100566,2024-10-21,2024-10-25,Second Class,Joseph Williams,Consumer,Art Item 775,Office Supplies,Art,118.52,2,0.3,-9.58,New York City,New York,East
2232,US-2023-101076,2023-02-26,2023-02-28,First Class,Mary Williams,Home Office,Printers Item 937,Technology,Printers,508.62,2,0.2,-17.93,Atlanta,Georgia,South
2233,US-2024-102019,2024-06-21,2024-06-22,Same Day,Sarah Lee,Corporate,Phones Item 664,Technology,Phones,4414.8,5,0.0,1363.13,Boston,Massachusetts,
2234,US-2022-103169,2022-02-19,2022-02-22,Standard Class,James Lee,Consumer,Bookcases Item 518,Furniture,Bookcases,184.31,1,0.2,-5.9,Savannah,Georgia,South
2235,US-2023-102471,2023-07-15,2023-07-20,Same Day,David Walker,Home Office,Accessories Item 372,Technology,Accessories,289.3,5,0.1,36.67,Springfield,Illinois,Central
2236,US-2022-100525,2022-07-30,2022-08-05,Same Day,John Thomas,Corporate,Printers Item 854,Technology,Printers,532.45,1,0.0,82.13,Las Vegas,Nevada,West
2237,US-2022-100091,08/08/2022,2022-08-11,First Class,Elizabeth Rodriguez,Home Office,Binders Item 656,Office Supplies,Binders,112.2,5,0.15,0.86,Savannah,Georgia,South
2238,US-2022-103382,2022-06-14,2022-06-17,First Class,Elizabeth Williams,Home Office,Printers Item 751,Technology,Printers,1322.48,8,0.0,273.8,Springfield,Illinois,Central
2239,US-2022-102838,2022-09-21,2022-09-22,First Class,Joseph Patel,Home Office,Paper Item 142,Office Supplies,Paper,307.2,8,0.0,48.13,Portland,Oregon,West
2240,US-2024-100450,2024-07-01,2024-07-08,Standard Class,Aiden Thomas,Home Office,Bookcases Item 554,Furniture,Bookcases,528.36,6,0.1,30.17,Raleigh,North Carolina,South
2241,US-2024-103372,2024-09-21,2024-09-23,Standard Class,Richard Patel,Home Office,Chairs Item 250,Furniture,Chairs,1865.28,6,0.0,601.31,Nashville,Tennessee,South
2242,US-2023-101667,2023-08-14,2023-08-19,First Class,Robert Garcia,Consumer,Binders Item 325,Office Supplies,Binders,50.72,4,0.15,1.22,Springfield,Illinois,Central
2243,US-2022-101745,2022-02-09,2022-02-10,First Class,Jessica Walker,Home Office,Storage Item 725,Office Supplies,Storage,104.35,5,0.15,7.27,Albany,New York,East
2244,US-2022-100889,2022-01-17,2022-01-19,Same Day,Patricia Smith,Corporate,Chairs Item 444,Furniture,Chairs,2176.68,6,0.3,-201.3,Detroit,Michigan,Central
2245,US-2023-100113,2023-11-23,2023-11-26,Same Day,Fatima Davis,Corporate,Paper Item 272,Office Supplies,Paper,96.64,8,0.15,3.27,Springfield,Illinois,Central
2246,US-2022-101214,2022-10-30,2022-11-04,Same Day,Carlos Martinez,Corporate,Storage Item 634,Office Supplies,Storage,182.45,5,0.0,62.25,Tampa,Florida,South
2247,US-2022-100697,2022-11-30,2022-12-02,Same Day,Elizabeth Lee,Consumer,Paper Item 246,Office Supplies,Paper,42.25,5,0.0,10.73,Pittsburgh,Pennsylvania,East
2248,US-2022-102180,2022-11-28,2022-07-31,Same Day,Wei Jones,Consumer,Printers Item 244,Technology,Printers,3017.92,8,0.15,66.3,Springfield,Illinois,Central
2249,US-2023-102481,2023-06-16,2023-06-23,Standard Class,William Thomas,Corporate,Laptops Item 935,Technology,Laptops,9675.75,7,0.2,-282.41,Austin,Texas,Central
2250,US-2023-102769,2023-10-08,2023-10-09,Second Class,Patricia Brown,Consumer,Storage Item 174,Office Supplies,Storage,167.68,4,0.1,36.12,Charlotte,North Carolina,South
2251,US-2022-101019,2022-05-19,2022-05-21,Same Day,Joseph Garcia,Corporate,Printers Item 856,Technology,Printers,417.99,3,0.0,75.34,Miami,Florida,South
2252,US-2023-101180,2023-12-01,2023-09-06,First Class,Robert Ali,Corporate,Accessories Item 870,Technology,Accessories,169.52,2,0.2,-7.05,New York City,New York,East
2253,US-2023-100514,2023-03-03,2023-03-05,Same Day,Patricia Torres,Corporate,Printers Item 762,Technology,Printers,1056.52,2,0.0,336.93,Reno,Nevada,West
2254,US-2022-100428,2022-03-07,2022-03-13,Standard Class,William Taylor,Consumer,Storage Item 213,Office Supplies,Storage,211.8,4,0.0,39.85,Newark,New Jersey,East
2255,US-2024-102057,2024-05-18,2024-05-23,Standard Class,Fatima Kim,Consumer,Labels Item 349,Office Supplies,Labels,10.8,3,0.0,1.81,Raleigh,North Carolina,South
2256,US-2024-100613,2024-07-28,2024-07-30,Standard Class,Priya Martinez,Home Office,Accessories Item 738,Technology,Accessories,68.76,1,0.1,11.53,Columbus,Ohio,Central
2257,US-2023-101351,2023-02-23,2023-03-01,Same Day,Wei Ali,Consumer,Labels Item 318,Office Supplies,Labels,41.97,3,0.5,-8.6,Spokane,Washington,West
2258,US-2023-102901,2023-12-18,2023-12-20,First Class,Wei Wilson,Home Office,Labels Item 994,Office Supplies,Labels,8.89,1,0.0,1.51,Seattle,Washington,West
2259,US-2024-101989,2024-11-04,2024-08-06,Same Day,Michael Smith,Corporate,Storage Item 706,Office Supplies,Storage,337.28,4,0.0,87.68,New York City,New York,East
2260,US-2022-103230,2022-09-21,2022-09-27,Same Day,Elizabeth Nguyen,Home Office,Furnishings Item 911,Furniture,Furnishings,176.7,6,0.0,38.78,Dallas,Texas,Central
2261,US-2022-102683,2022-07-13,2022-07-17,Second Class,Michael Rodriguez,Consumer,Storage Item 131,Office Supplies,Storage,110.31,1,0.1,26.26,Reno,Nevada,West
2262,US-2022-100105,2022-10-21,2022-10-27,Second Class,Susan Kim,Corporate,Accessories Item 381,Technology,Accessories,64.26,6,0.0,11.71,Spokane,Washington,West
2263,US-2023-100684,2023-07-28,2023-08-02,Standard Class,Michael Anderson,Consumer,Accessories Item 358,Technology,Accessories,440.88,4,0.0,146.29,Seattle,Washington,West
2264,US-2022-102658,2022-05-12,2022-05-14,Same Day,Priya Taylor,Corporate,Storage Item 823,Office Supplies,Storage,109.16,1,0.5,-33.78,Pittsburgh,Pennsylvania,East
2265,US-2023-100618,2023-04-15,2023-04-22,First Class,John Torres,Consumer,Art Item 310,Office Supplies,Art,269.4,5,0.2,1.0,Austin,Texas,Central
2266,US-2024-102230,2024-02-13,2024-02-18,First Class,Carlos Chen,Home Office,Furnishings Item 102,Furniture,Furnishings,115.64,1,0.3,-8.13,Worcester,Massachusetts,East
2267,US-2024-101236,2024-04-14,2024-04-20,Standard Class,Carlos Nguyen,Home Office,Storage Item 121,Office Supplies,Storage,$171.39,3,0.1,39.9,Portland,Oregon,West
2268,US-2023-100831,2023-04-05,2023-04-10,Same Day,Sarah Patel,Home Office,Binders Item 224,Office Supplies,Binders,74.46,2,0.4,-13.91,Spokane,Washington,West
2269,US-2022-102582,2022-10-13,2022-10-15,Second Class,Diego Kim,Consumer,Printers Item 906,Technology,Printers,1747.27,7,0.5,-535.17,Detroit,Michigan,Central
2270,US-2024-103065,2024-05-15,2024-05-18,Standard Class,Linda Taylor,Home Office,Laptops Item 597,Technology,Laptops,1344.56,2,0.0,278.24,Raleigh,North Carolina,South
2271,US-2024-103051,2024-09-25,2024-09-29,First Class,Richard Rodriguez,Home Office,Phones Item 949,Technology,Phones,1657.6,4,0.0,488.22,Reno,Nevada,West
2272,US-2022-102063,2022-11-14,2022-08-21,Standard Class,Patricia Taylor,Home Office,Phones Item 411,Technology,Phones,4464.84,6,0.0,1273.69,Houston,Texas,Central
2273,US-2023-100238,2023-07-24,2023-07-25,Second Class,Mei Taylor,Home Office,Storage Item 487,Office Supplies,Storage,450.48,4,0.0,157.03,Atlanta,Georgia,South
2274,US-2024-101116,2024-05-11,2024-05-13,First Class,Mei Wilson,Corporate,Art Item 743,Office Supplies,Art,303.7,5,0.1,15.07,Spokane,Washington,West
2275,US-2024-100480,2024-02-13,2024-02-18,Same Day,Mei Patel,Home Office,Printers Item 200,Technology,Printers,166.47,1,0.5,-42.02,Memphis,Tennessee,South
2276,US-2024-102015,2024-03-23,2024-03-30,Second Class,Diego Garcia,Corporate,Art Item 276,Office Supplies,Art,362.1,6,0.0,80.42,Pittsburgh,Pennsylvania,East
2277,US-2024-101656,2024-10-13,2024-10-19,Standard Class,Elizabeth Davis,Home Office,Printers Item 668,Technology,Printers,911.64,2,0.0,256.49,Houston,Texas,Central
2278,US-2022-102913,2022-12-22,2022-12-25,Same Day,Richard Chen,Consumer,Printers Item 700,Technology,Printers,852.3,5,0.2,1.91,Seattle,Washington,West
2279,US-2022-102271,2022-05-21,2022-05-26,Same Day,Diego Martinez,Corporate,Storage Item 808,Office Supplies,Storage,233.95,5,0.4,-43.6,Portland,Oregon,West
2280,US-2024-103146,2024-10-04,2024-10-11,First Class,David Anderson,Corporate,Labels Item 545,Office Supplies,Labels,36.96,7,0.1,4.36,Los Angeles,California,West
2281,US-2024-103296,2024-03-30,2024-04-06,Standard Class,William Brown,Home Office,Furnishings Item 223,Furniture,Furnishings,870.87,7,0.1,87.38,Raleigh,North Carolina,South
2282,US-2024-102273,2024-01-17,2024-01-23,Same Day,Jennifer Garcia,Corporate,Paper Item 234,Office Supplies,Paper,34.42,2,0.15,5.07,Las Vegas,Nevada,West
2283,US-2024-101648,2024-05-08,2024-05-14,Same Day,Jennifer Wilson,Consumer,Storage Item 213,Office Supplies,Storage,194.09,1,0.0,31.7,Worcester,Massachusetts,East
2284,US-2023-100661,2023-01-30,2023-02-05,First Class,Wei Jones,Home Office,Chairs Item 763,Furniture,Chairs,843.65,5,0.5,-310.54,Detroit,Michigan,Central
2285,US-2022-103341,2022-03-01,2022-03-08,Same Day,David Wilson,Consumer,Printers Item 182,Technology,Printers,841.66,2,0.0,165.5,San Francisco,California,West
2286,US-2023-101199,2023-03-29,2023-04-04,Second Class,John Kim,Corporate,Labels Item 199,Office Supplies,Labels,44.4,8,0.2,-2.88,Miami,Florida,South
2287,US-2023-102855,2023-03-24,2023-03-26,First Class,John Kim,Consumer,Binders Item 114,Office Supplies,Binders,40.42,1,0.15,6.73,Reno,Nevada,West
2288,US-2024-102657,2024-10-01,2024-10-03,Second Class,Mary Davis,Consumer,Laptops Item 578,Technology,Laptops,10342.15,5,0.1,2403.64,Philadelphia,Pennsylvania,East
2289,US-2022-103034,2022-12-18,2022-12-23,First Class,Susan Anderson,Consumer,Phones Item 349,Technology,Phones,514.86,1,0.15,26.67,Dallas,Texas,Central
2290,US-2023-103099,2023-03-22,2023-03-28,First Class,Amara Garcia,Corporate,Laptops Item 357,Technology,Laptops,5867.4,7,0.0,1868.41,Memphis,Tennessee,South
2291,US-2023-102417,2023-12-06,2023-12-13,Second Class,Carlos Patel,Corporate,Accessories Item 556,Technology,Accessories,100.37,1,0.2,-3.9,Orlando,Florida,
2292,US-2022-103228,2022-12-20,2022-07-21,Same Day,Joseph Torres,Corporate,Labels Item 860,Office Supplies,Labels,159.95,7,0.1,12.52,New York City,New York,East
2293,US-2022-102908,2022-11-28,2022-10-01,First Class,Mei Taylor,Home Office,Phones Item 300,Technology,Phones,405.1,2,0.0,65.35,Atlanta,Georgia,South
2294,US-2023-102905,2023-11-24,2023-05-29,Second Class,Joseph Johnson,Home Office,Bookcases Item 877,Furniture,Bookcases,1411.2,3,0.15,96.29,Ann Arbor,Michigan,Central
2295,US-2022-102479,2022-07-22,2022-07-28,Same Day,John Rodriguez,Corporate,Art Item 916,Office Supplies,Art,158.85,5,0.15,17.78,Pittsburgh,Pennsylvania,East
2296,US-2022-100251,2022-12-22,2022-12-28,Standard Class,Robert Walker,Consumer,Laptops Item 538,Technology,Laptops,3313.38,2,0.0,852.27,Chicago,Illinois,Central
2297,US-2024-102467,2024-11-11,2024-04-14,Same Day,William Lee,Corporate,Accessories Item 812,Technology,Accessories,578.48,4,0.3,-52.66,Atlanta,Georgia,South
2298,US-2024-101959,2024-06-23,2024-06-24,Same Day,Joseph Wilson,Home Office,Phones Item 537,Technology,Phones,4873.96,7,0.1,532.05,Seattle,Washington,West
2299,US-2024-101843,2024-10-22,2024-10-27,Second Class,Wei Davis,Home Office,Storage Item 632,Office Supplies,Storage,420.96,3,0.0,110.78,Austin,Texas,Central
2300,US-2023-101170,2023-12-08,2023-07-10,Standard Class,Wei Wilson,Corporate,Binders Item 224,Office Supplies,Binders,39.6,4,0.0,9.26,Los Angeles,California,West
2301,US-2024-103367,2024-05-11,2024-05-16,Standard Class,Mei Smith,Consumer,Accessories Item 872,Technology,Accessories,703.4,5,0.1,76.61,Albany,New York,East
2302,US-2022-100709,2022-10-13,2022-10-16,Same Day,John Thomas,Home Office,Accessories Item 531,Technology,Accessories,93.06,6,0.3,-14.48,Atlanta,Georgia,South
2303,US-2022-101357,2022-07-04,2022-07-07,First Class,Fatima Thomas,Corporate,Printers Item 922,Technology,Printers,1305.05,5,0.15,77.45,Jersey City,New Jersey,East
2304,US-2024-103156,2024-02-25,2024-03-03,Standard Class,William Brown,Home Office,Accessories Item 874,Technology,Accessories,485.2,8,0.1,70.28,Atlanta,Georgia,South
2305,US-2022-100099,2022-01-07,2022-01-13,Second Class,David Thomas,Consumer,Bookcases Item 146,Furniture,Bookcases,530.09,1,0.1,116.31,Nashville,Tennessee,South
2306,US-2022-100043,2022-11-04,2022-11-07,Standard Class,Richard Miller,Home Office,Furnishings Item 244,Furniture,Furnishings,457.65,5,0.0,98.41,Portland,Oregon,West
2307,US-2022-101674,2022-05-13,2022-05-17,Standard Class,Joseph Chen,Corporate,Art Item 308,Office Supplies,Art,75.96,3,0.0,14.47,Cleveland,Ohio,Central
2308,US-2024-103238,2024-03-27,2024-04-02,Standard Class,Amara Thomas,Home Office,Storage Item 939,Office Supplies,Storage,735.4,5,0.3,3.63,San Diego,California,West
2309,US-2022-100553,2022-02-17,2022-02-20,Same Day,Mei Nguyen,Corporate,Art Item 124,Office Supplies,Art,79.62,1,0.1,5.95,Tampa,Florida,South
2310,US-2023-101284,2023-09-22,2023-09-23,First Class,William Lee,Corporate,Binders Item 210,Office Supplies,Binders,97.5,6,0.0,20.1,Springfield,Illinois,Central
2311,US-2022-100317,2022-01-26,2022-01-27,Second Class,Fatima Jones,Corporate,Tables Item 353,Furniture,Tables,2546.7,5,0.2,92.76,Tampa,Florida,South
2312,US-2022-101383,2022-11-30,2022-12-05,Second Class,Jennifer Garcia,Home Office,Laptops Item 911,Technology,Laptops,2566.76,4,0.15,453.26,Springfield,Illinois,Central
2313,US-2024-100969,2024-04-10,2024-04-14,Second Class,Joseph Rodriguez,Home Office,Art Item 369,Office Supplies,Art,151.44,6,0.0,47.71,Charlotte,North Carolina,South
2314,US-2022-100124,2022-06-18,2022-06-21,Second Class,Susan Davis,Home Office,Accessories Item 902,Technology,Accessories,279.8,4,0.2,34.51,Savannah,Georgia,South
2315,US-2024-101673,2024-02-25,2024-02-26,Second Class,Mei Miller,Corporate,Chairs Item 545,Furniture,Chairs,2148.24,8,0.0,630.03,Columbus,Ohio,Central
2316,US-2022-100363,2022-06-12,2022-06-17,Standard Class,Patricia Taylor,Home Office,Printers Item 384,Technology,Printers,3029.84,8,0.1,631.31,Las Vegas,Nevada,West
2317,US-2022-101526,2022-11-11,2022-11-12,Same Day,David Kim,Corporate,Tables Item 457,Furniture,Tables,792.81,3,0.4,-153.32,Jersey City,New Jersey,East
2318,US-2024-101897,2024-12-09,2024-01-11,Same Day,Michael Singh,Corporate,Paper Item 514,Office Supplies,Paper,123.0,5,0.15,16.33,Memphis,Tennessee,South
2319,US-2022-102721,2022-09-13,2022-09-15,Same Day,William Brown,Home Office,Furnishings Item 434,Furniture,Furnishings,377.64,3,0.4,-93.08,Austin,Texas,Central
2320,US-2023-102800,2023-08-03,2023-08-04,Same Day,Elizabeth Davis,Consumer,Phones Item 273,Technology,Phones,4526.69,7,0.3,-167.2,Philadelphia,Pennsylvania,East
2321,US-2024-102305,2024-07-20,2024-07-26,First Class,Joseph Chen,Consumer,Furnishings Item 319,Furniture,Furnishings,1199.75,5,0.2,6.4,Atlanta,Georgia,South
2322,US-2023-103037,2023-01-06,2023-01-07,First Class,Mary Taylor,Consumer,Chairs Item 965,Furniture,Chairs,805.8,6,0.2,17.84,New York City,New York,East
2323,US-2023-103465,2023-11-08,2023-11-12,First Class,John Anderson,Home Office,Paper Item 598,Office Supplies,Paper,199.71,7,0.2,11.51,Seattle,Washington,West
2324,US-2023-102233,2023-12-18,2023-12-21,Second Class,Mary Thomas,Consumer,Phones Item 431,Technology,Phones,3282.95,5,0.0,752.45,Chicago,Illinois,Central
2325,US-2024-101633,2024-02-08,2024-02-13,First Class,Michael Thomas,Home Office,Printers Item 820,Technology,Printers,492.23,1,0.1,26.49,Boston,Massachusetts,East
2326,US-2023-102731,04/21/2023,2023-04-24,Same Day,Mary Anderson,Consumer,Furnishings Item 633,Furniture,Furnishings,$204.03,1,0.0,40.47,Jersey City,New Jersey,East
2327,US-2023-103309,2023-11-16,2023-12-20,Same Day,Mary Thomas,Consumer,Chairs Item 591,Furniture,Chairs,1034.95,7,0.15,61.33,Boston,Massachusetts,East
2328,US-2022-103070,2022-05-01,2022-05-02,First Class,Diego Kim,Consumer,Paper Item 201,Office Supplies,Paper,157.32,6,0.1,31.52,Portland,Oregon,West
2329,US-2024-102843,2024-11-21,2024-11-22,Same Day,Fatima Rodriguez,Consumer,Laptops Item 371,Technology,Laptops,2638.52,4,0.4,-364.66,Raleigh,North Carolina,South
2330,US-2024-102162,2024-11-28,2024-03-31,First Class,Wei Johnson,Consumer,Art Item 591,Office Supplies,Art,55.42,1,0.15,4.5,Ann Arbor,Michigan,Central
2331,US-2024-100119,2024-06-07,2024-06-13,First Class,Diego Walker,Consumer,Paper Item 640,Office Supplies,Paper,25.34,2,0.1,1.14,Nashville,Tennessee,South
2332,US-2023-100063,2023-07-25,2023-07-27,Standard Class,Mary Ali,Home Office,Accessories Item 290,Technology,Accessories,293.37,7,0.0,69.07,Tampa,Florida,South
2333,US-2023-101461,2023-09-25,2023-09-27,Standard Class,Susan Torres,Home Office,Binders Item 522,Office Supplies,Binders,107.7,5,0.2,7.81,Philadelphia,Pennsylvania,East
2334,US-2024-100403,2024-12-21,2024-12-27,Standard Class,Elizabeth Davis,Home Office,Art Item 752,Office Supplies,Art,257.67,7,0.15,34.09,Orlando,Florida,South
2335,US-2024-102586,2024-11-02,2024-12-08,First Class,David Khan,Corporate,Bookcases Item 200,Furniture,Bookcases,687.62,2,0.0,180.9,Springfield,Illinois,Central
2336,US-2022-103351,2022-12-28,2022-11-02,First Class,Fatima Wilson,Corporate,Tables Item 147,Furniture,Tables,1670.91,3,0.2,132.13,Springfield,Illinois,Central
2337,US-2022-102439,2022-11-30,2022-12-03,First Class,James Anderson,Home Office,Labels Item 576,Office Supplies,Labels,31.64,2,0.5,-8.25,Philadelphia,Pennsylvania,East
2338,US-2023-100677,2023-06-29,2023-06-30,Same Day,Wei Thomas,Home Office,Paper Item 607,Office Supplies,Paper,74.68,4,0.4,-10.82,Memphis,Tennessee,South
2339,US-2022-103058,2022-05-20,2022-05-26,Same Day,Diego Martinez,Home Office,Labels Item 203,Office Supplies,Labels,65.6,8,0.15,8.23,Atlanta,Georgia,South
2340,US-2024-102709,2024-01-27,2024-01-31,Standard Class,Jennifer Chen,Corporate,Binders Item 393,Office Supplies,Binders,92.6,4,0.0,19.74,San Francisco,California,West
2341,US-2023-102185,2023-09-10,2023-09-17,Same Day,Mei Taylor,Home Office,Chairs Item 200,Furniture,Chairs,791.28,6,0.1,60.84,Worcester,Massachusetts,East
2342,US-2022-101731,2022-11-09,2022-06-12,Same Day,Wei Davis,Corporate,Binders Item 600,Office Supplies,Binders,74.76,4,0.1,5.33,Boston,Massachusetts,East
2343,US-2023-100368,2023-11-22,2023-04-28,First Class,Priya Rodriguez,Consumer,Furnishings Item 221,Furniture,Furnishings,820.24,8,0.2,86.49,Springfield,Illinois,Central
2344,US-2024-100355,2024-07-26,2024-07-28,Same Day,Fatima Brown,Consumer,Printers Item 722,Technology,Printers,1699.28,8,0.15,206.12,Philadelphia,Pennsylvania,East
2345,US-2024-103084,2024-07-03,2024-07-09,First Class,Joseph Patel,Home Office,Phones Item 305,Technology,Phones,$3644.48,8,0.2,463.99,Worcester,Massachusetts,East
2346,US-2024-100117,2024-12-14,2024-12-17,First Class,David Johnson,Corporate,Labels Item 180,Office Supplies,Labels,45.81,3,0.0,11.38,Atlanta,Georgia,South
2347,US-2024-100541,2024-02-03,2024-02-06,First Class,William Williams,Consumer,Labels Item 874,Office Supplies,Labels,40.18,2,0.2,-2.09,Springfield,Illinois,Central
2348,US-2024-100788,2024-02-04,2024-02-06,First Class,Mary Wilson,Corporate,Storage Item 228,Office Supplies,Storage,220.4,4,0.15,0.91,Miami,Florida,South
2349,US-2023-100211,2023-03-15,2023-03-22,Second Class,John Chen,Home Office,Printers Item 311,Technology,Printers,491.62,1,0.0,151.38,Boston,Massachusetts,East
2350,US-2024-101639,2024-05-23,2024-05-27,Standard Class,Richard Rodriguez,Consumer,Laptops Item 230,Technology,Laptops,7671.96,4,0.0,1895.12,Miami,Florida,South
2351,US-2024-100665,2024-03-08,2024-03-10,First Class,Fatima Rodriguez,Home Office,Paper Item 708,Office Supplies,Paper,162.18,6,0.4,-30.87,Columbus,Ohio,Central
2352,US-2024-100012,2024-01-20,2024-01-25,First Class,Carlos Ali,Corporate,Furnishings Item 944,Furniture,Furnishings,261.57,3,0.0,58.4,Buffalo,New York,East
2353,US-2022-102910,2022-08-29,2022-09-04,First Class,Mei Brown,Corporate,Accessories Item 992,Technology,Accessories,840.18,6,0.1,117.08,Detroit,Michigan,Central
2354,US-2022-102109,2022-04-04,2022-04-06,First Class,Mary Khan,Home Office,Tables Item 545,Furniture,Tables,1066.08,8,0.0,266.12,Eugene,Oregon,West
2355,US-2022-103193,2022-10-04,2022-10-05,Second Class,Jennifer Wilson,Consumer,Bookcases Item 554,Furniture,Bookcases,2919.68,8,0.3,-158.54,Spokane,Washington,West
2356,US-2023-100370,2023-11-14,2023-11-17,Same Day,Linda Torres,Home Office,Accessories Item 129,Technology,Accessories,71.48,1,0.0,16.11,Columbus,Ohio,Central
2357,US-2023-102793,2023-12-28,2023-06-05,Same Day,Linda Torres,Home Office,Binders Item 906,Office Supplies,Binders,145.9,5,0.0,23.49,Reno,Nevada,West
2358,US-2022-102688,2022-11-24,2022-03-01,Second Class,Priya Miller,Consumer,Labels Item 701,Office Supplies,Labels,13.14,1,0.2,1.17,Miami,Florida,South
2359,US-2023-101291,2023-09-21,2023-09-24,Second Class,Michael Singh,Consumer,Binders Item 342,Office Supplies,Binders,10.01,1,0.0,3.28,Houston,Texas,Central
2360,US-2023-102663,2023-05-27,2023-05-30,Standard Class,Patricia Kim,Consumer,Phones Item 685,Technology,Phones,1147.32,6,0.0,304.85,Reno,Nevada,West
2361,US-2023-102942,2023-09-10,2023-09-12,Same Day,Jennifer Walker,Consumer,Storage Item 780,Office Supplies,Storage,406.85,5,0.0,142.04,Albany,New York,East
2362,US-2024-103320,2024-11-20,2024-02-23,Second Class,Diego Martinez,Consumer,Printers Item 861,Technology,Printers,373.23,3,0.15,27.98,San Francisco,California,West
2363,US-2022-102158,2022-04-26,2022-05-03,First Class,Wei Torres,Consumer,Art Item 773,Office Supplies,Art,622.56,8,0.0,115.44,Boston,Massachusetts,East
2364,US-2024-101347,2024-11-13,2024-11-16,Second Class,Carlos Thomas,Corporate,Art Item 111,Office Supplies,Art,5.74,1,0.0,1.39,Savannah,Georgia,South
2365,US-2022-102364,2022-05-25,2022-05-27,Second Class,Carlos Thomas,Home Office,Paper Item 607,Office Supplies,Paper,183.85,5,0.1,38.38,Miami,Florida,South
2366,US-2024-101751,2024-04-29,2024-05-04,Second Class,Priya Walker,Corporate,Laptops Item 962,Technology,Laptops,2747.22,3,0.15,399.8,San Francisco,California,West
2367,US-2023-100840,2023-10-15,2023-10-22,Second Class,Wei Lee,Consumer,Furnishings Item 933,Furniture,Furnishings,299.55,5,0.0,86.57,Austin,Texas,Central
2368,US-2024-100283,2024-09-17,2024-09-20,First Class,Priya Torres,Corporate,Furnishings Item 892,Furniture,Furnishings,301.92,3,0.1,47.7,Detroit,Michigan,Central
2369,US-2024-102339,2024-07-21,2024-07-28,Second Class,Jessica Walker,Corporate,Furnishings Item 973,Furniture,Furnishings,246.88,8,0.2,30.19,Spokane,Washington,West
2370,US-2023-101216,2023-11-01,2023-12-02,First Class,Wei Davis,Corporate,Laptops Item 642,Technology,Laptops,10397.1,7,0.0,3278.64,San Diego,California,West
2371,US-2024-101778,2024-12-02,2024-01-03,Same Day,Jessica Smith,Home Office,Phones Item 270,Technology,Phones,2064.48,8,0.15,226.68,Memphis,Tennessee,South
2372,US-2023-101647,2023-09-14,2023-09-19,Same Day,Fatima Wilson,Consumer,Printers Item 228,Technology,Printers,564.98,2,0.2,21.67,Spokane,Washington,West
2373,US-2022-100352,2022-02-23,2022-03-02,First Class,Patricia Smith,Home Office,Laptops Item 336,Technology,Laptops,2011.78,2,0.0,355.85,Ann Arbor,Michigan,Central
2374,US-2023-101255,2023-07-08,2023-07-09,Same Day,Sarah Kim,Corporate,Accessories Item 713,Technology,Accessories,514.32,4,0.15,84.15,Nashville,Tennessee,South
2375,US-2022-100762,2022-12-28,2022-03-31,Standard Class,Linda Miller,Consumer,Binders Item 370,Office Supplies,Binders,115.2,5,0.3,-18.4,Boston,Massachusetts,East
2376,US-2022-102094,2022-05-14,2022-05-16,Same Day,Aiden Anderson,Corporate,Accessories Item 418,Technology,Accessories,111.88,4,,11.27,Portland,Oregon,West
2377,US-2023-100278,2023-02-19,2023-02-24,Same Day,Wei Smith,Home Office,Printers Item 198,Technology,Printers,1607.58,3,0.0,370.86,Detroit,Michigan,Central
2378,US-2024-102137,2024-11-28,2024-12-05,Standard Class,Jessica Rodriguez,Corporate,Labels Item 453,Office Supplies,Labels,38.36,7,0.0,9.42,Portland,Oregon,West
2379,US-2022-102743,2022-11-08,2022-02-10,Same Day,Amara Garcia,Home Office,Labels Item 481,Office Supplies,Labels,35.88,2,0.1,8.52,Los Angeles,California,West
2380,US-2024-101778,2024-01-02,2024-01-03,Same Day,Jessica Smith,Home Office,Phones Item 270,Technology,Phones,2064.48,8,0.15,226.68,Memphis,Tennessee,South
2381,US-2023-100708,2023-04-27,2023-04-30,Standard Class,Mei Brown,Consumer,Art Item 471,Office Supplies,Art,179.36,4,0.2,21.04,Newark,New Jersey,East
2382,US-2023-100955,2023-03-21,2023-03-28,First Class,Joseph Chen,Consumer,Accessories Item 998,Technology,Accessories,223.08,4,0.4,-58.05,Pittsburgh,Pennsylvania,East
2383,US-2023-103137,2023-01-09,2023-01-15,Same Day,Patricia Anderson,Corporate,Phones Item 399,Technology,Phones,1593.76,8,0.0,414.19,Eugene,Oregon,West
2384,US-2022-100996,2022-04-28,2022-05-01,Same Day,Wei Brown,Consumer,Laptops Item 798,Technology,Laptops,1777.92,1,0.15,29.84,Memphis,Tennessee,South
2385,US-2022-102379,2022-11-24,2022-11-25,Second Class,Priya Smith,Home Office,Art Item 251,Office Supplies,Art,40.18,7,0.0,12.28,Cleveland,Ohio,Central
2386,US-2023-101278,2023-08-26,2023-08-28,Second Class,Mei Thomas,Home Office,Paper Item 645,Office Supplies,Paper,14.25,3,0.1,3.29,Jersey City,New Jersey,East
2387,US-2022-101719,2022-04-06,2022-04-10,Standard Class,Robert Khan,Consumer,Paper Item 572,Office Supplies,Paper,74.9,7,0.3,-4.54,Miami,Florida,South
2388,US-2023-101146,2023-06-13,2023-06-18,First Class,Priya Thomas,Home Office,Storage Item 259,Office Supplies,Storage,767.94,6,0.3,-95.12,Miami,Florida,South
2389,US-2023-100894,2023-05-17,2023-05-19,First Class,Mei Ali,Corporate,Laptops Item 263,Technology,Laptops,10822.07,7,0.0,2952.12,Columbus,Ohio,Central
2390,US-2024-103007,2024-02-14,2024-02-18,Same Day,Mary Thomas,Corporate,Binders Item 213,Office Supplies,Binders,235.2,4,0.1,33.02,Chicago,Illinois,Central
2391,US-2024-101043,2024-07-10,2024-07-16,Standard Class,Joseph Johnson,Home Office,Furnishings Item 216,Furniture,Furnishings,719.5,5,0.0,179.56,Worcester,Massachusetts,East
2392,US-2023-100535,2023-05-18,2023-05-20,Same Day,John Thomas,Consumer,Furnishings Item 921,Furniture,Furnishings,609.36,6,0.15,25.87,Buffalo,New York,East
2393,US-2022-103498,2022-02-07,2022-02-11,First Class,,Corporate,Binders Item 300,Office Supplies,Binders,167.76,3,0.15,16.93,Austin,Texas,Central
2394,US-2023-101114,2023-11-22,2023-11-24,Same Day,William Wilson,Consumer,Accessories Item 501,Technology,Accessories,208.72,4,0.0,56.29,Newark,New Jersey,East
2395,US-2024-101359,2024-03-19,2024-03-21,Same Day,John Kim,Consumer,Furnishings Item 520,Furniture,Furnishings,$168.69,1,0.0,58.17,Houston,Texas,Central
2396,US-2022-103405,2022-06-02,2022-06-03,Standard Class,Robert Davis,Corporate,Binders Item 672,Office Supplies,Binders,154.14,7,0.1,15.92,Boston,Massachusetts,East
2397,US-2024-100505,2024-10-28,2024-11-01,First Class,Elizabeth Smith,Consumer,Phones Item 191,Technology,Phones,1011.75,3,0.0,250.8,Ann Arbor,Michigan,Central
2398,US-2023-100821,2023-08-12,2023-08-19,Same Day,David Lee,Home Office,Labels Item 836,Office Supplies,Labels,100.94,7,0.4,-12.27,Nashville,Tennessee,South
2399,US-2023-100823,2023-05-29,2023-06-05,Standard Class,Priya Davis,Corporate,Accessories Item 682,Technology,Accessories,134.88,6,0.0,40.61,Cleveland,Ohio,Central
2400,US-2023-102432,2023-11-09,2023-04-16,First Class,Amara Thomas,Consumer,Phones Item 861,Technology,Phones,1614.24,8,0.1,172.66,Tampa,Florida,South
2401,US-2022-103464,2022-03-05,2022-03-12,First Class,Elizabeth Davis,Home Office,Printers Item 288,Technology,Printers,2316.64,8,0.0,648.27,Savannah,Georgia,South
2402,US-2023-101143,2023-02-07,2023-02-08,Same Day,Fatima Wilson,Corporate,Furnishings Item 325,Furniture,Furnishings,261.05,5,0.0,53.61,Spokane,Washington,West
2403,US-2022-101513,2022-02-03,2022-02-04,Same Day,Michael Martinez,Consumer,Accessories Item 777,Technology,Accessories,143.36,8,0.0,32.23,Boston,Massachusetts,East
2404,US-2024-101017,2024-03-26,2024-03-29,First Class,Mei Taylor,Home Office,Tables Item 367,Furniture,Tables,2355.75,5,0.4,-225.21,Miami,Florida,South
2405,US-2023-103004,2023-09-25,2023-09-30,Standard Class,Wei Johnson,Corporate,Art Item 220,Office Supplies,Art,87.76,2,0.0,14.44,Atlanta,Georgia,South
2406,US-2022-100747,2022-02-14,2022-02-18,Standard Class,Elizabeth Williams,Home Office,Paper Item 178,Office Supplies,Paper,74.48,7,,12.26,San Francisco,California,West
2407,US-2024-102878,2024-09-20,2024-09-21,Second Class,Patricia Taylor,Consumer,Phones Item 662,Technology,Phones,2497.95,3,0.0,565.95,Atlanta,Georgia,South
2408,US-2024-102171,2024-09-22,2024-09-23,First Class,Priya Thomas,Corporate,Storage Item 379,Office Supplies,Storage,678.16,7,0.1,33.69,Springfield,Illinois,Central
2409,US-2023-103272,2023-11-12,2023-11-15,Second Class,Mary Ali,Home Office,Chairs Item 350,Furniture,Chairs,971.24,2,0.5,-336.32,San Diego,California,West
2410,US-2023-101958,2023-10-20,2023-10-24,Standard Class,Susan Chen,Home Office,Laptops Item 175,Technology,Laptops,4276.68,2,0.3,-431.81,Nashville,Tennessee,South
2411,US-2022-102552,2022-09-27,2022-10-03,Same Day,Susan Ali,Corporate,Storage Item 507,Office Supplies,Storage,120.62,1,0.1,12.84,Tampa,Florida,South
2412,US-2022-101550,2022-02-16,2022-02-20,First Class,Patricia Smith,Consumer,Storage Item 883,Office Supplies,Storage,49.62,3,0.15,3.56,Detroit,Michigan,Central
2413,US-2023-101241,2023-12-03,2023-12-06,Second Class,Sarah Walker,Home Office,Phones Item 663,Technology,Phones,2854.64,8,0.2,300.93,Los Angeles,California,West
2414,US-2022-101062,2022-01-07,2022-01-10,First Class,Robert Nguyen,Home Office,Chairs Item 249,Furniture,Chairs,3884.32,8,0.0,907.19,Boston,Massachusetts,East
2415,US-2023-101838,2023-07-08,2023-07-13,Standard Class,Mei Williams,Corporate,Chairs Item 143,Furniture,Chairs,1310.64,4,0.1,126.1,Columbus,Ohio,Central
2416,US-2024-103433,2024-08-05,2024-08-07,Standard Class,John Lee,Consumer,Art Item 894,Office Supplies,Art,269.58,6,0.0,56.79,Orlando,Florida,South
2417,US-2024-101061,2024-10-02,2024-10-06,First Class,Susan Davis,Corporate,Tables Item 498,Furniture,Tables,4457.28,6,0.0,1118.96,Portland,Oregon,West
2418,US-2023-100206,2023-11-13,2023-09-16,First Class,Priya Taylor,Home Office,Storage Item 801,Office Supplies,Storage,444.42,6,0.0,151.11,Chicago,Illinois,Central
2419,US-2023-102814,2023-07-05,2023-07-06,Second Class,Carlos Johnson,Corporate,Binders Item 769,Office Supplies,Binders,111.88,4,0.4,-24.78,Tampa,Florida,South
2420,US-2023-100437,2023-03-06,2023-03-13,Second Class,Patricia Lee,Corporate,Phones Item 373,Technology,Phones,5064.0,8,0.2,59.49,Pittsburgh,Pennsylvania,East
2421,US-2023-101448,2023-09-13,2023-09-18,First Class,Aiden Patel,Corporate,Art Item 771,Office Supplies,Art,98.22,6,0.1,21.13,Atlanta,Georgia,South
2422,US-2023-103363,2023-06-28,2023-07-02,Second Class,Robert Singh,Corporate,Tables Item 957,Furniture,Tables,4037.95,7,0.15,11.83,Philadelphia,Pennsylvania,East
2423,US-2024-100459,2024-04-23,2024-04-26,Second Class,Wei Jones,Consumer,Accessories Item 258,Technology,Accessories,307.38,6,0.2,36.79,Chicago,Illinois,Central
2424,US-2024-102040,2024-05-05,2024-05-07,Same Day,Richard Jones,Home Office,Paper Item 965,Office Supplies,Paper,249.68,8,0.15,7.55,Cleveland,Ohio,Central
2425,US-2024-102413,2024-12-25,2024-12-26,Standard Class,Richard Smith,Consumer,Art Item 772,Office Supplies,Art,183.36,4,0.15,3.11,Seattle,Washington,West
2426,US-2022-101218,2022-03-22,2022-03-28,Same Day,Mary Wilson,Corporate,Labels Item 312,Office Supplies,Labels,168.77,7,0.2,1.33,Eugene,Oregon,West
2427,US-2023-102095,2023-01-02,2023-01-06,Standard Class,John Kim,Consumer,Labels Item 758,Office Supplies,Labels,17.95,1,0.1,3.23,Worcester,Massachusetts,East
2428,US-2023-100254,08/25/2023,2023-08-27,Same Day,Sarah Kim,Home Office,Laptops Item 109,Technology,Laptops,12238.02,6,0.0,3848.95,Orlando,Florida,South
2429,US-2024-102303,2024-04-28,2024-04-29,First Class,Jennifer Lee,Corporate,Printers Item 564,Technology,Printers,470.67,1,0.1,103.26,Las Vegas,Nevada,West
2430,US-2024-100719,2024-10-28,2024-10-29,Second Class,Susan Anderson,Home Office,Binders Item 915,Office Supplies,Binders,123.3,6,0.1,22.31,Ann Arbor,Michigan,Central
2431,US-2024-102636,2024-07-14,2024-07-20,Same Day,Joseph Lee,Corporate,Bookcases Item 481,Furniture,Bookcases,997.3,5,0.1,65.64,Pittsburgh,Pennsylvania,East
2432,US-2024-100213,2024-08-13,2024-08-16,Same Day,Amara Jones,Consumer,Storage Item 107,Office Supplies,Storage,205.2,8,0.0,53.33,Cleveland,Ohio,Central
2433,US-2022-103384,2022-11-16,2022-08-20,Second Class,Priya Anderson,Consumer,Storage Item 839,Office Supplies,Storage,781.56,4,0.0,153.54,Ann Arbor,Michigan,Central
2434,US-2022-100703,2022-11-23,2022-06-24,Second Class,Mary Khan,Corporate,Bookcases Item 643,Furniture,Bookcases,983.12,2,0.1,132.65,Buffalo,New York,East
2435,US-2022-101033,2022-11-14,2022-05-15,Standard Class,Mary Smith,Consumer,Labels Item 439,Office Supplies,Labels,3.2,1,0.15,0.46,Jersey City,New Jersey,
2436,US-2023-100236,2023-11-24,2023-11-29,Standard Class,David Khan,Home Office,Binders Item 844,Office Supplies,Binders,14.76,4,0.5,-3.04,San Francisco,California,West
2437,US-2022-103472,2022-12-24,2022-12-26,Same Day,Mary Ali,Consumer,Phones Item 898,Technology,Phones,5238.08,8,0.0,834.91,Tampa,Florida,South
2438,US-2024-100786,2024-02-09,2024-02-16,Same Day,Patricia Anderson,Consumer,Accessories Item 639,Technology,Accessories,737.04,8,0.1,54.25,Savannah,Georgia,South
2439,US-2024-101606,2024-08-11,2024-08-12,Same Day,Robert Davis,Home Office,Paper Item 499,Office Supplies,Paper,40.45,5,0.1,7.07,Austin,Texas,Central
2440,US-2024-103107,2024-05-24,2024-05-28,Standard Class,David Lee,Corporate,Binders Item 755,Office Supplies,Binders,181.02,7,0.3,-19.89,Philadelphia,Pennsylvania,East
2441,US-2024-100269,2024-11-11,2024-11-12,Same Day,Joseph Jones,Home Office,Bookcases Item 110,Furniture,Bookcases,1820.34,3,0.1,162.87,Savannah,Georgia,South
2442,US-2022-103316,2022-01-20,2022-01-27,Second Class,Sarah Chen,Corporate,Storage Item 909,Office Supplies,Storage,91.22,1,0.2,-3.86,Savannah,Georgia,South
2443,US-2024-102928,2024-11-07,2024-06-13,Standard Class,Mei Thomas,Home Office,Paper Item 464,Office Supplies,Paper,104.76,6,0.5,-25.93,Portland,Oregon,West
2444,US-2023-100146,2023-05-22,2023-05-25,Standard Class,Priya Anderson,Corporate,Tables Item 456,Furniture,Tables,870.8,7,0.0,137.12,Austin,Texas,Central
2445,US-2022-101040,2022-12-08,2022-12-09,Second Class,Mary Davis,Corporate,Binders Item 559,Office Supplies,Binders,473.12,8,0.0,144.02,Springfield,Illinois,Central
2446,US-2022-102547,2022-10-05,2022-10-06,Same Day,Robert Davis,Consumer,Labels Item 217,Office Supplies,Labels,169.52,8,0.15,1.46,Worcester,Massachusetts,East
2447,US-2024-102102,2024-05-14,2024-05-17,First Class,Michael Torres,Corporate,Binders Item 715,Office Supplies,Binders,40.64,4,0.15,7.22,Cleveland,Ohio,Central
2448,US-2022-101825,2022-12-01,2022-12-03,Second Class,Amara Wilson,Home Office,Paper Item 411,Office Supplies,Paper,197.44,8,0.1,47.37,Houston,Texas,Central
2449,US-2023-100624,2023-11-24,2023-01-25,Standard Class,Mei Williams,Home Office,Laptops Item 842,Technology,Laptops,5089.92,8,0.0,796.6,Ann Arbor,Michigan,Central
2450,US-2024-101028,2024-05-12,2024-05-16,Same Day,Susan Torres,Corporate,Storage Item 497,Office Supplies,Storage,689.0,4,0.4,-107.62,Newark,New Jersey,East
2451,US-2024-100210,2024-07-02,2024-07-04,Same Day,Wei Johnson,Corporate,Paper Item 452,Office Supplies,Paper,165.36,6,0.1,31.5,Nashville,Tennessee,South
2452,US-2023-102874,2023-04-12,2023-04-18,Second Class,Sarah Williams,Home Office,Accessories Item 353,Technology,Accessories,522.0,5,0.0,180.61,Detroit,Michigan,Central
2453,US-2022-103213,2022-03-27,2022-03-31,Second Class,Mary Johnson,Consumer,Labels Item 155,Office Supplies,Labels,36.09,3,0.0,6.55,Newark,New Jersey,East
2454,US-2022-103263,2022-08-03,2022-08-05,Same Day,Wei Miller,Home Office,Labels Item 461,Office Supplies,Labels,17.65,5,0.0,6.17,Detroit,Michigan,Central
2455,US-2022-101766,2022-01-10,2022-01-11,First Class,Amara Garcia,Consumer,Laptops Item 768,Technology,Laptops,6307.42,7,0.0,1953.15,Philadelphia,Pennsylvania,East
2456,US-2022-100994,2022-10-03,2022-10-06,Second Class,,Home Office,Bookcases Item 231,Furniture,Bookcases,1062.64,2,0.4,-202.65,Columbus,Ohio,Central
2457,US-2023-103441,2023-11-02,2023-11-06,Same Day,Carlos Martinez,Consumer,Tables Item 383,Furniture,Tables,1427.58,2,0.0,272.92,Pittsburgh,Pennsylvania,East
2458,US-2024-100350,2024-12-08,2024-12-10,Same Day,Jennifer Rodriguez,Home Office,Paper Item 678,Office Supplies,Paper,23.61,3,0.0,5.81,Philadelphia,Pennsylvania,East
2459,US-2023-102453,2023-04-30,2023-05-02,First Class,Robert Davis,Corporate,Art Item 108,Office Supplies,Art,372.25,5,0.0,67.88,San Francisco,California,West
2460,US-2024-100932,2024-07-23,2024-07-25,Standard Class,Carlos Miller,Home Office,Paper Item 384,Office Supplies,Paper,34.96,4,0.0,9.05,Pittsburgh,Pennsylvania,East
2461,US-2023-100863,2023-11-23,2023-11-30,Second Class,Patricia Taylor,Corporate,Printers Item 805,Technology,Printers,2199.6,5,0.1,115.39,Nashville,Tennessee,South
2462,US-2023-102805,2023-08-10,2023-08-11,Same Day,Robert Walker,Corporate,Storage Item 362,Office Supplies,Storage,392.28,4,0.3,-34.58,Memphis,Tennessee,South
2463,US-2022-101493,2022-11-27,2022-12-02,Second Class,David Ali,Corporate,Paper Item 790,Office Supplies,Paper,136.56,6,0.0,46.9,Eugene,Oregon,West
2464,US-2022-100629,2022-07-02,2022-07-03,First Class,Wei Lee,Corporate,Furnishings Item 866,Furniture,Furnishings,330.6,5,0.2,9.36,Raleigh,North Carolina,South
2465,US-2022-102640,2022-12-12,2022-12-19,Same Day,Michael Anderson,Corporate,Tables Item 369,Furniture,Tables,5111.64,6,0.4,-1131.69,Miami,Florida,South
2466,US-2023-100290,2023-12-28,2023-11-29,First Class,Mary Garcia,Home Office,Chairs Item 356,Furniture,Chairs,553.06,2,0.1,50.69,Portland,Oregon,West
2467,US-2023-100625,2023-09-23,2023-09-29,Standard Class,Susan Williams,Consumer,Art Item 227,Office Supplies,Art,444.36,6,0.1,72.58,Ann Arbor,Michigan,Central
2468,US-2023-100014,2023-06-21,2023-06-26,Same Day,Mary Rodriguez,Consumer,Furnishings Item 791,Furniture,Furnishings,395.52,6,0.15,34.75,Orlando,Florida,South
2469,US-2022-102035,2022-07-12,2022-07-15,Second Class,Michael Williams,Consumer,Binders Item 166,Office Supplies,Binders,124.23,3,0.4,-14.98,Buffalo,New York,East
2470,US-2024-102293,2024-02-22,2024-02-28,Same Day,Wei Wilson,Consumer,Laptops Item 288,Technology,Laptops,8224.9,5,0.0,2822.19,Philadelphia,Pennsylvania,East
2471,US-2023-101023,2023-10-21,2023-10-24,Standard Class,Wei Lee,Consumer,Phones Item 800,Technology,Phones,2385.3,3,0.2,177.85,San Diego,California,West
2472,US-2022-101490,2022-07-02,2022-07-06,Second Class,Fatima Jones,Corporate,Printers Item 536,Technology,Printers,3567.36,8,0.4,-342.28,Memphis,Tennessee,South
2473,US-2024-101433,2024-11-02,2024-06-08,Second Class,,Home Office,Labels Item 914,Office Supplies,Labels,12.04,1,0.0,3.2,Chicago,Illinois,Central
2474,US-2024-102645,2024-08-28,2024-08-29,First Class,Sarah Lee,Home Office,Chairs Item 582,Furniture,Chairs,512.75,5,0.0,150.8,San Diego,California,West
2475,US-2024-100586,2024-03-05,2024-03-12,First Class,Michael Kim,Home Office,Labels Item 575,Office Supplies,Labels,32.38,2,0.0,11.21,Atlanta,Georgia,South
2476,US-2022-102894,2022-08-10,2022-08-11,Second Class,Wei Chen,Consumer,Tables Item 361,Furniture,Tables,947.1,3,0.0,297.33,San Diego,California,West
2477,US-2022-102930,2022-11-05,2022-12-11,Second Class,Wei Johnson,Corporate,Phones Item 958,Technology,Phones,824.9,5,0.0,220.51,Houston,Texas,Central
2478,US-2024-100162,2024-10-23,2024-10-30,Same Day,Linda Williams,Home Office,Phones Item 511,Technology,Phones,4516.05,7,0.1,433.48,San Francisco,California,West
2479,US-2023-102485,2023-10-16,2023-10-21,Second Class,Patricia Anderson,Corporate,Printers Item 790,Technology,Printers,2888.55,5,0.15,203.41,Las Vegas,Nevada,West
2480,US-2023-100837,2023-11-21,2023-11-26,Standard Class,Jennifer Chen,Consumer,Laptops Item 856,Technology,Laptops,9812.5,5,0.0,3053.5,Memphis,Tennessee,South
2481,US-2023-100827,2023-12-25,2023-12-30,Standard Class,Wei Thomas,Corporate,Storage Item 211,Office Supplies,Storage,63.68,1,0.15,3.63,Albany,New York,East
2482,US-2022-100441,2022-11-15,2022-02-22,Second Class,Jennifer Martinez,Home Office,Chairs Item 443,Furniture,Chairs,808.35,5,0.0,229.88,Jersey City,New Jersey,East
2483,US-2023-101891,2023-02-26,2023-03-05,Second Class,Amara Nguyen,Consumer,Printers Item 973,Technology,Printers,2014.25,7,0.3,-230.92,Chicago,Illinois,Central
2484,US-2022-103149,2022-06-02,2022-06-05,Standard Class,Carlos Patel,Consumer,Paper Item 596,Office Supplies,Paper,30.62,2,0.15,0.05,Pittsburgh,Pennsylvania,East
2485,US-2023-101860,2023-03-05,2023-03-06,Standard Class,Diego Torres,Consumer,Accessories Item 415,Technology,Accessories,431.94,6,0.5,-150.22,Worcester,Massachusetts,East
2486,US-2024-100530,2024-01-05,2024-01-08,First Class,Jessica Torres,Consumer,Laptops Item 947,Technology,Laptops,1263.78,1,0.5,-346.91,Reno,Nevada,West
2487,US-2024-103188,2024-07-15,2024-07-19,Second Class,Sarah Jones,Home Office,Printers Item 463,Technology,Printers,1322.02,7,0.15,-9.41,Springfield,Illinois,Central
2488,US-2022-101681,2022-10-24,2022-10-28,Second Class,Priya Torres,Corporate,Accessories Item 860,Technology,Accessories,121.47,1,0.15,4.78,Columbus,Ohio,Central
2489,US-2024-103403,2024-12-24,2024-07-29,Same Day,Michael Kim,Home Office,Laptops Item 758,Technology,Laptops,5899.25,5,0.0,1828.4,Columbus,Ohio,Central
2490,US-2022-102809,2022-01-06,2022-01-09,Standard Class,Robert Nguyen,Home Office,Art Item 703,Office Supplies,Art,70.78,1,0.0,14.06,Boston,Massachusetts,East
2491,US-2022-102652,2022-03-03,2022-03-06,Same Day,Michael Patel,Consumer,Tables Item 884,Furniture,Tables,4966.57,7,0.0,1632.32,Memphis,Tennessee,South
2492,US-2023-102200,2023-03-16,2023-03-18,First Class,Linda Garcia,Corporate,Storage Item 393,Office Supplies,Storage,325.01,7,0.4,-86.0,Ann Arbor,Michigan,Central
2493,US-2024-102132,2024-10-21,2024-10-24,Second Class,Fatima Thomas,Corporate,Phones Item 406,Technology,Phones,2305.6,5,0.1,270.8,Detroit,Michigan,Central
2494,US-2022-102797,02/07/2022,2022-02-08,Standard Class,Wei Martinez,Consumer,Binders Item 276,Office Supplies,Binders,20.31,3,0.1,4.76,Jersey City,New Jersey,East
2495,US-2023-101880,2023-01-02,2023-01-08,First Class,Michael Williams,Consumer,Labels Item 846,Office Supplies,Labels,71.34,6,0.0,22.56,Los Angeles,California,West
2496,US-2023-102177,2023-07-22,2023-07-25,Standard Class,Sarah Khan,Home Office,Bookcases Item 899,Furniture,Bookcases,673.54,2,0.0,230.07,San Francisco,California,West
2497,US-2024-101015,2024-02-12,2024-02-15,Second Class,Linda Brown,Corporate,Chairs Item 714,Furniture,Chairs,1210.09,7,0.3,-59.49,Springfield,Illinois,Central
2498,US-2022-100771,2022-04-13,2022-04-19,Second Class,Richard Singh,Consumer,Furnishings Item 217,Furniture,Furnishings,1281.56,7,0.0,219.63,Savannah,Georgia,South
2499,US-2023-100214,2023-07-21,2023-07-27,First Class,Mei Brown,Corporate,Art Item 771,Office Supplies,Art,76.22,2,0.0,24.97,Cleveland,Ohio,Central
2500,US-2022-100746,2022-09-09,2022-09-10,Second Class,Wei Jones,Corporate,Labels Item 284,Office Supplies,Labels,14.92,2,0.0,3.35,Houston,Texas,Central
2501,US-2023-100724,2023-08-11,2023-08-15,Same Day,Carlos Walker,Corporate,Art Item 475,Office Supplies,Art,56.95,1,0.1,11.82,Atlanta,Georgia,South
2502,US-2024-103252,2024-11-16,2024-11-22,Standard Class,Diego Lee,Home Office,Printers Item 853,Technology,Printers,980.16,3,0.2,-66.66,Eugene,Oregon,West
2503,US-2024-100833,11/01/2024,2024-11-02,First Class,Aiden Singh,Home Office,Art Item 335,Office Supplies,Art,476.46,6,0.0,152.6,Spokane,Washington,West
2504,US-2024-102818,2024-09-30,2024-10-07,First Class,Wei Williams,Home Office,Chairs Item 432,Furniture,Chairs,846.42,6,0.3,-142.71,Savannah,Georgia,South
2505,US-2024-101617,2024-02-09,2024-02-14,Standard Class,Elizabeth Khan,Home Office,Art Item 287,Office Supplies,Art,187.2,8,0.3,-31.53,Eugene,Oregon,West
2506,US-2023-101827,2023-08-18,2023-08-19,Same Day,Carlos Martinez,Consumer,Furnishings Item 493,Furniture,Furnishings,210.34,1,0.0,38.73,Philadelphia,Pennsylvania,East
2507,US-2022-101708,2022-12-17,2022-09-20,First Class,Jessica Miller,Consumer,Storage Item 195,Office Supplies,Storage,1279.92,8,0.15,125.73,Memphis,Tennessee,South
2508,US-2024-100323,2024-08-17,2024-08-20,Second Class,Sarah Williams,Home Office,Labels Item 258,Office Supplies,Labels,28.5,6,0.0,9.35,Detroit,Michigan,Central
2509,US-2024-101145,2024-12-15,2024-09-22,Standard Class,,Corporate,Paper Item 269,Office Supplies,Paper,20.32,1,0.0,3.84,Chicago,Illinois,Central
2510,US-2022-101795,2022-02-17,2022-02-22,First Class,Robert Jones,Consumer,Phones Item 805,Technology,Phones,733.5,3,0.1,58.15,Albany,New York,East
2511,US-2024-101735,2024-12-19,2024-07-25,Same Day,David Jones,Corporate,Storage Item 341,Office Supplies,Storage,1019.46,6,0.0,187.53,New York City,New York,East
2512,US-2023-102034,2023-11-18,2023-11-23,First Class,Diego Martinez,Corporate,Binders Item 139,Office Supplies,Binders,20.36,2,0.1,4.8,Houston,Texas,Central
2513,US-2022-101622,2022-08-13,2022-08-18,Standard Class,Fatima Davis,Corporate,Labels Item 734,Office Supplies,Labels,28.88,2,0.5,-7.53,Spokane,Washington,West
2514,US-2024-101061,2024-12-02,2024-10-06,First Class,Susan Davis,Corporate,Tables Item 498,Furniture,Tables,4457.28,6,0.0,1118.96,Portland,Oregon,West
2515,US-2023-103027,2023-05-06,2023-05-09,Second Class,Linda Martinez,Consumer,Phones Item 197,Technology,Phones,1103.54,2,0.1,131.14,Eugene,Oregon,West
2516,US-2023-100249,2023-12-05,2023-04-11,Same Day,Jennifer Garcia,Home Office,Furnishings Item 903,Furniture,Furnishings,308.48,2,0.15,0.17,Chicago,Illinois,Central
2517,US-2024-100239,2024-07-04,2024-07-07,Standard Class,Amara Brown,Home Office,Furnishings Item 769,Furniture,Furnishings,73.94,2,0.3,-5.12,Atlanta,Georgia,South
2518,US-2022-103204,2022-09-10,2022-09-16,Second Class,Jessica Miller,Corporate,Binders Item 560,Office Supplies,Binders,87.04,4,0.0,18.53,Nashville,Tennessee,South
2519,US-2024-102172,2024-06-14,2024-06-18,First Class,Patricia Torres,Home Office,Laptops Item 817,Technology,Laptops,13138.16,7,0.0,4142.04,Orlando,Florida,South
2520,US-2022-100789,2022-06-23,2022-06-24,First Class,Jessica Miller,Corporate,Labels Item 708,Office Supplies,Labels,20.32,8,0.3,-1.05,Orlando,Florida,South
2521,US-2024-102917,2024-02-26,2024-02-28,First Class,Patricia Brown,Home Office,Paper Item 148,Office Supplies,Paper,264.08,8,0.1,33.38,Ann Arbor,Michigan,Central
2522,US-2024-101053,2024-08-09,2024-08-13,Second Class,Michael Miller,Home Office,Furnishings Item 868,Furniture,Furnishings,1619.6,8,0.3,-188.92,Memphis,Tennessee,South
2523,US-2022-103239,2022-12-20,2022-12-23,Standard Class,Robert Johnson,Corporate,Accessories Item 999,Technology,Accessories,329.6,4,0.0,57.16,Boston,Massachusetts,
2524,US-2023-100336,2023-11-16,2023-11-19,Same Day,Jennifer Ali,Consumer,Art Item 990,Office Supplies,Art,36.0,2,0.2,3.94,Austin,Texas,Central
2525,US-2022-102808,2022-08-13,2022-08-17,First Class,Wei Khan,Home Office,Laptops Item 786,Technology,Laptops,5791.7,5,0.15,884.79,Jersey City,New Jersey,East
2526,US-2023-103039,2023-08-28,2023-08-30,Standard Class,Linda Miller,Home Office,Labels Item 868,Office Supplies,Labels,18.86,2,0.0,4.88,Pittsburgh,Pennsylvania,East
2527,US-2024-102613,2024-08-19,2024-08-21,Second Class,Fatima Ali,Consumer,Accessories Item 537,Technology,Accessories,528.0,8,0.1,27.18,Dallas,Texas,Central
2528,US-2023-101418,2023-01-10,2023-01-13,First Class,Linda Torres,Home Office,Accessories Item 732,Technology,Accessories,262.8,4,0.3,1.03,Miami,Florida,South
2529,US-2024-100828,2024-01-31,2024-02-07,Same Day,Jennifer Singh,Home Office,Tables Item 536,Furniture,Tables,680.44,4,0.0,229.57,Las Vegas,Nevada,West
2530,US-2024-101702,2024-09-12,2024-09-16,First Class,Mary Rodriguez,Corporate,Printers Item 263,Technology,Printers,4195.94,7,0.0,903.5,New York City,New York,East
2531,US-2022-100703,2022-06-23,2022-06-24,Second Class,Mary Khan,Corporate,Bookcases Item 643,Furniture,Bookcases,983.12,2,0.1,132.65,Buffalo,New York,East
2532,US-2024-103404,2024-03-16,2024-03-22,First Class,Patricia Williams,Consumer,Art Item 905,Office Supplies,Art,483.68,8,0.0,113.79,Dallas,Texas,Central
2533,US-2023-101382,2023-04-22,2023-04-23,Standard Class,David Garcia,Home Office,Printers Item 490,Technology,Printers,1224.24,3,0.0,293.25,Newark,New Jersey,East
2534,US-2022-101823,2022-09-27,2022-10-03,Second Class,James Brown,Corporate,Art Item 203,Office Supplies,Art,310.2,5,0.0,56.11,Pittsburgh,Pennsylvania,East
2535,US-2022-103050,2022-07-22,2022-07-26,Second Class,Michael Williams,Corporate,Bookcases Item 635,Furniture,Bookcases,202.88,1,0.0,65.91,Springfield,Illinois,Central
2536,US-2022-102254,2022-05-15,2022-05-19,First Class,Robert Nguyen,Consumer,Phones Item 589,Technology,Phones,3504.8,5,0.0,542.51,Tampa,Florida,South
2537,US-2022-103092,2022-07-19,2022-07-23,Same Day,Linda Torres,Corporate,Phones Item 528,Technology,Phones,949.0,4,0.5,-195.47,Tampa,Florida,South
2538,US-2022-100108,2022-06-11,2022-06-15,First Class,Jennifer Chen,Home Office,Bookcases Item 841,Furniture,Bookcases,2086.2,4,0.0,411.92,Nashville,Tennessee,South
2539,US-2023-101755,2023-11-16,2023-11-21,Same Day,Wei Williams,Consumer,Printers Item 282,Technology,Printers,1561.92,3,0.15,-3.94,Cleveland,Ohio,Central
2540,US-2024-103252,2024-12-16,2024-11-22,Standard Class,Diego Lee,Home Office,Printers Item 853,Technology,Printers,980.16,3,0.2,-66.66,Eugene,Oregon,West
2541,US-2023-100940,2023-07-06,2023-07-08,First Class,Wei Martinez,Corporate,Furnishings Item 479,Furniture,Furnishings,619.08,7,0.2,26.62,Philadelphia,Pennsylvania,East
2542,US-2023-103399,2023-10-18,2023-10-20,First Class,Michael Rodriguez,Corporate,Furnishings Item 788,Furniture,Furnishings,1447.02,6,0.0,307.59,Cleveland,Ohio,Central
2543,US-2024-101232,2024-10-15,2024-10-18,First Class,James Williams,Home Office,Storage Item 525,Office Supplies,Storage,1042.64,8,0.15,103.09,New York City,New York,East
2544,US-2023-100013,2023-12-08,2023-04-15,Same Day,Wei Lee,Corporate,Art Item 192,Office Supplies,Art,78.42,2,0.0,24.08,Raleigh,North Carolina,South
2545,US-2023-102937,2023-10-18,2023-10-22,First Class,Wei Torres,Home Office,Storage Item 656,Office Supplies,Storage,393.57,3,0.1,81.07,Portland,Oregon,West
2546,US-2024-100455,2024-01-11,2024-01-16,Same Day,Diego Walker,Corporate,Art Item 989,Office Supplies,Art,48.92,2,0.15,2.98,New York City,New York,East
2547,US-2023-102238,2023-02-03,2023-02-10,Second Class,Carlos Thomas,Home Office,Phones Item 618,Technology,Phones,4563.37,7,0.0,1126.06,Reno,Nevada,West
2548,US-2024-103409,2024-08-15,2024-08-21,Standard Class,Mei Miller,Consumer,Storage Item 524,Office Supplies,Storage,58.58,1,0.2,6.82,Boston,Massachusetts,East
2549,US-2022-100575,2022-05-19,2022-05-24,Second Class,Robert Davis,Consumer,Binders Item 752,Office Supplies,Binders,102.96,2,0.0,33.3,Reno,Nevada,West
2550,US-2023-102604,2023-11-02,2023-06-09,First Class,Robert Davis,Home Office,Tables Item 753,Furniture,Tables,3707.35,5,0.3,-345.13,Orlando,Florida,South
2551,US-2023-100385,2023-03-03,2023-03-10,Same Day,Wei Smith,Home Office,Furnishings Item 906,Furniture,Furnishings,690.76,7,0.0,217.07,Atlanta,Georgia,South
2552,US-2024-101729,2024-11-07,2024-06-13,First Class,Wei Chen,Home Office,Printers Item 112,Technology,Printers,1020.57,3,0.0,294.1,Newark,New Jersey,East
2553,US-2024-101867,2024-02-03,2024-02-04,First Class,Aiden Patel,Home Office,Accessories Item 353,Technology,Accessories,145.08,2,0.1,20.36,Chicago,Illinois,Central
2554,US-2024-103443,2024-02-05,2024-02-10,Same Day,Fatima Ali,Corporate,Laptops Item 651,Technology,Laptops,8391.0,4,0.15,1437.77,Austin,Texas,Central
2555,US-2024-101405,2024-06-21,2024-06-22,Second Class,Elizabeth Khan,Consumer,Chairs Item 133,Furniture,Chairs,1619.04,6,0.0,475.46,Portland,Oregon,West
2556,US-2022-100637,2022-04-04,2022-04-11,First Class,Robert Martinez,Consumer,Accessories Item 721,Technology,Accessories,119.18,1,0.15,-0.84,Nashville,Tennessee,South
2557,US-2023-100656,2023-10-06,2023-10-07,Standard Class,Amara Nguyen,Home Office,Laptops Item 311,Technology,Laptops,544.21,1,0.15,89.23,Seattle,Washington,West
2558,US-2022-100811,2022-09-14,2022-09-18,Same Day,Sarah Martinez,Consumer,Chairs Item 218,Furniture,Chairs,1852.83,7,0.2,-107.41,Newark,New Jersey,East
2559,US-2022-101692,2022-11-20,2022-11-27,Same Day,Mei Nguyen,Home Office,Laptops Item 981,Technology,Laptops,1824.28,4,0.0,368.35,Worcester,Massachusetts,East
2560,US-2022-102419,2022-12-07,2022-01-13,First Class,Wei Smith,Consumer,Paper Item 812,Office Supplies,Paper,65.36,4,0.1,8.02,Houston,Texas,Central
2561,US-2023-101209,2023-01-04,2023-01-09,Second Class,Sarah Miller,Consumer,Labels Item 151,Office Supplies,Labels,32.52,3,0.0,5.13,Reno,Nevada,West
2562,US-2023-102816,2023-05-06,2023-05-08,Same Day,Carlos Miller,Consumer,Printers Item 902,Technology,Printers,946.92,2,0.3,-60.14,San Francisco,California,West
2563,US-2024-102086,2024-12-21,2024-08-26,Same Day,Fatima Ali,Home Office,Chairs Item 854,Furniture,Chairs,551.32,4,0.0,191.57,Buffalo,New York,East
2564,US-2023-100778,2023-03-28,2023-04-03,Second Class,Linda Walker,Corporate,Phones Item 131,Technology,Phones,963.18,3,0.5,-344.42,Detroit,Michigan,Central
2565,US-2022-101083,2022-01-28,2022-02-02,Standard Class,Wei Chen,Corporate,Furnishings Item 826,Furniture,Furnishings,898.8,7,0.0,310.82,Miami,Florida,South
2566,US-2023-100617,2023-05-03,2023-05-09,Same Day,Jennifer Ali,Consumer,Printers Item 384,Technology,Printers,763.24,4,0.15,-6.7,Ann Arbor,Michigan,Central
2567,US-2023-101938,2023-11-11,2023-11-16,First Class,Jessica Thomas,Corporate,Art Item 903,Office Supplies,Art,8.14,1,0.0,1.9,Charlotte,North Carolina,South
2568,US-2024-103009,2024-07-15,2024-07-18,Second Class,Amara Ali,Corporate,Binders Item 836,Office Supplies,Binders,52.75,5,0.0,13.68,Memphis,Tennessee,South
2569,US-2023-100401,2023-12-08,2023-12-09,First Class,Robert Wilson,Consumer,Paper Item 271,Office Supplies,Paper,115.52,4,0.15,1.79,Savannah,Georgia,South
2570,US-2024-101173,2024-04-04,2024-04-06,Second Class,James Lee,Home Office,Art Item 752,Office Supplies,Art,151.26,2,0.2,9.64,Eugene,Oregon,West
2571,US-2024-102382,2024-05-27,2024-05-28,Same Day,Michael Kim,Corporate,Printers Item 886,Technology,Printers,1889.52,4,0.2,-38.32,Columbus,Ohio,Central
2572,US-2023-100643,2023-10-04,2023-10-08,Standard Class,Diego Torres,Consumer,Binders Item 704,Office Supplies,Binders,129.66,6,0.0,32.87,Portland,Oregon,
2573,US-2024-102376,2024-07-11,2024-07-13,First Class,,Consumer,Storage Item 243,Office Supplies,Storage,156.26,2,0.0,37.32,Savannah,Georgia,South
2574,US-2022-103209,2022-12-24,2022-12-31,Second Class,Diego Torres,Corporate,Tables Item 665,Furniture,Tables,2859.08,7,0.4,-305.68,Dallas,Texas,Central
2575,US-2024-102134,2024-10-14,2024-10-18,First Class,Sarah Smith,Consumer,Furnishings Item 192,Furniture,Furnishings,1183.63,7,0.0,192.09,Boston,Massachusetts,East
2576,US-2022-102571,2022-09-22,2022-09-23,Same Day,Richard Davis,Consumer,Labels Item 173,Office Supplies,Labels,121.92,8,0.0,21.36,Raleigh,North Carolina,South
2577,US-2022-100380,2022-03-01,2022-03-05,Standard Class,Priya Khan,Corporate,Accessories Item 155,Technology,Accessories,1081.12,8,0.0,332.68,Chicago,Illinois,Central
2578,US-2023-102722,2023-10-04,2023-10-06,Second Class,Joseph Brown,Home Office,Labels Item 770,Office Supplies,Labels,10.16,2,0.5,-2.13,Reno,Nevada,West
2579,US-2023-101122,2023-04-21,2023-04-22,Standard Class,Susan Williams,Home Office,Labels Item 554,Office Supplies,Labels,107.8,7,0.1,25.77,Worcester,Massachusetts,East
2580,US-2023-101260,2023-10-13,2023-10-15,Same Day,Carlos Khan,Home Office,Printers Item 687,Technology,Printers,1750.48,4,0.3,-62.07,Las Vegas,Nevada,West
2581,US-2022-100946,2022-11-28,2022-07-04,Second Class,Wei Lee,Home Office,Paper Item 659,Office Supplies,Paper,28.85,5,0.15,1.88,Eugene,Oregon,West
2582,US-2024-102698,2024-09-04,2024-09-07,Second Class,Fatima Ali,Corporate,Printers Item 963,Technology,Printers,1360.11,3,0.1,155.61,Newark,New Jersey,East
2583,US-2024-103025,2024-03-23,2024-03-25,Second Class,Joseph Nguyen,Home Office,Paper Item 400,Office Supplies,Paper,230.72,7,0.0,77.81,Ann Arbor,Michigan,Central
2584,US-2023-100278,2023-02-19,2023-02-24,Same Day,Wei Smith,Home Office,Printers Item 198,Technology,Printers,1607.58,3,0.0,370.86,Detroit,Michigan,Central
2585,US-2022-102495,2022-12-20,2022-12-23,Standard Class,Richard Rodriguez,Consumer,Phones Item 868,Technology,Phones,2095.32,3,0.0,636.87,Nashville,Tennessee,South
2586,US-2023-102597,2023-09-18,2023-09-20,Second Class,William Miller,Corporate,Paper Item 621,Office Supplies,Paper,248.64,8,0.0,83.51,Miami,Florida,South
2587,US-2024-102002,2024-10-31,2024-11-04,Same Day,Michael Thomas,Home Office,Art Item 951,Office Supplies,Art,248.04,4,0.5,-91.58,Nashville,Tennessee,South
2588,US-2023-101230,2023-11-02,2023-11-06,Standard Class,Amara Walker,Home Office,Labels Item 978,Office Supplies,Labels,105.92,8,0.2,1.1,Los Angeles,California,West
2589,US-2023-102852,2023-12-20,2023-07-27,First Class,James Lee,Corporate,Bookcases Item 357,Furniture,Bookcases,860.1,2,0.0,172.42,Albany,New York,East
2590,US-2024-103212,2024-05-15,2024-05-20,Same Day,David Khan,Corporate,Art Item 150,Office Supplies,Art,56.22,6,0.0,11.38,San Diego,California,West
2591,US-2024-100757,2024-10-08,2024-10-12,Standard Class,Mei Wilson,Corporate,Accessories Item 222,Technology,Accessories,575.08,4,0.0,88.36,Reno,Nevada,West
2592,US-2024-101296,2024-04-30,2024-05-03,Same Day,Amara Chen,Consumer,Chairs Item 834,Furniture,Chairs,843.84,2,0.1,169.44,Houston,Texas,Central
2593,US-2024-102624,2024-04-03,2024-04-07,Second Class,David Garcia,Consumer,Binders Item 714,Office Supplies,Binders,145.41,3,0.15,22.96,Chicago,Illinois,Central
2594,US-2023-103062,2023-01-31,2023-02-04,Second Class,Linda Ali,Home Office,Labels Item 913,Office Supplies,Labels,12.54,6,0.3,0.25,Austin,Texas,Central
2595,US-2023-102623,2023-12-02,2023-12-04,Same Day,Richard Rodriguez,Consumer,Storage Item 861,Office Supplies,Storage,1033.83,7,,275.43,Buffalo,New York,East
2596,US-2022-100672,2022-01-05,2022-01-11,Same Day,James Wilson,Corporate,Printers Item 758,Technology,Printers,2657.5,5,0.0,785.12,Chicago,Illinois,Central
2597,US-2024-103090,2024-11-06,2024-11-07,Standard Class,Diego Thomas,Consumer,Storage Item 297,Office Supplies,Storage,51.57,1,0.0,11.02,San Diego,California,West
2598,US-2022-102179,2022-03-17,2022-03-21,Standard Class,Mei Taylor,Corporate,Bookcases Item 410,Furniture,Bookcases,1516.9,7,0.2,83.63,Raleigh,North Carolina,South
2599,US-2022-102908,2022-09-30,2022-10-01,First Class,Mei Taylor,Home Office,Phones Item 300,Technology,Phones,405.1,2,0.0,65.35,Atlanta,Georgia,South
2600,US-2023-101411,2023-05-30,2023-06-02,Second Class,Jennifer Wilson,Corporate,Tables Item 281,Furniture,Tables,3363.84,4,0.5,-1191.69,Tampa,Florida,South
2601,US-2022-101327,2022-04-08,2022-04-15,First Class,William Singh,Home Office,Printers Item 382,Technology,Printers,1089.2,4,0.0,174.79,Nashville,Tennessee,South
2602,US-2022-100582,2022-02-14,2022-02-16,First Class,Sarah Williams,Consumer,Storage Item 951,Office Supplies,Storage,308.0,4,0.0,92.0,Pittsburgh,Pennsylvania,East
2603,US-2024-101223,2024-03-09,2024-03-11,First Class,Michael Lee,Corporate,Art Item 987,Office Supplies,Art,190.15,5,0.4,-43.65,Dallas,Texas,Central
2604,US-2023-101740,2023-09-12,2023-09-17,Second Class,Mary Taylor,Consumer,Accessories Item 811,Technology,Accessories,470.34,6,0.3,-46.86,Jersey City,New Jersey,East
2605,US-2022-102488,2022-11-04,2022-07-10,First Class,Fatima Williams,Home Office,Labels Item 822,Office Supplies,Labels,39.0,5,0.15,2.9,Buffalo,New York,East
2606,US-2024-100552,2024-12-25,2024-12-27,Standard Class,Mei Wilson,Consumer,Chairs Item 351,Furniture,Chairs,897.74,2,0.15,153.11,Spokane,Washington,West
2607,US-2024-102197,2024-08-22,2024-08-29,First Class,John Patel,Consumer,Printers Item 618,Technology,Printers,1662.8,4,0.3,-284.14,Spokane,Washington,West
2608,US-2024-101404,2024-12-01,2024-02-02,Second Class,Carlos Patel,Consumer,Labels Item 935,Office Supplies,Labels,19.42,1,0.0,3.54,Miami,Florida,South
2609,US-2024-100394,2024-11-22,2024-01-23,Standard Class,Aiden Khan,Corporate,Storage Item 821,Office Supplies,Storage,860.51,7,0.4,-180.56,Las Vegas,Nevada,West
2610,US-2022-100103,2022-11-20,2022-08-21,Same Day,Joseph Nguyen,Consumer,Accessories Item 311,Technology,Accessories,284.7,3,0.0,43.23,Nashville,Tennessee,South
2611,US-2023-102784,2023-05-13,2023-05-17,Standard Class,Michael Rodriguez,Home Office,Bookcases Item 370,Furniture,Bookcases,1535.85,3,0.15,199.76,Columbus,Ohio,Central
2612,US-2024-100041,2024-07-11,2024-07-12,First Class,James Ali,Home Office,Furnishings Item 761,Furniture,Furnishings,655.53,3,,-108.39,Las Vegas,Nevada,West
2613,US-2024-102410,2024-06-13,2024-06-15,Second Class,David Garcia,Corporate,Accessories Item 883,Technology,Accessories,134.35,1,0.15,3.34,Eugene,Oregon,West
2614,US-2022-102373,2022-02-22,2022-02-28,Standard Class,Priya Taylor,Home Office,Binders Item 647,Office Supplies,Binders,65.08,4,0.0,10.46,Reno,Nevada,West
2615,US-2022-102175,2022-12-12,2022-10-13,Second Class,,Consumer,Art Item 526,Office Supplies,Art,401.64,6,0.3,-21.57,Philadelphia,Pennsylvania,East
2616,US-2023-100862,2023-03-02,2023-03-09,Same Day,,Consumer,Phones Item 244,Technology,Phones,754.92,2,0.15,3.93,Eugene,Oregon,West
2617,US-2022-101444,2022-11-28,2022-12-03,Standard Class,John Thomas,Home Office,Tables Item 932,Furniture,Tables,1011.08,2,0.15,67.62,Tampa,Florida,South
2618,US-2023-102929,2023-09-22,2023-09-28,Same Day,Amara Torres,Consumer,Labels Item 597,Office Supplies,Labels,37.17,7,0.0,5.64,Memphis,Tennessee,South
2619,US-2023-103163,2023-10-30,2023-11-02,Standard Class,Robert Miller,Home Office,Furnishings Item 758,Furniture,Furnishings,309.92,8,0.1,24.38,Jersey City,New Jersey,East
2620,US-2024-102454,2024-10-25,2024-10-31,First Class,Diego Jones,Consumer,Accessories Item 306,Technology,Accessories,580.88,4,0.0,111.04,Los Angeles,California,West
2621,US-2024-100024,2024-12-22,2024-12-25,Same Day,Joseph Torres,Home Office,Labels Item 540,Office Supplies,Labels,55.02,6,0.1,7.92,Spokane,Washington,West
2622,US-2024-101101,2024-11-11,2024-12-17,First Class,Robert Walker,Consumer,Bookcases Item 528,Furniture,Bookcases,4799.34,7,0.0,826.18,Philadelphia,Pennsylvania,East
2623,US-2024-103015,2024-12-22,2024-12-28,Second Class,Patricia Torres,Consumer,Bookcases Item 648,Furniture,Bookcases,3158.4,6,0.2,-157.18,Detroit,Michigan,Central
2624,US-2023-101876,2023-12-16,2023-09-19,Same Day,Diego Kim,Corporate,Labels Item 400,Office Supplies,Labels,45.2,2,0.0,15.0,San Francisco,California,West
2625,US-2022-101304,2022-12-24,2022-12-28,Standard Class,Sarah Jones,Consumer,Labels Item 439,Office Supplies,Labels,24.64,8,0.0,5.06,Miami,Florida,South
2626,US-2024-100338,2024-10-30,2024-10-31,Second Class,David Wilson,Corporate,Art Item 905,Office Supplies,Art,286.24,8,0.2,36.2,Philadelphia,Pennsylvania,East
2627,US-2023-101167,2023-04-26,2023-04-30,First Class,Carlos Khan,Home Office,Tables Item 771,Furniture,Tables,2915.2,5,0.2,196.25,Portland,Oregon,West
2628,US-2023-101955,2023-04-25,2023-04-26,Same Day,Elizabeth Smith,Corporate,Accessories Item 900,Technology,Accessories,360.92,4,0.0,77.61,Philadelphia,Pennsylvania,East
2629,US-2023-102432,2023-04-09,2023-04-16,First Class,Amara Thomas,Consumer,Phones Item 861,Technology,Phones,1614.24,8,0.1,172.66,Tampa,Florida,South
2630,US-2022-102133,2022-12-07,2022-12-13,Second Class,James Thomas,Corporate,Accessories Item 760,Technology,Accessories,511.8,5,0.0,122.02,Chicago,Illinois,Central
2631,US-2024-103450,2024-11-30,2024-12-07,Same Day,Jennifer Chen,Corporate,Phones Item 455,Technology,Phones,2340.24,6,0.0,548.45,Los Angeles,California,West
2632,US-2022-100387,2022-05-06,2022-05-07,Second Class,Mary Taylor,Home Office,Printers Item 873,Technology,Printers,877.74,6,0.1,104.85,Tampa,Florida,South
2633,US-2023-103170,2023-05-12,2023-05-17,Same Day,Patricia Taylor,Consumer,Laptops Item 595,Technology,Laptops,2458.56,2,0.0,509.55,Nashville,Tennessee,South
2634,US-2022-102435,2022-09-17,2022-09-19,First Class,Carlos Anderson,Consumer,Laptops Item 419,Technology,Laptops,11789.12,8,0.0,3688.54,Detroit,Michigan,Central
2635,US-2024-103030,2024-04-29,2024-05-05,Standard Class,Joseph Jones,Consumer,Printers Item 987,Technology,Printers,1040.66,2,0.0,329.25,San Diego,California,West
2636,US-2022-101504,2022-11-19,2022-11-25,Second Class,Mary Singh,Consumer,Laptops Item 299,Technology,Laptops,8123.84,4,0.3,-1442.54,Houston,Texas,Central
2637,US-2024-101760,2024-03-30,2024-04-03,Second Class,Jennifer Lee,Consumer,Paper Item 336,Office Supplies,Paper,28.2,6,0.0,5.42,Eugene,Oregon,West
2638,US-2023-100716,2023-11-19,2023-11-20,Second Class,Diego Martinez,Consumer,Phones Item 654,Technology,Phones,982.1,2,0.1,140.56,Detroit,Michigan,Central
2639,US-2022-100232,2022-12-26,2022-08-27,Standard Class,Robert Miller,Consumer,Storage Item 779,Office Supplies,Storage,918.12,6,0.1,143.85,Seattle,Washington,West
2640,US-2023-102715,2023-01-28,2023-01-30,Second Class,Wei Smith,Corporate,Phones Item 468,Technology,Phones,3965.76,6,0.0,1162.75,Eugene,Oregon,West
2641,US-2023-101668,2023-10-10,2023-10-17,Second Class,Amara Davis,Consumer,Art Item 203,Office Supplies,Art,143.56,2,0.2,11.48,San Francisco,California,West
2642,US-2024-101700,2024-05-23,2024-05-25,Standard Class,Mary Garcia,Consumer,Laptops Item 455,Technology,Laptops,5937.54,7,0.4,-1037.05,Philadelphia,Pennsylvania,East
2643,US-2022-101757,2022-05-01,2022-05-03,Same Day,Sarah Chen,Consumer,Accessories Item 235,Technology,Accessories,1172.4,8,0.1,238.46,Chicago,Illinois,Central
2644,US-2023-103140,2023-12-25,2024-01-01,Same Day,Amara Rodriguez,Corporate,Accessories Item 546,Technology,Accessories,$256.24,2,0.2,-7.95,Albany,New York,East
2645,US-2022-101188,2022-09-10,2022-09-17,First Class,William Lee,Corporate,Laptops Item 487,Technology,Laptops,4834.02,3,0.2,-72.14,Orlando,Florida,South
2646,US-2024-100911,2024-10-18,2024-10-20,Second Class,Diego Rodriguez,Corporate,Bookcases Item 512,Furniture,Bookcases,1660.24,8,0.0,289.34,Orlando,Florida,South
2647,US-2022-101198,2022-10-08,2022-10-10,Same Day,Aiden Williams,Consumer,Binders Item 578,Office Supplies,Binders,107.48,2,0.0,23.56,Savannah,Georgia,South
2648,US-2024-100268,2024-04-09,2024-04-16,Second Class,Patricia Taylor,Home Office,Binders Item 366,Office Supplies,Binders,46.83,1,0.2,5.57,Boston,Massachusetts,East
2649,US-2022-103168,2022-12-05,2022-01-08,Second Class,Fatima Khan,Corporate,Bookcases Item 733,Furniture,Bookcases,922.96,4,0.15,123.63,Dallas,Texas,Central
2650,US-2023-100490,2023-10-04,2023-10-07,Same Day,Fatima Ali,Corporate,Paper Item 323,Office Supplies,Paper,41.72,2,0.2,2.06,Eugene,Oregon,West
2651,US-2023-101730,2023-07-03,2023-07-05,Standard Class,Susan Garcia,Home Office,Bookcases Item 385,Furniture,Bookcases,3073.32,6,0.1,521.63,Portland,Oregon,West
2652,US-2024-102106,2024-07-06,2024-07-07,First Class,Fatima Khan,Corporate,Laptops Item 949,Technology,Laptops,2949.35,5,0.2,138.97,Detroit,Michigan,Central
2653,US-2022-101246,2022-02-17,2022-02-22,Same Day,Mary Garcia,Corporate,Binders Item 755,Office Supplies,Binders,135.03,7,0.15,3.46,Jersey City,New Jersey,East
2654,US-2022-100893,2022-12-05,2022-12-09,Standard Class,Wei Brown,Consumer,Laptops Item 276,Technology,Laptops,9521.04,6,0.1,2085.33,Houston,Texas,Central
2655,US-2024-101225,2024-12-22,2024-12-27,Standard Class,Mary Anderson,Home Office,Bookcases Item 211,Furniture,Bookcases,578.7,5,0.1,62.78,Memphis,Tennessee,South
2656,US-2022-103312,2022-12-24,2022-12-29,First Class,Joseph Thomas,Corporate,Labels Item 140,Office Supplies,Labels,26.32,2,0.0,6.79,Reno,Nevada,West
2657,US-2023-102247,2023-07-05,2023-07-10,Second Class,Sarah Walker,Home Office,Laptops Item 448,Technology,Laptops,11370.4,8,0.3,-235.95,Chicago,Illinois,Central
2658,US-2022-100865,2022-01-28,2022-01-30,Standard Class,Amara Wilson,Consumer,Chairs Item 548,Furniture,Chairs,2927.05,7,0.0,799.21,Miami,Florida,South
2659,US-2023-101285,2023-03-16,2023-03-23,Same Day,Carlos Martinez,Home Office,Laptops Item 966,Technology,Laptops,11077.62,6,0.15,1892.56,Columbus,Ohio,Central
2660,US-2024-101354,2024-08-20,2024-08-27,Same Day,Carlos Thomas,Home Office,Printers Item 229,Technology,Printers,997.57,7,0.3,-126.58,Spokane,Washington,West
2661,US-2023-100457,2023-08-21,2023-08-26,Standard Class,Mei Miller,Consumer,Printers Item 884,Technology,Printers,$2427.36,6,0.0,562.86,Chicago,Illinois,Central
2662,US-2022-100204,2022-07-26,2022-08-02,First Class,James Singh,Corporate,Tables Item 998,Furniture,Tables,822.72,2,0.4,-236.81,Las Vegas,Nevada,West
2663,US-2022-102895,2022-12-22,2022-03-25,Standard Class,Robert Thomas,Corporate,Labels Item 142,Office Supplies,Labels,24.99,1,0.0,4.81,Las Vegas,Nevada,West
2664,US-2023-101172,12/02/2023,2023-12-04,Second Class,Jennifer Johnson,Home Office,Binders Item 459,Office Supplies,Binders,15.14,2,0.0,3.35,Austin,Texas,Central
2665,US-2023-100880,2023-07-23,2023-07-30,Second Class,David Smith,Corporate,Binders Item 957,Office Supplies,Binders,55.5,6,0.0,14.41,San Francisco,California,West
2666,US-2024-100767,2024-11-17,2024-11-19,Same Day,Elizabeth Lee,Consumer,Accessories Item 384,Technology,Accessories,771.82,7,0.5,-266.64,New York City,New York,East
2667,US-2022-102292,2022-11-14,2022-11-18,First Class,Elizabeth Singh,Consumer,Printers Item 104,Technology,Printers,1459.74,3,0.0,442.55,Savannah,Georgia,South
2668,US-2024-102307,2024-11-28,2024-03-01,Second Class,Mary Johnson,Corporate,Art Item 877,Office Supplies,Art,207.3,5,0.0,35.61,Houston,Texas,Central
2669,US-2022-100124,2022-11-18,2022-06-21,Second Class,Susan Davis,Home Office,Accessories Item 902,Technology,Accessories,279.8,4,0.2,34.51,Savannah,Georgia,South
2670,US-2024-101914,2024-04-07,2024-04-12,Standard Class,Jessica Khan,Home Office,Printers Item 716,Technology,Printers,2258.76,7,0.4,-437.24,Chicago,Illinois,Central
2671,US-2022-101709,2022-11-16,2022-01-19,Same Day,Joseph Lee,Consumer,Labels Item 541,Office Supplies,Labels,18.38,2,0.15,2.13,Worcester,Massachusetts,East
2672,US-2024-103328,2024-05-23,2024-05-27,Standard Class,Priya Williams,Home Office,Tables Item 420,Furniture,Tables,2040.5,7,0.0,476.65,Houston,Texas,Central
2673,US-2023-102393,2023-06-19,2023-06-20,Same Day,Linda Jones,Home Office,Art Item 815,Office Supplies,Art,290.4,8,0.1,33.5,Jersey City,New Jersey,East
2674,US-2023-101767,2023-04-10,2023-04-17,Standard Class,Mei Taylor,Home Office,Binders Item 677,Office Supplies,Binders,108.0,5,0.2,-1.09,Nashville,Tennessee,South
2675,US-2024-100988,2024-09-21,2024-09-24,First Class,Amara Thomas,Corporate,Paper Item 872,Office Supplies,Paper,93.45,7,0.0,31.6,Reno,Nevada,West
2676,US-2023-100369,2023-12-15,2023-11-18,Second Class,Fatima Smith,Home Office,Paper Item 306,Office Supplies,Paper,118.37,7,0.1,24.07,Las Vegas,Nevada,West
2677,US-2023-100814,2023-11-16,2023-05-19,Second Class,Mei Taylor,Corporate,Accessories Item 773,Technology,Accessories,228.78,6,0.15,21.09,Newark,New Jersey,East
2678,US-2023-101885,2023-02-27,2023-03-04,Standard Class,William Lee,Consumer,Printers Item 166,Technology,Printers,661.96,4,0.0,114.73,Houston,Texas,Central
2679,US-2024-101610,2024-01-09,2024-01-11,Same Day,Robert Walker,Home Office,Art Item 131,Office Supplies,Art,176.73,3,0.0,52.4,Springfield,Illinois,Central
2680,US-2022-101707,2022-08-04,2022-08-07,Second Class,Aiden Torres,Home Office,Laptops Item 971,Technology,Laptops,880.74,2,0.15,50.28,Portland,Oregon,West
2681,US-2024-103350,2024-03-23,2024-03-30,Second Class,Linda Jones,Consumer,Printers Item 235,Technology,Printers,3003.66,6,0.1,297.18,Reno,Nevada,West
2682,US-2023-103011,2023-12-07,2023-12-08,First Class,Diego Garcia,Corporate,Art Item 393,Office Supplies,Art,145.4,4,0.2,14.64,San Francisco,California,West
2683,US-2023-101224,2023-01-18,2023-01-21,Second Class,Richard Brown,Home Office,Storage Item 186,Office Supplies,Storage,377.88,6,0.1,29.82,Spokane,Washington,West
2684,US-2024-103195,2024-06-10,2024-06-16,Standard Class,James Lee,Corporate,Accessories Item 295,Technology,Accessories,49.17,1,0.2,2.11,Eugene,Oregon,West
2685,US-2023-102959,2023-09-03,2023-09-04,Same Day,Wei Jones,Home Office,Printers Item 863,Technology,Printers,1183.96,2,0.0,335.39,Tampa,Florida,South
2686,US-2023-101224,2023-11-18,2023-01-21,Second Class,Richard Brown,Home Office,Storage Item 186,Office Supplies,Storage,377.88,6,0.1,29.82,Spokane,Washington,West
2687,US-2022-103481,2022-12-14,2022-12-16,Second Class,Robert Walker,Home Office,Binders Item 118,Office Supplies,Binders,133.16,4,0.1,15.97,Las Vegas,Nevada,West
2688,US-2023-102881,2023-03-24,2023-03-31,Same Day,Joseph Brown,Corporate,Storage Item 174,Office Supplies,Storage,623.96,4,0.0,210.42,Chicago,Illinois,Central
2689,US-2024-103414,2024-10-12,2024-10-17,Standard Class,Richard Singh,Home Office,Accessories Item 602,Technology,Accessories,300.88,8,0.0,57.98,Boston,Massachusetts,East
2690,US-2022-100088,2022-11-18,2022-04-19,Same Day,David Davis,Home Office,Labels Item 583,Office Supplies,Labels,67.36,4,0.15,1.34,Philadelphia,Pennsylvania,East
2691,US-2024-102928,2024-06-07,2024-06-13,Standard Class,Mei Thomas,Home Office,Paper Item 464,Office Supplies,Paper,104.76,6,0.5,-25.93,Portland,Oregon,West
2692,US-2024-101836,2024-12-31,2025-01-02,Standard Class,Amara Martinez,Home Office,Accessories Item 170,Technology,Accessories,43.25,1,0.1,2.16,Newark,New Jersey,East
2693,US-2024-103447,2024-12-06,2024-12-07,First Class,Robert Lee,Consumer,Printers Item 539,Technology,Printers,563.6,1,0.15,34.78,Newark,New Jersey,East
2694,US-2022-102178,2022-12-31,2023-01-05,Second Class,Aiden Jones,Home Office,Art Item 444,Office Supplies,Art,227.9,5,0.15,24.16,Boston,Massachusetts,East
2695,US-2022-100366,2022-09-07,2022-09-13,First Class,Sarah Lee,Home Office,Binders Item 523,Office Supplies,Binders,61.8,5,0.1,12.54,Orlando,Florida,South
2696,US-2022-101817,2022-11-12,2022-03-15,First Class,Priya Patel,Home Office,Accessories Item 615,Technology,Accessories,74.17,1,0.0,16.34,Orlando,Florida,South
2697,US-2023-101052,2023-01-25,2023-01-27,Second Class,Diego Singh,Home Office,Printers Item 461,Technology,Printers,972.84,6,0.1,174.31,Raleigh,North Carolina,South
2698,US-2023-101337,2023-06-25,2023-06-27,Same Day,Mary Taylor,Consumer,Chairs Item 319,Furniture,Chairs,747.62,2,0.2,-22.55,Austin,Texas,Central
2699,US-2024-102437,2024-05-12,2024-05-18,First Class,Michael Williams,Home Office,Printers Item 571,Technology,Printers,364.56,2,0.1,31.9,Portland,Oregon,West
2700,US-2022-103421,2022-04-20,2022-04-27,Same Day,Wei Miller,Consumer,Tables Item 728,Furniture,Tables,4990.8,6,0.0,915.26,Miami,Florida,South
2701,US-2023-101997,2023-02-15,2023-02-21,Second Class,Wei Jones,Consumer,Storage Item 693,Office Supplies,Storage,616.84,4,0.2,-36.85,Springfield,Illinois,Central
2702,US-2024-100924,2024-10-03,2024-10-10,Second Class,Mary Brown,Corporate,Phones Item 402,Technology,Phones,1929.04,8,0.3,-271.04,Savannah,Georgia,South
2703,US-2024-102010,2024-12-29,2025-01-04,Standard Class,Linda Rodriguez,Consumer,Tables Item 243,Furniture,Tables,2364.81,7,0.1,203.37,Jersey City,New Jersey,East
2704,US-2022-100678,08/09/2022,2022-08-16,Standard Class,Sarah Miller,Consumer,Furnishings Item 452,Furniture,Furnishings,395.79,3,0.0,128.51,Worcester,Massachusetts,East
2705,US-2023-100128,2023-09-06,2023-09-10,Standard Class,William Singh,Corporate,Laptops Item 352,Technology,Laptops,4935.63,7,0.0,1289.98,Cleveland,Ohio,Central
2706,US-2022-100328,2022-05-05,2022-05-08,Same Day,Robert Kim,Home Office,Binders Item 159,Office Supplies,Binders,220.8,8,0.2,-9.82,Los Angeles,California,West
2707,US-2023-102626,2023-03-03,2023-03-05,Standard Class,Wei Davis,Consumer,Binders Item 987,Office Supplies,Binders,$75.0,3,0.15,13.38,Eugene,Oregon,West
2708,US-2023-102984,2023-12-02,2023-05-07,Same Day,Michael Williams,Home Office,Furnishings Item 448,Furniture,Furnishings,1601.53,7,0.0,268.23,Cleveland,Ohio,Central
2709,US-2024-100772,2024-12-08,2024-04-12,Same Day,Sarah Williams,Consumer,Phones Item 851,Technology,Phones,1150.96,2,0.0,231.7,San Diego,California,
2710,US-2024-100780,2024-05-04,2024-05-07,First Class,Fatima Nguyen,Consumer,Storage Item 693,Office Supplies,Storage,1022.22,6,0.1,224.89,Savannah,Georgia,South
2711,US-2024-103249,2024-07-05,2024-07-08,Standard Class,Jessica Walker,Consumer,Phones Item 678,Technology,Phones,2573.28,6,0.15,-25.3,Newark,New Jersey,East
2712,US-2022-101614,2022-12-09,2022-12-14,Standard Class,Aiden Walker,Consumer,Binders Item 565,Office Supplies,Binders,134.16,8,0.0,29.63,Cleveland,Ohio,Central
2713,US-2022-101544,2022-11-09,2022-11-10,Second Class,Carlos Torres,Consumer,Laptops Item 572,Technology,Laptops,4538.68,4,0.4,-1302.24,Los Angeles,California,West
2714,US-2024-101018,2024-10-16,2024-10-18,Second Class,David Jones,Consumer,Paper Item 580,Office Supplies,Paper,50.24,2,0.15,2.76,San Francisco,California,West
2715,US-2022-100038,2022-11-10,2022-11-17,Standard Class,Carlos Khan,Home Office,Laptops Item 605,Technology,Laptops,8361.7,5,0.0,2473.4,Columbus,Ohio,Central
2716,US-2024-102621,2024-07-14,2024-07-19,Second Class,Diego Rodriguez,Corporate,Phones Item 351,Technology,Phones,884.27,1,0.0,207.05,Springfield,Illinois,Central
2717,US-2024-103124,2024-09-18,2024-09-22,Same Day,David Patel,Corporate,Art Item 839,Office Supplies,Art,105.06,6,0.15,15.18,Boston,Massachusetts,East
2718,US-2024-100799,2024-04-06,2024-04-07,Standard Class,Elizabeth Kim,Home Office,Labels Item 262,Office Supplies,Labels,49.86,6,0.15,0.04,Boston,Massachusetts,East
2719,US-2022-100944,2022-04-05,2022-04-12,Same Day,Elizabeth Williams,Consumer,Labels Item 386,Office Supplies,Labels,17.68,8,0.4,-4.25,Worcester,Massachusetts,East
2720,US-2022-100562,2022-10-01,2022-10-07,Standard Class,Carlos Martinez,Consumer,Bookcases Item 109,Furniture,Bookcases,614.52,1,0.4,-78.72,Columbus,Ohio,Central
2721,US-2022-102408,2022-04-06,2022-04-13,First Class,Fatima Ali,Corporate,Art Item 730,Office Supplies,Art,313.55,5,0.15,53.92,Detroit,Michigan,Central
2722,US-2023-101781,2023-11-07,2023-08-08,Second Class,Wei Miller,Home Office,Printers Item 418,Technology,Printers,1914.88,8,0.0,602.18,Buffalo,New York,East
2723,US-2024-102614,2024-01-31,2024-02-03,Same Day,Sarah Lee,Home Office,Accessories Item 315,Technology,Accessories,733.28,8,0.3,-2.3,Eugene,Oregon,West
2724,US-2022-101132,2022-02-12,2022-02-17,Standard Class,Patricia Garcia,Consumer,Tables Item 271,Furniture,Tables,4070.1,5,,523.72,Philadelphia,Pennsylvania,East
2725,US-2024-100632,2024-04-17,2024-04-21,Standard Class,Amara Wilson,Consumer,Laptops Item 400,Technology,Laptops,3834.6,4,0.0,924.31,Philadelphia,Pennsylvania,East
2726,US-2022-101833,2022-11-12,2022-11-14,First Class,Robert Davis,Corporate,Bookcases Item 170,Furniture,Bookcases,2108.6,5,0.0,501.08,Portland,Oregon,West
2727,US-2022-102430,2022-02-04,2022-02-06,Same Day,Aiden Williams,Home Office,Paper Item 546,Office Supplies,Paper,147.48,4,0.2,15.85,Tampa,Florida,South
2728,US-2023-101728,2023-08-24,2023-08-31,First Class,John Chen,Corporate,Binders Item 962,Office Supplies,Binders,170.04,3,0.1,12.49,Raleigh,North Carolina,South
2729,US-2023-101718,2023-02-16,2023-02-21,Second Class,Susan Thomas,Consumer,Binders Item 405,Office Supplies,Binders,173.28,4,0.0,39.48,New York City,New York,East
2730,US-2024-100671,2024-05-15,2024-05-19,Same Day,Jennifer Johnson,Corporate,Tables Item 215,Furniture,Tables,1836.9,6,0.4,-362.74,Philadelphia,Pennsylvania,East
2731,US-2022-100958,2022-02-03,2022-02-04,Same Day,Joseph Thomas,Corporate,Bookcases Item 978,Furniture,Bookcases,716.28,2,0.4,-104.28,Albany,New York,East
2732,US-2023-100022,2023-03-30,2023-04-04,Standard Class,Fatima Ali,Corporate,Labels Item 569,Office Supplies,Labels,5.58,2,0.1,1.24,Reno,Nevada,West
2733,US-2023-102643,2023-12-19,2023-01-20,Same Day,Jessica Johnson,Home Office,Bookcases Item 319,Furniture,Bookcases,2192.52,6,0.4,-324.64,Worcester,Massachusetts,East
2734,US-2023-101484,2023-02-18,2023-02-23,Second Class,Jennifer Walker,Home Office,Binders Item 513,Office Supplies,Binders,133.32,3,0.0,34.99,Miami,Florida,South
2735,US-2022-103295,2022-07-24,2022-07-31,Same Day,Robert Johnson,Corporate,Laptops Item 229,Technology,Laptops,4463.46,6,0.0,1375.2,Orlando,Florida,South
2736,US-2023-101453,2023-07-31,2023-08-04,Second Class,James Taylor,Home Office,Tables Item 158,Furniture,Tables,1554.03,3,0.2,-91.8,Chicago,Illinois,Central
2737,US-2023-101563,2023-11-06,2023-01-07,Standard Class,Aiden Rodriguez,Consumer,Printers Item 320,Technology,Printers,1383.06,3,0.0,375.29,Ann Arbor,Michigan,Central
2738,US-2022-101509,2022-11-09,2022-08-11,Second Class,Linda Patel,Consumer,Phones Item 122,Technology,Phones,2098.56,3,0.0,484.57,Philadelphia,Pennsylvania,East
2739,US-2023-101125,2023-08-19,2023-08-21,Same Day,Diego Chen,Consumer,Printers Item 802,Technology,Printers,1957.35,5,0.0,338.6,Atlanta,Georgia,South
2740,US-2024-100139,2024-03-07,2024-03-08,Second Class,Patricia Brown,Corporate,Paper Item 870,Office Supplies,Paper,258.72,8,0.15,29.75,Nashville,Tennessee,South
2741,US-2022-100062,2022-03-08,2022-03-13,Second Class,Priya Anderson,Corporate,Accessories Item 480,Technology,Accessories,327.12,6,0.1,20.28,Miami,Florida,South
2742,US-2024-101877,2024-03-20,2024-03-23,Same Day,Sarah Khan,Consumer,Accessories Item 989,Technology,Accessories,107.88,2,0.1,19.23,Seattle,Washington,West
2743,US-2023-102433,2023-12-12,2023-12-19,First Class,David Walker,Consumer,Paper Item 450,Office Supplies,Paper,55.68,4,0.0,15.43,Las Vegas,Nevada,West
2744,US-2022-100009,2022-08-07,2022-08-09,Same Day,Wei Thomas,Corporate,Paper Item 688,Office Supplies,Paper,94.92,7,0.3,-7.12,Raleigh,North Carolina,South
2745,US-2023-100547,2023-12-14,2023-09-17,Same Day,Patricia Taylor,Consumer,Accessories Item 245,Technology,Accessories,475.4,5,0.5,-141.41,Austin,Texas,Central
2746,US-2022-100372,2022-02-08,2022-02-10,First Class,Jessica Chen,Consumer,Storage Item 252,Office Supplies,Storage,919.86,6,0.15,78.69,Nashville,Tennessee,South
2747,US-2024-102390,2024-12-27,2024-12-04,Standard Class,Mei Chen,Consumer,Laptops Item 531,Technology,Laptops,2502.3,3,0.0,492.24,Atlanta,Georgia,South
2748,US-2024-103162,2024-08-18,2024-08-22,Second Class,Linda Lee,Home Office,Furnishings Item 932,Furniture,Furnishings,582.08,4,0.0,129.15,Newark,New Jersey,East
2749,US-2023-100693,2023-06-25,2023-07-01,Second Class,Susan Williams,Home Office,Labels Item 401,Office Supplies,Labels,102.6,6,0.0,22.06,New York City,New York,East
2750,US-2023-100199,2023-06-24,2023-06-28,Same Day,William Thomas,Consumer,Storage Item 957,Office Supplies,Storage,521.43,3,0.1,65.6,Savannah,Georgia,South
2751,US-2023-100082,2023-05-12,2023-05-13,Standard Class,Fatima Nguyen,Consumer,Furnishings Item 551,Furniture,Furnishings,497.13,3,0.3,-36.21,Albany,New York,East
2752,US-2022-100399,2022-11-06,2022-11-12,Same Day,,Consumer,Phones Item 367,Technology,Phones,2547.27,3,0.4,-450.8,Cleveland,Ohio,Central
2753,US-2024-100818,2024-02-26,2024-02-29,Standard Class,Joseph Jones,Corporate,Phones Item 975,Technology,Phones,4226.9,5,0.0,832.4,Nashville,Tennessee,South
2754,US-2024-100404,2024-03-12,2024-03-16,Second Class,John Anderson,Home Office,Bookcases Item 445,Furniture,Bookcases,1318.62,2,0.0,441.89,Ann Arbor,Michigan,Central
2755,US-2022-100892,2022-12-07,2022-12-10,Second Class,Aiden Khan,Consumer,Art Item 233,Office Supplies,Art,39.61,1,0.0,10.99,Memphis,Tennessee,South
2756,US-2023-102472,2023-04-12,2023-04-13,Same Day,Priya Walker,Corporate,Chairs Item 272,Furniture,Chairs,1299.99,3,0.0,289.44,Las Vegas,Nevada,West
2757,US-2023-103459,2023-09-17,2023-09-24,Second Class,Fatima Kim,Consumer,Labels Item 587,Office Supplies,Labels,10.73,1,0.5,-2.34,Raleigh,North Carolina,South
2758,US-2022-101399,2022-09-28,2022-09-29,First Class,William Lee,Corporate,Bookcases Item 597,Furniture,Bookcases,751.86,6,0.0,206.36,Charlotte,North Carolina,South
2759,US-2023-100004,2023-06-27,2023-06-30,Same Day,David Kim,Corporate,Laptops Item 972,Technology,Laptops,1009.1,2,0.1,215.18,Tampa,Florida,South
2760,US-2024-101031,2024-06-03,2024-06-05,Same Day,Susan Anderson,Home Office,Tables Item 311,Furniture,Tables,1048.74,7,0.4,-196.64,Seattle,Washington,West
2761,US-2022-100384,2022-05-26,2022-06-02,First Class,James Williams,Corporate,Binders Item 510,Office Supplies,Binders,278.76,6,0.15,44.7,Buffalo,New York,East
2762,US-2024-100309,2024-07-24,2024-07-30,Same Day,Joseph Torres,Home Office,Labels Item 754,Office Supplies,Labels,10.2,3,0.15,0.41,Detroit,Michigan,Central
2763,US-2022-102977,2022-03-05,2022-03-12,Second Class,Fatima Davis,Corporate,Labels Item 323,Office Supplies,Labels,100.85,5,0.5,-27.91,Newark,New Jersey,East
2764,US-2022-100655,2022-02-10,2022-02-14,Same Day,David Ali,Home Office,Phones Item 957,Technology,Phones,1213.77,3,0.1,246.35,Charlotte,North Carolina,South
2765,US-2022-102707,2022-01-03,2022-01-04,Standard Class,Joseph Torres,Home Office,Tables Item 998,Furniture,Tables,1378.36,2,0.4,-385.48,Charlotte,North Carolina,South
2766,US-2024-100061,2024-04-11,2024-04-14,Second Class,Fatima Anderson,Consumer,Binders Item 969,Office Supplies,Binders,98.04,2,0.15,16.1,Ann Arbor,Michigan,Central
2767,US-2024-101437,2024-09-09,2024-09-11,First Class,Aiden Rodriguez,Corporate,Labels Item 987,Office Supplies,Labels,67.59,3,0.1,8.37,Albany,New York,East
2768,US-2023-100649,2023-10-25,2023-11-01,Standard Class,Linda Miller,Corporate,Labels Item 770,Office Supplies,Labels,40.95,7,0.0,7.0,Columbus,Ohio,Central
2769,US-2024-101621,2024-10-21,2024-10-26,First Class,Richard Walker,Corporate,Printers Item 365,Technology,Printers,296.2,1,0.4,-60.49,Nashville,Tennessee,South
2770,US-2023-102071,2023-11-27,2023-03-31,Second Class,Aiden Davis,Home Office,Laptops Item 332,Technology,Laptops,1016.92,1,0.0,179.91,Nashville,Tennessee,South
2771,US-2023-100551,2023-09-25,2023-09-30,Standard Class,Michael Patel,Consumer,Paper Item 297,Office Supplies,Paper,4.2,1,0.15,0.75,Reno,Nevada,West
2772,US-2024-102979,2024-10-23,2024-10-27,Standard Class,Amara Miller,Consumer,Paper Item 228,Office Supplies,Paper,13.74,1,0.1,1.56,Portland,Oregon,West
2773,US-2023-100578,2023-12-01,2023-12-03,Same Day,Susan Garcia,Home Office,Laptops Item 809,Technology,Laptops,6054.0,4,0.2,487.61,Reno,Nevada,West
2774,US-2022-101252,2022-01-03,2022-01-04,Same Day,Susan Garcia,Corporate,Paper Item 164,Office Supplies,Paper,190.32,8,0.2,23.07,Columbus,Ohio,Central
2775,US-2023-102351,2023-02-27,2023-03-06,Standard Class,Aiden Patel,Corporate,Art Item 385,Office Supplies,Art,118.75,5,0.0,19.55,Memphis,Tennessee,South
2776,US-2022-102993,2022-10-07,2022-10-12,Second Class,David Wilson,Corporate,Storage Item 230,Office Supplies,Storage,165.88,4,0.5,-65.89,Miami,Florida,South
2777,US-2024-101391,2024-07-04,2024-07-09,First Class,Robert Ali,Corporate,Paper Item 728,Office Supplies,Paper,19.5,5,0.0,6.22,San Diego,California,West
2778,US-2023-101159,2023-12-08,2023-12-09,Standard Class,Carlos Miller,Corporate,Storage Item 498,Office Supplies,Storage,197.49,3,0.1,23.48,Springfield,Illinois,Central
2779,US-2024-100324,2024-11-02,2024-11-06,Second Class,Jessica Wilson,Home Office,Furnishings Item 977,Furniture,Furnishings,156.53,1,0.2,10.3,Raleigh,North Carolina,South
2780,US-2022-102563,2022-06-24,2022-06-26,First Class,David Garcia,Home Office,Laptops Item 331,Technology,Laptops,4086.08,2,0.0,1111.71,Boston,Massachusetts,East
2781,US-2022-103395,2022-11-17,2022-11-24,Standard Class,Diego Smith,Consumer,Printers Item 941,Technology,Printers,2611.5,5,0.3,-182.52,Raleigh,North Carolina,South
2782,US-2022-100919,2022-11-27,2022-12-01,First Class,Jennifer Ali,Consumer,Printers Item 583,Technology,Printers,586.44,4,0.3,-65.88,Orlando,Florida,South
2783,US-2024-100997,2024-10-02,2024-10-06,Second Class,Carlos Smith,Consumer,Accessories Item 777,Technology,Accessories,95.43,1,0.2,-4.1,Austin,Texas,Central
2784,US-2024-100905,2024-06-01,2024-06-04,First Class,Amara Chen,Home Office,Tables Item 732,Furniture,Tables,717.87,3,0.15,3.36,Philadelphia,Pennsylvania,East
2785,US-2024-101677,2024-03-18,2024-03-24,Same Day,Wei Brown,Corporate,Laptops Item 290,Technology,Laptops,12204.66,6,0.0,3068.4,Savannah,Georgia,South
2786,US-2024-101858,2024-06-24,2024-06-26,Standard Class,Jennifer Johnson,Home Office,Furnishings Item 323,Furniture,Furnishings,247.73,1,0.2,-1.89,Pittsburgh,Pennsylvania,East
2787,US-2022-101295,2022-05-09,2022-05-11,Second Class,Wei Lee,Home Office,Binders Item 107,Office Supplies,Binders,50.37,3,0.0,14.75,Seattle,Washington,West
2788,US-2024-102038,2024-11-18,2024-12-20,First Class,Jessica Taylor,Corporate,Phones Item 450,Technology,Phones,3971.4,6,0.1,615.85,Savannah,Georgia,South
2789,US-2024-101724,2024-05-10,2024-05-17,Standard Class,David Wilson,Home Office,Furnishings Item 313,Furniture,Furnishings,1230.12,6,0.1,225.14,Newark,New Jersey,East
2790,US-2024-102645,2024-11-28,2024-08-29,First Class,Sarah Lee,Home Office,Chairs Item 582,Furniture,Chairs,512.75,5,0.0,150.8,San Diego,California,West
2791,US-2023-101540,2023-04-27,2023-05-02,Standard Class,Amara Ali,Home Office,Storage Item 805,Office Supplies,Storage,174.56,4,0.3,1.56,Dallas,Texas,Central
2792,US-2022-101859,2022-03-09,2022-03-12,Second Class,Priya Smith,Home Office,Chairs Item 589,Furniture,Chairs,1257.54,6,0.1,70.16,Eugene,Oregon,West
2793,US-2023-100927,2023-03-10,2023-03-15,First Class,Wei Brown,Home Office,Storage Item 112,Office Supplies,Storage,697.4,4,0.0,222.68,Pittsburgh,Pennsylvania,East
2794,US-2022-101345,2022-04-01,2022-04-05,Second Class,Carlos Khan,Corporate,Art Item 390,Office Supplies,Art,$83.92,2,0.1,10.14,Portland,Oregon,West
2795,US-2023-101638,2023-11-02,2023-11-05,Standard Class,Jennifer Khan,Home Office,Chairs Item 987,Furniture,Chairs,1283.67,3,0.2,121.02,San Diego,California,West
2796,US-2022-102024,2022-09-01,2022-09-07,Standard Class,Michael Smith,Consumer,Laptops Item 142,Technology,Laptops,6961.57,7,0.15,681.16,Chicago,Illinois,Central
2797,US-2022-100791,2022-01-14,2022-01-21,Same Day,Aiden Patel,Consumer,Paper Item 168,Office Supplies,Paper,54.05,5,0.15,3.41,Atlanta,Georgia,South
2798,US-2022-100488,2022-12-28,2022-04-03,Same Day,David Jones,Consumer,Storage Item 980,Office Supplies,Storage,62.31,3,0.15,2.33,Buffalo,New York,East
2799,US-2024-101090,2024-11-15,2024-03-17,First Class,Jessica Singh,Home Office,Bookcases Item 869,Furniture,Bookcases,3572.59,7,0.1,509.2,Detroit,Michigan,Central
2800,US-2024-100058,2024-01-24,2024-01-28,Same Day,Linda Torres,Corporate,Chairs Item 447,Furniture,Chairs,2032.2,6,0.0,659.03,Spokane,Washington,West
2801,US-2024-103494,2024-12-21,2024-11-27,First Class,Robert Davis,Home Office,Printers Item 718,Technology,Printers,909.93,3,0.15,72.01,Eugene,Oregon,West
2802,US-2024-101585,2024-05-20,2024-05-24,Second Class,Wei Torres,Corporate,Chairs Item 191,Furniture,Chairs,2378.1,6,0.0,551.56,Buffalo,New York,East
2803,US-2023-102208,2023-04-18,2023-04-23,Standard Class,Sarah Singh,Corporate,Phones Item 915,Technology,Phones,3206.63,7,0.0,795.02,Memphis,Tennessee,South
2804,US-2022-102407,2022-08-24,2022-08-30,Same Day,Amara Brown,Home Office,Art Item 427,Office Supplies,Art,47.92,8,0.1,6.82,Jersey City,New Jersey,East
2805,US-2024-102584,2024-01-08,2024-01-14,Same Day,Jennifer Martinez,Consumer,Phones Item 778,Technology,Phones,1534.1,5,0.2,-67.39,Chicago,Illinois,Central
2806,US-2024-101800,2024-04-14,2024-04-18,Standard Class,Wei Thomas,Corporate,Printers Item 205,Technology,Printers,273.53,1,0.0,77.23,Boston,Massachusetts,East
2807,US-2023-101052,2023-11-25,2023-01-27,Second Class,Diego Singh,Home Office,Printers Item 461,Technology,Printers,972.84,6,0.1,174.31,Raleigh,North Carolina,South
2808,US-2022-102782,2022-10-06,2022-10-09,Standard Class,Sarah Walker,Corporate,Furnishings Item 306,Furniture,Furnishings,241.86,3,0.1,23.18,Pittsburgh,Pennsylvania,East
2809,US-2023-103201,2023-08-23,2023-08-30,Same Day,Mary Garcia,Corporate,Storage Item 755,Office Supplies,Storage,283.16,2,0.15,45.73,Raleigh,North Carolina,South
2810,US-2022-100342,2022-11-16,2022-11-23,Standard Class,Joseph Patel,Home Office,Tables Item 155,Furniture,Tables,946.84,4,0.15,112.42,Detroit,Michigan,Central
2811,US-2024-101586,2024-03-19,2024-03-20,Standard Class,Mary Davis,Home Office,Chairs Item 346,Furniture,Chairs,2089.68,6,0.0,422.21,Austin,Texas,Central
2812,US-2022-103493,2022-11-27,2022-12-01,Same Day,Diego Jones,Home Office,Accessories Item 462,Technology,Accessories,255.9,2,0.4,-58.69,Reno,Nevada,West
2813,US-2024-101820,2024-11-07,2024-11-13,First Class,Elizabeth Singh,Corporate,Paper Item 521,Office Supplies,Paper,91.56,7,0.0,17.53,Atlanta,Georgia,South
2814,US-2023-101580,2023-12-15,2023-12-22,Second Class,David Jones,Home Office,Bookcases Item 213,Furniture,Bookcases,4730.72,8,0.0,986.24,Ann Arbor,Michigan,Central
2815,US-2022-100546,2022-09-01,2022-09-06,Same Day,Diego Martinez,Consumer,Tables Item 478,Furniture,Tables,5125.14,6,0.4,-820.38,Spokane,Washington,West
2816,US-2022-101708,2022-09-17,2022-09-20,First Class,Jessica Miller,Consumer,Storage Item 195,Office Supplies,Storage,1279.92,8,0.15,125.73,Memphis,Tennessee,South
2817,US-2024-103461,2024-01-23,2024-01-26,Second Class,Amara Johnson,Corporate,Art Item 247,Office Supplies,Art,75.08,1,0.1,3.73,Worcester,Massachusetts,East
2818,US-2024-102037,2024-08-01,2024-08-08,First Class,Mary Kim,Home Office,Laptops Item 544,Technology,Laptops,10287.48,7,0.1,1652.48,Boston,Massachusetts,East
2819,US-2024-101503,2024-11-23,2024-03-27,Second Class,James Ali,Consumer,Tables Item 328,Furniture,Tables,2787.0,5,0.15,422.41,Eugene,Oregon,West
2820,US-2023-100225,2023-11-05,2023-04-11,Second Class,Mei Kim,Home Office,Paper Item 122,Office Supplies,Paper,114.1,7,0.0,19.02,Ann Arbor,Michigan,Central
2821,US-2024-102144,2024-05-03,2024-05-06,Standard Class,John Singh,Consumer,Bookcases Item 529,Furniture,Bookcases,3723.54,6,0.0,988.21,New York City,New York,East
2822,US-2023-102996,2023-12-20,2023-04-26,First Class,Mary Khan,Corporate,Accessories Item 349,Technology,Accessories,59.3,5,0.1,8.8,San Francisco,California,West
2823,US-2022-100051,2022-12-09,2022-10-10,First Class,Wei Martinez,Home Office,Phones Item 951,Technology,Phones,1041.42,6,0.2,59.65,Chicago,Illinois,Central
2824,US-2022-100971,2022-09-16,2022-09-17,Second Class,William Brown,Consumer,Accessories Item 223,Technology,Accessories,127.4,7,0.15,6.61,Eugene,Oregon,West
2825,US-2022-102628,2022-09-12,2022-09-19,Standard Class,Patricia Smith,Consumer,Binders Item 157,Office Supplies,Binders,260.95,5,0.1,35.52,Las Vegas,Nevada,West
2826,US-2024-100314,10/04/2024,2024-10-06,First Class,Jessica Wilson,Consumer,Printers Item 150,Technology,Printers,2564.16,8,0.0,767.95,Seattle,Washington,West
2827,US-2022-103261,2022-11-01,2022-04-03,First Class,Fatima Brown,Home Office,Tables Item 385,Furniture,Tables,1683.18,6,0.4,-416.82,Los Angeles,California,West
2828,US-2022-102687,2022-11-24,2022-11-28,Standard Class,Amara Nguyen,Home Office,Tables Item 773,Furniture,Tables,3563.6,8,0.0,1091.73,Reno,Nevada,West
2829,US-2023-100340,2023-02-06,2023-02-11,Second Class,Linda Rodriguez,Consumer,Furnishings Item 372,Furniture,Furnishings,1700.86,7,0.15,268.91,Pittsburgh,Pennsylvania,East
2830,US-2023-100219,2023-02-03,2023-02-08,Standard Class,Aiden Williams,Home Office,Labels Item 405,Office Supplies,Labels,7.34,2,0.1,1.5,Las Vegas,Nevada,West
2831,US-2023-102415,2023-06-08,2023-06-13,First Class,Elizabeth Singh,Corporate,Binders Item 495,Office Supplies,Binders,103.45,5,0.1,14.55,Tampa,Florida,South
2832,US-2023-100196,2023-06-28,2023-07-04,First Class,Amara Garcia,Consumer,Laptops Item 198,Technology,Laptops,8731.64,4,0.1,1069.83,Atlanta,Georgia,South
2833,US-2022-101813,2022-01-19,2022-01-26,Same Day,Aiden Rodriguez,Corporate,Chairs Item 982,Furniture,Chairs,509.55,3,0.3,-64.89,Pittsburgh,Pennsylvania,East
2834,US-2024-101163,2024-12-18,2024-12-23,Second Class,Wei Smith,Home Office,Accessories Item 919,Technology,Accessories,626.65,5,0.1,144.76,Las Vegas,Nevada,West
2835,US-2024-103462,2024-01-28,2024-01-30,Second Class,Priya Anderson,Home Office,Storage Item 125,Office Supplies,Storage,53.9,1,0.0,14.19,Buffalo,New York,East
2836,US-2023-102018,2023-10-23,2023-10-28,Same Day,Susan Davis,Corporate,Art Item 125,Office Supplies,Art,133.76,8,0.0,46.51,Worcester,Massachusetts,East
2837,US-2023-103400,2023-12-23,2023-12-25,Same Day,Michael Williams,Corporate,Binders Item 713,Office Supplies,Binders,25.77,3,0.1,3.75,Houston,Texas,Central
2838,US-2024-100552,2024-12-25,2024-12-27,Standard Class,Mei Wilson,Consumer,Chairs Item 351,Furniture,Chairs,897.74,2,0.15,153.11,Spokane,Washington,West
2839,US-2022-101937,2022-08-25,2022-08-31,Second Class,Elizabeth Davis,Consumer,Paper Item 943,Office Supplies,Paper,63.68,8,0.15,9.58,Detroit,Michigan,Central
2840,US-2024-100633,2024-12-05,2024-09-09,Standard Class,Robert Miller,Consumer,Accessories Item 372,Technology,Accessories,11.63,1,0.15,-0.01,Las Vegas,Nevada,West
2841,US-2022-101472,2022-07-07,2022-07-08,Same Day,Jennifer Chen,Home Office,Bookcases Item 291,Furniture,Bookcases,263.87,1,0.1,48.26,Pittsburgh,Pennsylvania,East
2842,US-2022-102333,2022-12-05,2022-12-07,First Class,Linda Rodriguez,Home Office,Bookcases Item 524,Furniture,Bookcases,$3565.98,6,0.3,-135.94,Newark,New Jersey,East
2843,US-2023-101906,2023-03-02,2023-03-03,Second Class,Robert Johnson,Corporate,Tables Item 507,Furniture,Tables,4575.27,7,0.2,98.76,Nashville,Tennessee,South
2844,US-2022-101993,2022-06-19,2022-06-21,Standard Class,Richard Rodriguez,Consumer,Phones Item 833,Technology,Phones,762.98,1,0.1,172.49,Nashville,Tennessee,South
2845,US-2023-100197,2023-08-27,2023-09-03,Same Day,Elizabeth Khan,Consumer,Accessories Item 126,Technology,Accessories,62.08,1,0.1,12.12,Reno,Nevada,West
2846,US-2024-102850,2024-06-23,2024-06-26,Second Class,Patricia Smith,Home Office,Phones Item 906,Technology,Phones,1776.14,2,0.0,370.24,Seattle,Washington,West
2847,US-2023-100463,2023-06-03,2023-06-04,Standard Class,Fatima Wilson,Home Office,Labels Item 110,Office Supplies,Labels,11.78,1,0.1,0.52,New York City,New York,East
2848,US-2022-103168,2022-01-05,2022-01-08,Second Class,Fatima Khan,Corporate,Bookcases Item 733,Furniture,Bookcases,922.96,4,0.15,123.63,Dallas,Texas,Central
2849,US-2022-101306,2022-04-02,2022-04-05,Same Day,Patricia Miller,Home Office,Chairs Item 615,Furniture,Chairs,1717.24,4,0.0,258.9,Spokane,Washington,West
2850,US-2022-100204,2022-12-26,2022-08-02,First Class,James Singh,Corporate,Tables Item 998,Furniture,Tables,822.72,2,0.4,-236.81,Las Vegas,Nevada,West
2851,US-2023-101008,2023-02-16,2023-02-19,First Class,Jessica Lee,Corporate,Labels Item 881,Office Supplies,Labels,99.75,7,0.2,1.22,San Diego,California,West
2852,US-2023-101302,2023-12-21,2023-02-24,First Class,David Johnson,Corporate,Bookcases Item 225,Furniture,Bookcases,2176.64,4,0.2,-14.11,Philadelphia,Pennsylvania,East
2853,US-2023-100107,2023-09-08,2023-09-15,Second Class,Carlos Patel,Consumer,Art Item 675,Office Supplies,Art,215.6,4,0.3,-29.14,Detroit,Michigan,Central
2854,US-2023-102011,2023-06-10,2023-06-17,Same Day,Linda Jones,Corporate,Bookcases Item 835,Furniture,Bookcases,2680.08,8,0.3,-353.49,Newark,New Jersey,East
2855,US-2023-101661,2023-12-10,2023-04-11,Same Day,Wei Walker,Home Office,Chairs Item 984,Furniture,Chairs,1205.2,4,0.1,64.23,Raleigh,North Carolina,South
2856,US-2022-101036,2022-03-22,2022-03-24,Same Day,Diego Jones,Corporate,Paper Item 588,Office Supplies,Paper,246.08,8,0.0,62.47,Charlotte,North Carolina,South
2857,US-2022-102943,2022-04-09,2022-04-15,Second Class,Susan Davis,Consumer,Paper Item 694,Office Supplies,Paper,40.5,2,0.0,10.01,Albany,New York,East
2858,US-2022-100871,2022-11-09,2022-11-10,Second Class,Mei Thomas,Consumer,Labels Item 369,Office Supplies,Labels,84.12,4,0.0,24.96,Cleveland,Ohio,Central
2859,US-2023-101385,2023-04-17,2023-04-19,Standard Class,Joseph Nguyen,Consumer,Phones Item 808,Technology,Phones,1050.9,2,0.0,300.48,Seattle,Washington,West
2860,US-2024-102517,2024-07-26,2024-07-28,First Class,Jessica Martinez,Corporate,Furnishings Item 582,Furniture,Furnishings,149.82,1,0.1,23.99,Reno,Nevada,West
2861,US-2024-101972,2024-07-16,2024-07-21,Second Class,Linda Rodriguez,Consumer,Laptops Item 555,Technology,Laptops,1654.29,3,0.0,378.21,Dallas,Texas,Central
2862,US-2022-101208,2022-08-25,2022-09-01,Second Class,Richard Rodriguez,Consumer,Furnishings Item 854,Furniture,Furnishings,1090.0,8,0.4,-105.94,New York City,New York,East
2863,US-2023-101975,2023-03-12,2023-03-16,Same Day,Diego Martinez,Corporate,Accessories Item 123,Technology,Accessories,131.28,4,0.0,25.83,Eugene,Oregon,West
2864,US-2022-100059,2022-06-11,2022-06-15,Second Class,William Wilson,Corporate,Bookcases Item 428,Furniture,Bookcases,1156.56,2,0.2,-37.8,Jersey City,New Jersey,East
2865,US-2023-101092,2023-01-27,2023-01-28,Standard Class,Fatima Anderson,Corporate,Laptops Item 223,Technology,Laptops,919.48,2,0.4,-210.75,Springfield,Illinois,Central
2866,US-2024-102150,2024-11-22,2024-11-26,Standard Class,Susan Davis,Consumer,Chairs Item 394,Furniture,Chairs,751.26,3,0.4,-128.36,Chicago,Illinois,Central
2867,US-2022-102425,2022-01-30,2022-02-03,Second Class,Wei Lee,Corporate,Phones Item 652,Technology,Phones,2890.56,4,0.1,178.45,New York City,New York,East
2868,US-2022-102174,2022-12-16,2022-12-17,First Class,Patricia Lee,Home Office,Tables Item 970,Furniture,Tables,4438.98,6,0.2,181.72,Worcester,Massachusetts,East
2869,US-2022-102202,2022-07-24,2022-07-29,First Class,Mary Khan,Consumer,Art Item 366,Office Supplies,Art,164.08,7,0.1,18.32,Albany,New York,East
2870,US-2023-100359,2023-02-18,2023-02-22,Standard Class,Mei Miller,Corporate,Chairs Item 808,Furniture,Chairs,1276.41,3,0.1,297.41,Jersey City,New Jersey,East
2871,US-2023-103190,2023-07-23,2023-07-25,Same Day,Elizabeth Thomas,Corporate,Binders Item 954,Office Supplies,Binders,407.19,7,0.0,133.54,Buffalo,New York,East
2872,US-2023-102831,2023-10-17,2023-10-20,Second Class,James Martinez,Corporate,Accessories Item 257,Technology,Accessories,214.62,6,0.1,13.12,Reno,Nevada,West
2873,US-2022-103173,2022-12-28,2022-11-30,Same Day,Linda Lee,Corporate,Labels Item 782,Office Supplies,Labels,23.22,2,0.1,1.27,Springfield,Illinois,Central
2874,US-2022-100563,2022-06-08,2022-06-13,Standard Class,Linda Taylor,Home Office,Labels Item 226,Office Supplies,Labels,34.14,2,0.2,1.37,Jersey City,New Jersey,East
2875,US-2024-102632,2024-11-17,2024-11-18,Same Day,Jennifer Ali,Corporate,Bookcases Item 368,Furniture,Bookcases,425.77,1,0.0,68.52,Nashville,Tennessee,South
2876,US-2023-102951,2023-11-02,2023-11-09,Same Day,Carlos Walker,Corporate,Accessories Item 271,Technology,Accessories,98.42,1,0.1,14.62,Atlanta,Georgia,South
2877,US-2022-100801,2022-03-02,2022-03-04,First Class,Wei Ali,Home Office,Phones Item 560,Technology,Phones,2351.2,8,0.2,-12.52,Portland,Oregon,West
2878,US-2024-100809,2024-11-02,2024-05-07,Standard Class,Wei Johnson,Corporate,Phones Item 232,Technology,Phones,5373.6,6,0.5,-1438.15,Spokane,Washington,West
2879,US-2022-102044,2022-12-08,2022-03-14,First Class,Aiden Lee,Consumer,Furnishings Item 940,Furniture,Furnishings,50.12,1,0.0,13.59,Boston,Massachusetts,East
2880,US-2022-101916,2022-07-24,2022-07-26,Same Day,Richard Kim,Consumer,Furnishings Item 431,Furniture,Furnishings,215.26,2,0.1,43.41,Chicago,Illinois,Central
2881,US-2024-101890,2024-09-10,2024-09-11,Standard Class,Diego Smith,Consumer,Laptops Item 362,Technology,Laptops,1582.65,1,0.1,347.67,Houston,Texas,Central
2882,US-2023-102644,2023-12-31,2024-01-07,Standard Class,Fatima Wilson,Home Office,Art Item 694,Office Supplies,Art,$551.46,7,0.1,27.59,Worcester,Massachusetts,East
2883,US-2023-102194,2023-12-27,2023-09-29,Same Day,Carlos Miller,Home Office,Phones Item 332,Technology,Phones,6958.72,8,0.4,-1950.26,New York City,New York,East
2884,US-2022-101269,2022-12-23,2022-12-24,Second Class,Wei Lee,Home Office,Laptops Item 507,Technology,Laptops,3465.72,2,0.1,237.64,Tampa,Florida,South
2885,US-2024-102705,2024-08-01,2024-08-02,First Class,William Lee,Consumer,Phones Item 509,Technology,Phones,2735.25,7,0.1,397.21,Savannah,Georgia,South
2886,US-2024-100868,2024-08-28,2024-08-29,First Class,Jennifer Ali,Consumer,Accessories Item 253,Technology,Accessories,84.9,3,0.0,27.79,Ann Arbor,Michigan,Central
2887,US-2023-101265,2023-05-13,2023-05-14,Second Class,Robert Walker,Home Office,Printers Item 426,Technology,Printers,338.44,4,0.3,6.62,Ann Arbor,Michigan,Central
2888,US-2024-103471,2024-12-18,2024-12-23,Standard Class,Jessica Torres,Home Office,Laptops Item 877,Technology,Laptops,11169.24,6,0.0,3612.47,Reno,Nevada,West
2889,US-2024-102681,2024-12-05,2024-08-06,First Class,Sarah Kim,Consumer,Binders Item 213,Office Supplies,Binders,112.14,3,0.0,21.92,Springfield,Illinois,Central
2890,US-2023-101245,2023-01-25,2023-01-26,Second Class,James Brown,Corporate,Accessories Item 899,Technology,Accessories,369.68,4,0.4,-79.46,Dallas,Texas,Central
2891,US-2024-100701,2024-04-30,2024-05-02,Standard Class,Robert Torres,Consumer,Binders Item 332,Office Supplies,Binders,62.6,5,0.0,11.49,Houston,Texas,Central
2892,US-2024-101396,2024-01-10,2024-01-13,First Class,Wei Davis,Corporate,Tables Item 598,Furniture,Tables,1338.76,2,0.2,168.99,San Diego,California,West
2893,US-2024-100583,2024-11-28,2024-02-04,First Class,Priya Williams,Home Office,Tables Item 918,Furniture,Tables,1143.05,5,0.1,232.72,Newark,New Jersey,East
2894,US-2024-100086,2024-03-19,2024-03-26,First Class,Joseph Davis,Corporate,Labels Item 143,Office Supplies,Labels,123.06,7,0.3,-21.74,Columbus,Ohio,Central
2895,US-2023-100593,2023-03-06,2023-03-10,Second Class,Wei Davis,Home Office,Paper Item 904,Office Supplies,Paper,23.6,4,0.2,2.77,Las Vegas,Nevada,West
2896,US-2022-102739,2022-12-20,2022-12-22,Standard Class,Amara Wilson,Home Office,Binders Item 182,Office Supplies,Binders,87.08,4,0.3,-3.6,Memphis,Tennessee,South
2897,US-2024-102877,2024-01-16,2024-01-18,Second Class,Jessica Khan,Consumer,Laptops Item 348,Technology,Laptops,2370.6,4,0.15,334.59,Chicago,Illinois,Central
2898,US-2022-101346,2022-04-03,2022-04-08,Same Day,Wei Jones,Home Office,Furnishings Item 485,Furniture,Furnishings,994.84,7,0.0,267.64,Worcester,Massachusetts,East
2899,US-2024-101862,2024-06-15,2024-06-22,Same Day,Elizabeth Singh,Home Office,Art Item 154,Office Supplies,Art,150.32,2,0.2,-4.94,Orlando,Florida,South
2900,US-2024-101957,2024-05-26,2024-05-29,Standard Class,Jessica Thomas,Consumer,Furnishings Item 774,Furniture,Furnishings,150.29,7,0.5,-30.71,San Diego,California,West
2901,US-2024-102326,2024-11-14,2024-11-16,Second Class,Amara Wilson,Corporate,Binders Item 781,Office Supplies,Binders,6.06,1,0.15,0.78,Seattle,Washington,West
2902,US-2022-100299,2022-09-26,2022-10-01,Second Class,Robert Ali,Home Office,Storage Item 376,Office Supplies,Storage,1108.0,8,0.0,204.39,Raleigh,North Carolina,South
2903,US-2023-102277,2023-05-13,2023-05-18,Standard Class,Jessica Singh,Home Office,Printers Item 584,Technology,Printers,319.94,2,0.1,69.5,Seattle,Washington,West
2904,US-2024-101154,2024-10-01,2024-10-02,First Class,Jessica Nguyen,Home Office,Paper Item 956,Office Supplies,Paper,15.93,3,0.3,-0.9,Los Angeles,California,West
2905,US-2022-101118,2022-05-03,2022-05-04,Standard Class,David Wilson,Home Office,Art Item 836,Office Supplies,Art,220.36,4,0.0,59.2,Portland,Oregon,West
2906,US-2023-100673,2023-12-26,2023-12-27,Standard Class,James Nguyen,Home Office,Phones Item 290,Technology,Phones,5656.24,8,0.0,1329.77,Reno,Nevada,West
2907,US-2023-102436,2023-12-18,2023-08-22,Second Class,David Thomas,Corporate,Paper Item 569,Office Supplies,Paper,99.12,6,0.0,17.49,Boston,Massachusetts,East
2908,US-2022-100081,2022-02-24,2022-03-01,Same Day,Patricia Taylor,Home Office,Art Item 901,Office Supplies,Art,162.9,5,0.2,9.2,Eugene,Oregon,West
2909,US-2023-102697,2023-12-05,2023-05-11,Standard Class,David Patel,Home Office,Printers Item 178,Technology,Printers,2125.4,4,0.0,566.68,Tampa,Florida,South
2910,US-2022-101010,2022-03-27,2022-03-29,Standard Class,Sarah Khan,Home Office,Storage Item 865,Office Supplies,Storage,19.04,1,0.1,3.29,Raleigh,North Carolina,South
2911,US-2024-100658,2024-10-01,2024-10-07,First Class,Joseph Brown,Corporate,Accessories Item 720,Technology,Accessories,586.56,8,0.0,163.48,Spokane,Washington,West
2912,US-2024-101847,2024-04-28,2024-05-03,Standard Class,Joseph Thomas,Consumer,Storage Item 341,Office Supplies,Storage,950.52,6,0.15,30.31,Boston,Massachusetts,East
2913,US-2023-102740,2023-09-22,2023-09-28,Same Day,Wei Davis,Consumer,Labels Item 940,Office Supplies,Labels,78.48,4,0.1,7.91,Tampa,Florida,South
2914,US-2024-103290,2024-10-31,2024-11-05,Second Class,Richard Wilson,Home Office,Printers Item 415,Technology,Printers,1363.3,5,0.1,209.65,Raleigh,North Carolina,South
2915,US-2023-100692,2023-07-23,2023-07-25,First Class,Mei Wilson,Home Office,Phones Item 354,Technology,Phones,2631.18,3,0.4,-627.2,Albany,New York,East
2916,US-2022-101306,2022-11-02,2022-04-05,Same Day,Patricia Miller,Home Office,Chairs Item 615,Furniture,Chairs,1717.24,4,0.0,258.9,Spokane,Washington,West
2917,US-2022-101328,2022-02-20,2022-02-21,Same Day,William Rodriguez,Corporate,Paper Item 644,Office Supplies,Paper,62.34,2,0.2,0.83,Charlotte,North Carolina,South
2918,US-2023-100256,2023-12-28,2023-09-06,Second Class,Patricia Lee,Home Office,Storage Item 184,Office Supplies,Storage,1027.84,8,0.1,127.09,Austin,Texas,Central
2919,US-2024-102695,2024-02-03,2024-02-07,Same Day,Priya Davis,Consumer,Storage Item 459,Office Supplies,Storage,482.68,4,0.1,102.66,Worcester,Massachusetts,East
2920,US-2024-100482,2024-04-03,2024-04-10,Second Class,Jennifer Chen,Home Office,Accessories Item 964,Technology,Accessories,44.35,1,0.0,10.11,Tampa,Florida,South
2921,US-2023-102616,2023-05-05,2023-05-11,Same Day,Sarah Smith,Consumer,Chairs Item 683,Furniture,Chairs,1057.47,3,0.15,72.82,Nashville,Tennessee,South
2922,US-2022-101574,2022-05-09,2022-05-12,Second Class,Robert Johnson,Corporate,Printers Item 808,Technology,Printers,1636.74,3,0.0,463.68,Atlanta,Georgia,South
2923,US-2024-101768,2024-08-20,2024-08-22,Standard Class,David Garcia,Corporate,Laptops Item 759,Technology,Laptops,6548.08,8,0.0,1152.04,Spokane,Washington,West
2924,US-2022-102042,2022-02-28,2022-03-05,First Class,Richard Rodriguez,Consumer,Phones Item 623,Technology,Phones,1857.0,3,,147.47,Savannah,Georgia,South
2925,US-2023-101081,2023-02-24,2023-02-25,Standard Class,Carlos Martinez,Consumer,Accessories Item 114,Technology,Accessories,809.28,8,0.4,-134.19,Houston,Texas,Central
2926,US-2022-101872,2022-02-28,2022-03-07,Second Class,David Lee,Home Office,Laptops Item 456,Technology,Laptops,7050.76,4,0.2,-415.14,Pittsburgh,Pennsylvania,East
2927,US-2022-102690,2022-06-23,2022-06-26,Same Day,Susan Thomas,Home Office,Furnishings Item 494,Furniture,Furnishings,1650.4,8,0.2,-36.87,Eugene,Oregon,West
2928,US-2023-102827,2023-07-19,2023-07-21,Second Class,Mei Ali,Corporate,Art Item 178,Office Supplies,Art,122.64,6,0.0,27.04,Savannah,Georgia,South
2929,US-2024-102108,2024-06-09,2024-06-14,First Class,Jessica Wilson,Corporate,Laptops Item 431,Technology,Laptops,9287.94,6,0.15,1384.03,Columbus,Ohio,Central
2930,US-2023-102792,2023-12-07,2023-12-08,Standard Class,Wei Miller,Consumer,Labels Item 488,Office Supplies,Labels,63.03,3,0.0,18.3,Newark,New Jersey,East
2931,US-2024-101266,2024-05-27,2024-05-31,Standard Class,Joseph Rodriguez,Corporate,Printers Item 816,Technology,Printers,431.95,1,0.1,88.85,Orlando,Florida,South
2932,US-2022-102298,2022-08-14,2022-08-19,Standard Class,Sarah Walker,Corporate,Tables Item 795,Furniture,Tables,883.94,2,0.3,-45.04,Orlando,Florida,South
2933,US-2024-102483,2024-03-03,2024-03-07,First Class,William Lee,Consumer,Labels Item 955,Office Supplies,Labels,78.6,6,0.0,15.19,Dallas,Texas,Central
2934,US-2024-100913,2024-04-30,2024-05-07,Standard Class,Michael Thomas,Home Office,Paper Item 861,Office Supplies,Paper,158.82,6,0.15,14.46,Miami,Florida,South
2935,US-2024-103060,2024-09-04,2024-09-10,Second Class,Sarah Martinez,Consumer,Chairs Item 666,Furniture,Chairs,529.86,3,0.1,92.41,Ann Arbor,Michigan,Central
2936,US-2022-101747,2022-10-28,2022-11-04,Standard Class,Elizabeth Davis,Home Office,Accessories Item 651,Technology,Accessories,533.36,4,0.2,56.85,Springfield,Illinois,Central
2937,US-2024-103374,2024-11-04,2024-11-10,Same Day,Elizabeth Lee,Corporate,Furnishings Item 571,Furniture,Furnishings,528.63,3,0.0,87.13,Charlotte,North Carolina,South
2938,US-2023-102077,2023-05-14,2023-05-15,Same Day,Elizabeth Khan,Consumer,Laptops Item 272,Technology,Laptops,10091.1,6,0.1,1123.33,San Francisco,California,West
2939,US-2024-100882,2024-04-18,2024-04-20,Standard Class,Diego Torres,Corporate,Bookcases Item 674,Furniture,Bookcases,563.24,4,0.15,46.55,Houston,Texas,Central
2940,US-2023-102870,2023-09-15,2023-09-21,Same Day,David Garcia,Home Office,Tables Item 720,Furniture,Tables,1049.68,8,0.0,253.09,Philadelphia,Pennsylvania,East
2941,US-2023-100555,2023-09-03,2023-09-07,Standard Class,Wei Davis,Consumer,Paper Item 522,Office Supplies,Paper,28.45,1,0.2,-1.12,Albany,New York,East
2942,US-2023-100641,2023-11-13,2023-11-20,Second Class,John Walker,Home Office,Printers Item 166,Technology,Printers,802.88,2,0.2,56.6,Tampa,Florida,South
2943,US-2024-100039,2024-08-18,2024-08-22,First Class,Mei Wilson,Home Office,Storage Item 157,Office Supplies,Storage,473.07,3,0.1,25.93,Memphis,Tennessee,South
2944,US-2024-102565,2024-12-23,2024-12-25,Second Class,Jennifer Chen,Consumer,Binders Item 603,Office Supplies,Binders,45.14,2,0.1,9.5,Boston,Massachusetts,East
2945,US-2022-103397,2022-05-15,2022-05-22,Standard Class,Jessica Martinez,Consumer,Binders Item 318,Office Supplies,Binders,179.97,7,0.2,-1.19,Miami,Florida,South
2946,US-2023-100406,2023-03-21,2023-03-26,Standard Class,James Williams,Consumer,Phones Item 976,Technology,Phones,888.63,1,0.4,-108.61,Columbus,Ohio,Central
2947,US-2024-101465,2024-05-30,2024-06-03,First Class,,Consumer,Printers Item 299,Technology,Printers,3777.68,8,0.1,448.18,Charlotte,North Carolina,South
2948,US-2024-102819,2024-10-19,2024-10-22,Standard Class,Jessica Williams,Consumer,Tables Item 600,Furniture,Tables,2851.2,5,0.2,279.62,Cleveland,Ohio,Central
2949,US-2024-102726,2024-05-23,2024-05-29,Same Day,John Rodriguez,Corporate,Paper Item 153,Office Supplies,Paper,104.08,8,0.15,3.41,Portland,Oregon,West
2950,US-2024-100635,2024-02-15,2024-02-20,Standard Class,Wei Khan,Corporate,Paper Item 925,Office Supplies,Paper,148.8,6,0.15,6.45,Cleveland,Ohio,Central
2951,US-2023-100367,2023-12-12,2023-08-16,First Class,Carlos Rodriguez,Home Office,Phones Item 688,Technology,Phones,5191.2,8,0.2,179.68,Philadelphia,Pennsylvania,East
2952,US-2022-102556,2022-01-30,2022-02-01,Same Day,Carlos Walker,Home Office,Art Item 925,Office Supplies,Art,466.56,6,0.15,73.72,Reno,Nevada,West
2953,US-2024-102693,2024-05-19,2024-05-23,First Class,Elizabeth Torres,Corporate,Chairs Item 754,Furniture,Chairs,2762.0,8,0.1,392.81,Charlotte,North Carolina,South
2954,US-2024-103320,2024-02-20,2024-02-23,Second Class,Diego Martinez,Consumer,Printers Item 861,Technology,Printers,373.23,3,0.15,27.98,San Francisco,California,West
2955,US-2022-101530,2022-06-21,2022-06-23,Second Class,Fatima Wilson,Consumer,Laptops Item 900,Technology,Laptops,1608.15,3,0.0,547.23,Seattle,Washington,West
2956,US-2022-100424,2022-03-30,2022-03-31,First Class,Mei Taylor,Consumer,Art Item 545,Office Supplies,Art,91.2,8,0.0,31.86,New York City,New York,East
2957,US-2022-100472,2022-10-03,2022-10-04,Standard Class,Mary Wilson,Consumer,Accessories Item 610,Technology,Accessories,809.6,8,0.1,166.74,Springfield,Illinois,Central
2958,US-2024-100928,2024-11-23,2024-10-26,First Class,James Ali,Corporate,Tables Item 763,Furniture,Tables,5010.84,6,0.15,177.63,Cleveland,Ohio,Central
2959,US-2022-100900,2022-12-24,2022-01-28,Same Day,David Wilson,Consumer,Laptops Item 410,Technology,Laptops,3697.82,7,0.15,-46.51,Las Vegas,Nevada,West
2960,US-2023-102458,2023-02-28,2023-03-01,Same Day,Jennifer Thomas,Consumer,Laptops Item 878,Technology,Laptops,2796.84,4,0.0,932.18,San Diego,California,West
2961,US-2022-102504,2022-01-21,2022-01-26,Standard Class,Amara Walker,Corporate,Storage Item 894,Office Supplies,Storage,1269.68,8,0.0,405.67,Columbus,Ohio,Central
2962,US-2024-102767,2024-02-01,2024-02-02,Standard Class,Amara Wilson,Corporate,Accessories Item 476,Technology,Accessories,640.98,6,0.15,92.3,Chicago,Illinois,Central
2963,US-2022-101982,2022-08-14,2022-08-18,Same Day,Sarah Martinez,Corporate,Bookcases Item 136,Furniture,Bookcases,684.32,7,0.0,182.47,San Francisco,California,West
2964,US-2024-101494,2024-12-10,2024-12-15,First Class,Amara Torres,Corporate,Phones Item 388,Technology,Phones,1132.5,6,0.15,97.35,Jersey City,New Jersey,East
2965,US-2022-103371,2022-11-25,2022-11-29,First Class,Sarah Walker,Home Office,Furnishings Item 618,Furniture,Furnishings,178.05,3,0.1,11.15,Memphis,Tennessee,South
2966,US-2022-101761,2022-05-31,2022-06-02,First Class,Wei Jones,Corporate,Furnishings Item 680,Furniture,Furnishings,509.25,7,0.0,124.17,Orlando,Florida,South
2967,US-2023-103023,2023-10-05,2023-10-09,First Class,William Miller,Corporate,Tables Item 548,Furniture,Tables,4621.96,7,0.4,-638.88,Boston,Massachusetts,East
2968,US-2023-102633,2023-08-26,2023-08-31,First Class,Robert Rodriguez,Home Office,Storage Item 217,Office Supplies,Storage,194.79,1,0.3,-15.09,Nashville,Tennessee,South
2969,US-2023-100094,2023-11-07,2023-11-10,Standard Class,Fatima Thomas,Home Office,Laptops Item 468,Technology,Laptops,14968.0,8,0.2,614.29,Chicago,Illinois,Central
2970,US-2022-100193,2022-11-27,2022-08-03,Same Day,Priya Torres,Home Office,Furnishings Item 876,Furniture,Furnishings,1134.42,6,0.1,227.67,Savannah,Georgia,South
2971,US-2024-102854,2024-10-21,2024-10-23,First Class,Richard Rodriguez,Corporate,Paper Item 620,Office Supplies,Paper,288.32,8,0.1,17.5,San Francisco,California,West
2972,US-2024-100495,2024-04-25,2024-05-02,First Class,David Wilson,Consumer,Phones Item 944,Technology,Phones,2678.4,8,0.1,545.91,Detroit,Michigan,Central
2973,US-2024-102914,2024-12-17,2024-12-21,First Class,Jennifer Martinez,Consumer,Tables Item 468,Furniture,Tables,3659.04,6,0.0,600.59,Savannah,Georgia,South
2974,US-2024-101545,2024-09-14,2024-09-18,Same Day,Sarah Smith,Home Office,Binders Item 144,Office Supplies,Binders,253.61,7,0.4,-60.71,Reno,Nevada,West
2975,US-2024-103057,2024-10-14,2024-10-17,Same Day,Amara Martinez,Consumer,Binders Item 132,Office Supplies,Binders,278.15,5,0.2,10.84,San Diego,California,West
2976,US-2023-102742,2023-05-09,2023-05-10,Same Day,David Lee,Home Office,Labels Item 365,Office Supplies,Labels,85.89,7,0.0,25.37,Philadelphia,Pennsylvania,East
2977,US-2022-101787,2022-07-17,2022-07-20,First Class,William Rodriguez,Corporate,Laptops Item 674,Technology,Laptops,13385.33,7,0.1,3184.24,Chicago,Illinois,Central
2978,US-2024-101572,2024-12-21,2024-12-23,Same Day,Jennifer Lee,Consumer,Phones Item 804,Technology,Phones,2353.36,4,0.0,606.38,Buffalo,New York,East
2979,US-2023-103291,2023-05-11,2023-05-18,Same Day,Wei Jones,Corporate,Chairs Item 863,Furniture,Chairs,895.9,2,0.3,7.51,Seattle,Washington,West
2980,US-2022-101079,2022-01-23,2022-01-26,Standard Class,Mei Martinez,Corporate,Binders Item 490,Office Supplies,Binders,11.09,1,0.15,0.61,Chicago,Illinois,Central
2981,US-2024-100023,2024-06-27,2024-06-28,Standard Class,John Lee,Home Office,Art Item 251,Office Supplies,Art,48.82,2,0.1,8.42,San Francisco,California,West
2982,US-2023-101597,2023-04-16,2023-04-21,First Class,Mei Kim,Consumer,Art Item 689,Office Supplies,Art,152.92,2,0.1,16.11,Eugene,Oregon,West
2983,US-2024-101852,2024-06-26,2024-06-30,Second Class,Elizabeth Torres,Consumer,Tables Item 981,Furniture,Tables,1770.2,5,0.15,273.71,Detroit,Michigan,Central
2984,US-2024-101593,2024-02-14,2024-02-18,Standard Class,Michael Williams,Consumer,Tables Item 402,Furniture,Tables,3584.0,7,0.5,-1049.72,Nashville,Tennessee,South
2985,US-2023-101363,2023-01-29,2023-02-05,Standard Class,Linda Lee,Consumer,Storage Item 348,Office Supplies,Storage,531.78,6,0.5,-180.5,Charlotte,North Carolina,South
2986,US-2023-100842,2023-07-25,2023-07-27,Standard Class,Amara Chen,Home Office,Accessories Item 958,Technology,Accessories,199.48,2,0.4,-25.04,Atlanta,Georgia,South
2987,US-2023-102771,2023-09-26,2023-09-29,Second Class,David Lee,Corporate,Storage Item 769,Office Supplies,Storage,104.22,3,0.0,29.17,Atlanta,Georgia,South
2988,US-2024-101358,2024-09-05,2024-09-08,Second Class,Aiden Williams,Home Office,Labels Item 145,Office Supplies,Labels,6.09,3,0.0,1.28,Los Angeles,California,West
2989,US-2024-100245,2024-02-27,2024-03-02,Second Class,Jessica Williams,Corporate,Labels Item 451,Office Supplies,Labels,143.16,6,0.1,31.22,Buffalo,New York,East
2990,US-2023-100025,2023-04-13,2023-04-17,First Class,Joseph Rodriguez,Corporate,Labels Item 525,Office Supplies,Labels,58.28,4,0.1,4.49,San Diego,California,West
2991,US-2024-102629,2024-09-21,2024-09-26,Same Day,John Rodriguez,Home Office,Paper Item 930,Office Supplies,Paper,27.66,6,0.1,4.15,Cleveland,Ohio,Central
2992,US-2023-100800,2023-04-30,2023-05-01,Second Class,Michael Smith,Corporate,Printers Item 165,Technology,Printers,747.24,6,0.2,81.33,Albany,New York,East
2993,US-2022-100720,2022-07-11,2022-07-17,Second Class,Aiden Thomas,Home Office,Laptops Item 769,Technology,Laptops,6106.72,8,0.0,1738.5,Nashville,Tennessee,South
2994,US-2024-103129,2024-02-01,2024-02-07,Second Class,Amara Garcia,Corporate,Laptops Item 644,Technology,Laptops,10606.75,7,0.4,-1668.46,New York City,New York,East
2995,US-2024-103101,2024-08-28,2024-09-02,First Class,Elizabeth Lee,Home Office,Storage Item 622,Office Supplies,Storage,435.33,3,0.15,28.52,Worcester,Massachusetts,East
2996,US-2022-103026,2022-01-30,2022-02-01,Second Class,Fatima Brown,Corporate,Furnishings Item 723,Furniture,Furnishings,414.33,3,0.1,95.32,Miami,Florida,South
2997,US-2022-103125,2022-12-23,2022-05-24,First Class,Amara Thomas,Home Office,Furnishings Item 194,Furniture,Furnishings,1113.78,6,0.0,186.25,Jersey City,New Jersey,East
2998,US-2023-102754,2023-01-30,2023-02-04,Standard Class,Aiden Lee,Home Office,Furnishings Item 433,Furniture,Furnishings,815.7,6,0.1,85.29,Seattle,Washington,West
2999,US-2022-100451,2022-06-26,2022-06-28,Second Class,Mei Martinez,Corporate,Printers Item 988,Technology,Printers,1316.7,7,0.0,204.49,Memphis,Tennessee,South
3000,US-2024-103438,2024-09-30,2024-10-05,First Class,Diego Chen,Corporate,Paper Item 969,Office Supplies,Paper,138.12,4,0.0,32.73,Detroit,Michigan,Central
3001,US-2023-100785,2023-11-23,2023-10-30,Second Class,Elizabeth Khan,Corporate,Paper Item 238,Office Supplies,Paper,179.97,7,0.15,13.56,Eugene,Oregon,West
3002,US-2023-102361,2023-01-21,2023-01-28,Same Day,Jessica Torres,Consumer,Furnishings Item 118,Furniture,Furnishings,198.7,2,0.0,31.98,Ann Arbor,Michigan,Central
3003,US-2022-101320,2022-02-15,2022-02-19,Second Class,Linda Walker,Consumer,Chairs Item 980,Furniture,Chairs,3348.38,7,0.1,604.41,Seattle,Washington,West
3004,US-2023-102062,2023-07-05,2023-07-10,First Class,Patricia Taylor,Home Office,Art Item 787,Office Supplies,Art,114.68,2,0.1,25.24,San Francisco,California,West
3005,US-2024-103063,2024-01-25,2024-01-30,Same Day,Elizabeth Nguyen,Consumer,Paper Item 604,Office Supplies,Paper,64.98,2,0.1,12.82,Springfield,Illinois,Central
3006,US-2023-103269,2023-10-22,2023-10-23,Second Class,Carlos Nguyen,Corporate,Laptops Item 603,Technology,Laptops,6419.08,4,0.1,1397.14,San Diego,California,West
3007,US-2022-100491,2022-04-25,2022-04-29,First Class,Joseph Patel,Corporate,Accessories Item 658,Technology,Accessories,454.32,8,0.1,88.22,New York City,New York,East
3008,US-2023-102755,2023-04-28,2023-05-03,Second Class,Carlos Anderson,Consumer,Accessories Item 790,Technology,Accessories,230.7,5,0.15,17.95,Newark,New Jersey,East
3009,US-2022-101909,2022-02-22,2022-02-26,Second Class,John Kim,Corporate,Binders Item 325,Office Supplies,Binders,164.29,7,0.1,33.63,Memphis,Tennessee,South
3010,US-2022-101770,2022-07-29,2022-08-03,First Class,Michael Patel,Home Office,Printers Item 510,Technology,Printers,3013.36,7,0.1,158.24,Boston,Massachusetts,East
3011,US-2022-101688,2022-05-05,2022-05-09,Standard Class,Jennifer Singh,Corporate,Storage Item 575,Office Supplies,Storage,1326.08,8,0.3,-32.35,Portland,Oregon,West
3012,US-2024-103054,2024-07-09,2024-07-16,Same Day,Patricia Taylor,Corporate,Storage Item 879,Office Supplies,Storage,849.68,8,0.0,141.38,Raleigh,North Carolina,South
3013,US-2023-101924,2023-07-20,2023-07-25,First Class,Carlos Khan,Corporate,Binders Item 719,Office Supplies,Binders,466.88,8,0.15,45.49,Cleveland,Ohio,Central
3014,US-2023-100591,2023-02-15,2023-02-18,Second Class,Sarah Lee,Corporate,Phones Item 409,Technology,Phones,5233.44,6,0.0,1142.85,Portland,Oregon,West
3015,US-2024-101474,2024-10-06,2024-10-12,Same Day,Susan Ali,Home Office,Labels Item 980,Office Supplies,Labels,41.46,3,0.2,1.32,Portland,Oregon,
3016,US-2022-102180,2022-07-28,2022-07-31,Same Day,Wei Jones,Consumer,Printers Item 244,Technology,Printers,3017.92,8,0.15,66.3,Springfield,Illinois,Central
3017,US-2023-103469,2023-01-15,2023-01-19,First Class,Carlos Khan,Consumer,Laptops Item 868,Technology,Laptops,6797.49,7,,2061.41,Philadelphia,Pennsylvania,East
3018,US-2022-100689,2022-05-05,2022-05-12,Second Class,Mei Taylor,Corporate,Paper Item 801,Office Supplies,Paper,94.6,5,0.0,23.93,Miami,Florida,South
3019,US-2024-100626,2024-09-27,2024-10-03,First Class,Aiden Walker,Home Office,Storage Item 494,Office Supplies,Storage,974.16,6,0.1,132.78,Atlanta,Georgia,South
3020,US-2022-101536,2022-08-19,2022-08-22,Same Day,Robert Singh,Home Office,Labels Item 891,Office Supplies,Labels,73.0,4,0.2,3.8,Portland,Oregon,West
3021,US-2023-103039,2023-12-28,2023-08-30,Standard Class,Linda Miller,Home Office,Labels Item 868,Office Supplies,Labels,18.86,2,0.0,4.88,Pittsburgh,Pennsylvania,East
3022,US-2024-103179,2024-11-21,2024-06-27,First Class,Jennifer Chen,Consumer,Accessories Item 142,Technology,Accessories,85.68,1,0.2,1.85,Ann Arbor,Michigan,Central
3023,US-2024-101956,2024-06-28,2024-06-29,Standard Class,Mei Miller,Corporate,Furnishings Item 300,Furniture,Furnishings,145.15,5,0.3,-18.23,Eugene,Oregon,West
3024,US-2024-100645,2024-07-22,2024-07-24,First Class,Joseph Davis,Home Office,Storage Item 781,Office Supplies,Storage,84.56,4,0.1,4.71,Charlotte,North Carolina,South
3025,US-2022-102575,2022-09-08,2022-09-14,First Class,Carlos Chen,Consumer,Labels Item 938,Office Supplies,Labels,130.72,8,0.0,23.04,Philadelphia,Pennsylvania,East
3026,US-2023-101806,2023-12-08,2023-09-15,Same Day,Linda Lee,Consumer,Binders Item 539,Office Supplies,Binders,248.92,7,0.1,17.08,Tampa,Florida,South
3027,US-2022-102176,2022-01-06,2022-01-10,Standard Class,Patricia Williams,Corporate,Bookcases Item 184,Furniture,Bookcases,2831.65,5,0.2,140.77,Springfield,Illinois,Central
3028,US-2022-100011,2022-11-22,2022-03-25,Same Day,Mary Singh,Home Office,Paper Item 473,Office Supplies,Paper,50.5,2,0.4,-13.24,Chicago,Illinois,Central
3029,US-2024-102299,2024-04-17,2024-04-18,Same Day,Amara Rodriguez,Consumer,Labels Item 370,Office Supplies,Labels,76.56,4,0.15,2.41,Orlando,Florida,South
3030,US-2022-100596,2022-11-11,2022-11-14,Same Day,Aiden Williams,Consumer,Labels Item 500,Office Supplies,Labels,3.55,1,0.4,-0.62,Raleigh,North Carolina,South
3031,US-2024-102038,2024-12-18,2024-12-20,First Class,Jessica Taylor,Corporate,Phones Item 450,Technology,Phones,3971.4,6,0.1,615.85,Savannah,Georgia,South
3032,US-2023-102026,2023-10-31,2023-11-04,Standard Class,Mei Brown,Corporate,Bookcases Item 500,Furniture,Bookcases,659.35,1,0.15,80.98,Charlotte,North Carolina,South
3033,US-2023-100288,2023-12-25,2023-12-31,Same Day,Carlos Johnson,Home Office,Binders Item 305,Office Supplies,Binders,260.75,5,0.2,31.27,Chicago,Illinois,Central
3034,US-2022-100163,2022-11-15,2022-11-20,First Class,Susan Garcia,Home Office,Phones Item 749,Technology,Phones,3464.6,4,,-874.54,Spokane,Washington,West
3035,US-2024-100875,2024-12-23,2024-06-27,First Class,Diego Kim,Home Office,Storage Item 545,Office Supplies,Storage,466.95,3,0.3,-71.25,Seattle,Washington,West
3036,US-2024-102762,2024-12-28,2024-05-02,Standard Class,Linda Davis,Consumer,Printers Item 220,Technology,Printers,416.13,1,0.15,31.91,Savannah,Georgia,South
3037,US-2023-101468,2023-09-09,2023-09-11,Standard Class,James Wilson,Corporate,Paper Item 641,Office Supplies,Paper,57.9,2,0.1,4.25,Worcester,Massachusetts,East
3038,US-2022-102146,2022-06-21,2022-06-27,Same Day,Wei Khan,Home Office,Furnishings Item 511,Furniture,Furnishings,432.78,3,0.0,71.78,Buffalo,New York,East
3039,US-2024-100353,2024-08-18,2024-08-24,First Class,Diego Wilson,Corporate,Furnishings Item 603,Furniture,Furnishings,103.74,3,0.1,24.69,Philadelphia,Pennsylvania,East
3040,US-2022-103264,2022-11-17,2022-08-21,Second Class,Amara Wilson,Corporate,Binders Item 765,Office Supplies,Binders,17.64,4,0.4,-2.17,Savannah,Georgia,South
3041,US-2023-103081,2023-12-14,2023-12-20,First Class,Amara Brown,Consumer,Phones Item 472,Technology,Phones,266.09,1,0.1,26.67,Springfield,Illinois,Central
3042,US-2024-100674,2024-11-19,2024-11-21,Same Day,William Williams,Corporate,Printers Item 107,Technology,Printers,1039.56,4,0.0,233.08,Charlotte,North Carolina,South
3043,US-2024-101531,2024-06-10,2024-06-15,Same Day,James Singh,Corporate,Chairs Item 511,Furniture,Chairs,1144.86,6,0.1,66.88,Eugene,Oregon,West
3044,US-2022-101961,2022-11-08,2022-11-13,First Class,Wei Miller,Consumer,Printers Item 141,Technology,Printers,1144.62,2,0.0,263.31,Cleveland,Ohio,Central
3045,US-2023-102704,2023-01-21,2023-01-25,First Class,Jessica Ali,Home Office,Accessories Item 460,Technology,Accessories,145.33,1,0.2,2.72,Newark,New Jersey,East
3046,US-2023-103225,2023-08-28,2023-08-31,Same Day,Mei Miller,Consumer,Furnishings Item 442,Furniture,Furnishings,69.26,2,0.15,6.6,Los Angeles,California,West
3047,US-2023-100331,2023-10-08,2023-10-13,First Class,Mary Rodriguez,Corporate,Labels Item 882,Office Supplies,Labels,81.52,8,0.4,-7.56,Jersey City,New Jersey,East
3048,US-2022-100881,2022-05-06,2022-05-07,Second Class,Jennifer Davis,Consumer,Furnishings Item 846,Furniture,Furnishings,871.57,7,0.3,-9.7,Springfield,Illinois,Central
3049,US-2024-101361,2024-02-10,2024-02-14,First Class,Wei Lee,Home Office,Bookcases Item 545,Furniture,Bookcases,1911.33,3,0.0,586.09,Springfield,Illinois,Central
3050,US-2023-100225,2023-04-05,2023-04-11,Second Class,Mei Kim,Home Office,Paper Item 122,Office Supplies,Paper,114.1,7,0.0,19.02,Ann Arbor,Michigan,Central
3051,US-2024-102962,2024-05-02,2024-05-03,Same Day,Joseph Torres,Home Office,Accessories Item 696,Technology,Accessories,206.82,6,0.3,-10.42,Cleveland,Ohio,Central
3052,US-2023-102045,2023-03-17,2023-03-20,Second Class,Amara Wilson,Home Office,Phones Item 643,Technology,Phones,2361.24,3,0.4,-663.51,Jersey City,New Jersey,East
3053,US-2023-103155,2023-05-29,2023-06-02,Same Day,Robert Nguyen,Corporate,Accessories Item 342,Technology,Accessories,250.89,3,0.0,78.22,Orlando,Florida,South
3054,US-2023-100706,2023-12-24,2023-12-27,Same Day,David Lee,Corporate,Laptops Item 810,Technology,Laptops,2311.53,3,0.2,-110.07,Charlotte,North Carolina,South
3055,US-2022-102160,2022-11-22,2022-11-27,Second Class,David Nguyen,Consumer,Labels Item 878,Office Supplies,Labels,$33.96,3,0.3,-2.61,Pittsburgh,Pennsylvania,East
3056,US-2023-100315,2023-11-22,2023-04-23,Second Class,Jessica Davis,Corporate,Laptops Item 322,Technology,Laptops,3728.24,8,0.2,-72.75,Seattle,Washington,West
3057,US-2024-102398,2024-01-10,2024-01-12,First Class,Wei Singh,Consumer,Storage Item 958,Office Supplies,Storage,210.42,3,0.15,10.33,New York City,New York,East
3058,US-2022-102402,2022-12-15,2022-04-22,Standard Class,Mary Khan,Home Office,Phones Item 854,Technology,Phones,832.07,1,0.15,19.16,Portland,Oregon,West
3059,US-2023-102503,2023-04-08,2023-04-09,Second Class,David Singh,Home Office,Laptops Item 498,Technology,Laptops,13757.59,7,0.15,36.14,Philadelphia,Pennsylvania,East
3060,US-2022-102523,2022-05-14,2022-05-18,Same Day,Mei Ali,Consumer,Printers Item 694,Technology,Printers,2020.8,5,0.15,213.18,Philadelphia,Pennsylvania,East
3061,US-2022-100306,2022-07-30,2022-07-31,Standard Class,Diego Jones,Home Office,Binders Item 155,Office Supplies,Binders,20.96,4,0.0,6.5,Seattle,Washington,West
3062,US-2023-101925,2023-12-14,2023-12-20,Same Day,Elizabeth Khan,Corporate,Phones Item 472,Technology,Phones,4116.36,6,0.1,221.01,Chicago,Illinois,Central
3063,US-2022-100517,2022-12-14,2022-11-18,Standard Class,Elizabeth Miller,Corporate,Furnishings Item 547,Furniture,Furnishings,291.6,4,0.15,2.66,San Diego,California,West
3064,US-2024-102455,2024-10-07,2024-10-09,First Class,Amara Nguyen,Consumer,Art Item 886,Office Supplies,Art,424.34,7,0.0,110.05,Newark,New Jersey,East
3065,US-2022-101045,2022-08-05,2022-08-10,Standard Class,Carlos Torres,Home Office,Printers Item 242,Technology,Printers,3044.94,6,0.2,18.53,Portland,Oregon,West
3066,US-2024-102118,2024-03-14,2024-03-18,First Class,Mei Rodriguez,Home Office,Paper Item 728,Office Supplies,Paper,19.6,7,0.0,4.18,Nashville,Tennessee,South
3067,US-2022-100791,2022-12-14,2022-01-21,Same Day,Aiden Patel,Consumer,Paper Item 168,Office Supplies,Paper,54.05,5,0.15,3.41,Atlanta,Georgia,South
3068,US-2024-103194,2024-05-03,2024-05-04,Same Day,Diego Martinez,Home Office,Storage Item 792,Office Supplies,Storage,354.27,3,0.2,27.82,Jersey City,New Jersey,East
3069,US-2024-101785,2024-08-17,2024-08-20,First Class,Michael Wilson,Home Office,Phones Item 619,Technology,Phones,2931.16,4,0.15,461.48,Worcester,Massachusetts,East
3070,US-2022-102380,2022-11-12,2022-11-14,Second Class,Carlos Thomas,Home Office,Furnishings Item 342,Furniture,Furnishings,881.79,7,0.0,306.66,Orlando,Florida,South
3071,US-2024-100522,2024-12-23,2024-09-26,First Class,Elizabeth Brown,Corporate,Printers Item 189,Technology,Printers,1966.0,8,0.15,216.61,Las Vegas,Nevada,West
3072,US-2023-103041,2023-12-28,2023-12-31,Second Class,Amara Jones,Home Office,Paper Item 372,Office Supplies,Paper,152.0,8,0.15,27.07,Columbus,Ohio,Central
3073,US-2024-101085,2024-01-23,2024-01-27,Same Day,Susan Thomas,Consumer,Binders Item 482,Office Supplies,Binders,207.7,5,0.1,21.81,Nashville,Tennessee,South
3074,US-2023-100290,2023-11-28,2023-11-29,First Class,Mary Garcia,Home Office,Chairs Item 356,Furniture,Chairs,553.06,2,0.1,50.69,Portland,Oregon,West
3075,US-2023-102573,2023-06-24,2023-06-26,Standard Class,Mary Davis,Consumer,Binders Item 924,Office Supplies,Binders,130.85,5,0.2,13.87,Reno,Nevada,West
3076,US-2022-100114,2022-05-01,2022-05-06,Standard Class,Richard Khan,Home Office,Art Item 149,Office Supplies,Art,233.94,3,0.4,-49.45,Chicago,Illinois,Central
3077,US-2024-102975,2024-05-18,2024-05-22,Same Day,John Johnson,Corporate,Chairs Item 766,Furniture,Chairs,1437.24,4,0.15,215.71,Buffalo,New York,East
3078,US-2022-100917,2022-07-21,2022-07-25,Same Day,David Khan,Corporate,Art Item 293,Office Supplies,Art,146.04,3,0.15,19.66,Austin,Texas,Central
3079,US-2024-100526,2024-12-17,2024-12-18,Same Day,Diego Martinez,Corporate,Furnishings Item 666,Furniture,Furnishings,884.72,4,0.2,31.66,Dallas,Texas,Central
3080,US-2024-103368,2024-09-07,2024-09-11,Second Class,Jennifer Ali,Home Office,Tables Item 877,Furniture,Tables,457.58,2,0.1,69.84,Dallas,Texas,Central
3081,US-2022-101259,2022-12-03,2022-12-09,Standard Class,Amara Brown,Home Office,Chairs Item 267,Furniture,Chairs,547.28,8,0.0,134.29,Orlando,Florida,South
3082,US-2023-101496,2023-06-14,2023-06-17,Same Day,Mei Taylor,Consumer,Tables Item 688,Furniture,Tables,973.6,4,0.3,-19.47,Portland,Oregon,West
3083,US-2023-102362,2023-10-28,2023-11-04,Standard Class,Priya Brown,Corporate,Tables Item 100,Furniture,Tables,2107.12,8,0.3,-202.83,Cleveland,Ohio,Central
3084,US-2022-100611,2022-11-10,2022-05-12,Standard Class,Mary Johnson,Home Office,Storage Item 271,Office Supplies,Storage,763.64,4,0.15,11.62,Las Vegas,Nevada,West
3085,US-2022-100221,2022-11-12,2022-12-17,Second Class,Fatima Khan,Consumer,Binders Item 232,Office Supplies,Binders,62.72,8,0.0,21.78,Springfield,Illinois,Central
3086,US-2023-101352,2023-10-20,2023-10-25,Standard Class,Carlos Torres,Corporate,Tables Item 898,Furniture,Tables,200.44,1,0.4,-57.45,Nashville,Tennessee,South
3087,US-2024-103124,2024-11-18,2024-09-22,Same Day,David Patel,Corporate,Art Item 839,Office Supplies,Art,105.06,6,0.15,15.18,Boston,Massachusetts,East
3088,US-2024-103055,2024-03-08,2024-03-15,First Class,Patricia Kim,Corporate,Bookcases Item 561,Furniture,Bookcases,1209.06,6,0.3,10.58,Reno,Nevada,West
3089,US-2023-101402,2023-07-28,2023-07-29,Standard Class,Aiden Patel,Corporate,Labels Item 632,Office Supplies,Labels,142.26,6,,1.71,Atlanta,Georgia,South
3090,US-2023-103486,2023-11-24,2023-11-25,Second Class,Wei Torres,Home Office,Accessories Item 228,Technology,Accessories,75.7,2,0.2,3.81,Las Vegas,Nevada,West
3091,US-2023-102551,2023-11-28,2023-11-01,First Class,Diego Walker,Corporate,Laptops Item 130,Technology,Laptops,6041.7,5,0.1,939.62,Orlando,Florida,South
3092,US-2024-102028,2024-11-18,2024-11-20,First Class,Fatima Walker,Consumer,Printers Item 905,Technology,Printers,3397.45,7,0.1,146.91,Columbus,Ohio,Central
3093,US-2023-102347,2023-09-14,2023-09-20,First Class,Amara Nguyen,Consumer,Binders Item 539,Office Supplies,Binders,22.61,1,0.1,3.26,Los Angeles,California,West
3094,US-2023-102140,2023-10-06,2023-10-08,Same Day,,Corporate,Binders Item 192,Office Supplies,Binders,30.69,3,0.0,7.01,Albany,New York,East
3095,US-2023-103283,2023-08-25,2023-08-26,Standard Class,Fatima Kim,Home Office,Phones Item 522,Technology,Phones,266.13,1,0.0,58.88,Cleveland,Ohio,Central
3096,US-2023-102745,2023-01-28,2023-01-30,Standard Class,Diego Martinez,Home Office,Furnishings Item 721,Furniture,Furnishings,1281.84,8,0.15,215.37,Detroit,Michigan,Central
3097,US-2024-103412,2024-07-22,2024-07-23,Same Day,Aiden Walker,Corporate,Printers Item 976,Technology,Printers,2348.52,4,0.2,289.23,San Francisco,California,West
3098,US-2024-101943,2024-03-25,2024-03-28,First Class,Fatima Wilson,Corporate,Labels Item 892,Office Supplies,Labels,67.14,3,0.15,11.54,Springfield,Illinois,Central
3099,US-2024-103179,2024-06-21,2024-06-27,First Class,Jennifer Chen,Consumer,Accessories Item 142,Technology,Accessories,85.68,1,0.2,1.85,Ann Arbor,Michigan,Central
3100,US-2022-101725,2022-11-23,2022-05-27,First Class,John Davis,Consumer,Binders Item 623,Office Supplies,Binders,184.05,5,0.3,-31.17,Columbus,Ohio,Central
3101,US-2024-100518,2024-11-07,2024-12-11,First Class,Linda Torres,Consumer,Laptops Item 664,Technology,Laptops,2692.6,5,0.3,-109.7,Reno,Nevada,West
3102,US-2024-101332,2024-08-15,2024-08-16,First Class,David Lee,Consumer,Binders Item 866,Office Supplies,Binders,122.4,8,0.15,14.76,Houston,Texas,Central
3103,US-2024-101080,2024-02-03,2024-02-04,First Class,Priya Kim,Home Office,Tables Item 122,Furniture,Tables,3221.96,7,0.2,257.0,New York City,New York,East
3104,US-2024-100687,2024-08-29,2024-09-05,Second Class,Linda Singh,Home Office,Binders Item 257,Office Supplies,Binders,310.2,6,0.0,77.07,Pittsburgh,Pennsylvania,East
3105,US-2023-102816,2023-11-06,2023-05-08,Same Day,Carlos Miller,Consumer,Printers Item 902,Technology,Printers,946.92,2,0.3,-60.14,San Francisco,California,West
3106,US-2024-102953,2024-01-04,2024-01-05,Same Day,Aiden Davis,Home Office,Labels Item 696,Office Supplies,Labels,21.4,5,0.3,-1.19,Austin,Texas,Central
3107,US-2023-100644,2023-03-31,2023-04-01,Same Day,Robert Miller,Home Office,Accessories Item 972,Technology,Accessories,66.9,3,0.1,7.37,Jersey City,New Jersey,East
3108,US-2024-102758,2024-11-23,2024-11-29,Same Day,Linda Brown,Corporate,Binders Item 815,Office Supplies,Binders,72.4,8,0.2,6.17,Cleveland,Ohio,Central
3109,US-2024-102714,2024-09-25,2024-09-28,Same Day,Susan Davis,Corporate,Paper Item 626,Office Supplies,Paper,196.85,5,0.15,6.56,Seattle,Washington,West
3110,US-2024-101623,2024-12-19,2024-12-26,Second Class,Amara Torres,Home Office,Phones Item 847,Technology,Phones,4736.27,7,0.15,91.59,Buffalo,New York,East
3111,US-2022-102949,2022-09-10,2022-09-16,First Class,Mary Davis,Home Office,Chairs Item 588,Furniture,Chairs,2775.18,6,0.15,144.54,Orlando,Florida,South
3112,US-2023-101776,2023-09-28,2023-10-01,Same Day,Jennifer Khan,Home Office,Accessories Item 723,Technology,Accessories,367.59,3,0.2,-15.65,Pittsburgh,Pennsylvania,East
3113,US-2023-101881,2023-01-05,2023-01-10,Second Class,Robert Davis,Consumer,Storage Item 407,Office Supplies,Storage,260.26,7,0.1,48.66,Worcester,Massachusetts,East
3114,US-2023-100556,2023-04-30,2023-05-04,Same Day,Linda Davis,Corporate,Binders Item 162,Office Supplies,Binders,49.5,1,0.0,9.65,Cleveland,Ohio,Central
3115,US-2022-102790,2022-12-14,2022-12-21,Second Class,Diego Walker,Corporate,Storage Item 602,Office Supplies,Storage,1102.14,6,0.15,80.26,Buffalo,New York,East
3116,US-2023-103432,09/01/2023,2023-09-08,Same Day,Richard Jones,Consumer,Laptops Item 418,Technology,Laptops,2123.98,1,0.15,1.15,Austin,Texas,Central
3117,US-2023-103425,2023-10-09,2023-10-15,Same Day,Carlos Davis,Home Office,Labels Item 369,Office Supplies,Labels,110.46,7,0.15,-0.07,Columbus,Ohio,Central
3118,US-2022-100342,2022-11-16,2022-11-23,Standard Class,Joseph Patel,Home Office,Tables Item 155,Furniture,Tables,946.84,4,0.15,112.42,Detroit,Michigan,Central
3119,US-2023-101427,2023-01-18,2023-01-24,Second Class,David Garcia,Consumer,Bookcases Item 415,Furniture,Bookcases,596.37,3,0.15,100.58,Boston,Massachusetts,East
3120,US-2022-100517,2022-11-14,2022-11-18,Standard Class,Elizabeth Miller,Corporate,Furnishings Item 547,Furniture,Furnishings,291.6,4,0.15,2.66,San Diego,California,West
3121,US-2022-102982,2022-12-08,2022-12-10,Same Day,Diego Miller,Home Office,Bookcases Item 771,Furniture,Bookcases,$996.03,3,0.1,193.6,Reno,Nevada,West
3122,US-2022-101257,2022-05-17,2022-05-24,First Class,Richard Brown,Corporate,Binders Item 636,Office Supplies,Binders,85.65,3,0.15,7.46,Reno,Nevada,West
3123,US-2024-102914,2024-12-17,2024-12-21,First Class,Jennifer Martinez,Consumer,Tables Item 468,Furniture,Tables,3659.04,6,0.0,600.59,Savannah,Georgia,South
3124,US-2024-100614,2024-12-20,2024-10-21,Second Class,Richard Wilson,Consumer,Art Item 714,Office Supplies,Art,174.1,5,0.2,-2.64,Houston,Texas,Central
3125,US-2023-102825,2023-12-24,2023-12-26,Standard Class,Mei Williams,Home Office,Art Item 855,Office Supplies,Art,363.44,7,0.0,96.73,Memphis,Tennessee,South
3126,US-2024-100501,2024-02-22,2024-02-24,Same Day,Amara Chen,Home Office,Accessories Item 320,Technology,Accessories,179.6,5,0.2,6.89,Seattle,Washington,West
3127,US-2023-102414,2023-11-11,2023-11-14,Second Class,Patricia Kim,Home Office,Furnishings Item 990,Furniture,Furnishings,536.97,3,0.0,98.54,Charlotte,North Carolina,South
3128,US-2024-102637,2024-07-05,2024-07-07,First Class,Elizabeth Davis,Corporate,Binders Item 710,Office Supplies,Binders,59.94,3,0.0,18.34,Worcester,Massachusetts,East
3129,US-2023-101042,2023-11-19,2023-11-22,Same Day,Susan Chen,Home Office,Chairs Item 450,Furniture,Chairs,1320.65,5,0.15,220.34,Savannah,Georgia,South
3130,US-2022-102907,2022-01-07,2022-01-11,Second Class,Carlos Torres,Consumer,Tables Item 520,Furniture,Tables,3026.72,4,0.3,-374.42,Newark,New Jersey,East
3131,US-2022-100743,2022-11-22,2022-11-25,Second Class,Priya Smith,Consumer,Art Item 126,Office Supplies,Art,146.7,5,0.3,-15.65,Albany,New York,East
3132,US-2023-101305,2023-11-01,2023-11-03,Second Class,Linda Walker,Consumer,Paper Item 128,Office Supplies,Paper,230.96,8,0.2,-13.27,Jersey City,New Jersey,East
3133,US-2024-101386,2024-09-11,2024-09-17,Same Day,Mary Davis,Consumer,Chairs Item 660,Furniture,Chairs,93.55,1,0.1,8.88,Memphis,Tennessee,South
3134,US-2023-101436,2023-12-27,2023-11-29,Same Day,Carlos Nguyen,Home Office,Chairs Item 718,Furniture,Chairs,453.4,1,0.2,54.09,Atlanta,Georgia,South
3135,US-2022-101467,2022-11-08,2022-11-12,Second Class,Amara Nguyen,Consumer,Binders Item 416,Office Supplies,Binders,7.47,1,0.0,1.93,Eugene,Oregon,West
3136,US-2022-102400,2022-07-31,2022-08-06,Standard Class,Mary Johnson,Corporate,Chairs Item 159,Furniture,Chairs,911.2,8,0.1,152.15,Nashville,Tennessee,South
3137,US-2022-102859,2022-05-20,2022-05-27,First Class,Wei Ali,Home Office,Accessories Item 963,Technology,Accessories,290.88,8,0.0,61.3,Savannah,Georgia,South
3138,US-2022-101370,2022-08-16,2022-08-18,Standard Class,Mei Brown,Home Office,Art Item 357,Office Supplies,Art,154.42,2,0.0,25.5,Charlotte,North Carolina,South
3139,US-2022-101218,2022-12-22,2022-03-28,Same Day,Mary Wilson,Corporate,Labels Item 312,Office Supplies,Labels,168.77,7,0.2,1.33,Eugene,Oregon,West
3140,US-2023-101348,2023-05-13,2023-05-20,Same Day,Mei Wilson,Home Office,Tables Item 659,Furniture,Tables,5224.8,6,0.15,464.0,Boston,Massachusetts,East
3141,US-2024-102112,2024-11-14,2024-11-17,Second Class,Jessica Wilson,Home Office,Binders Item 960,Office Supplies,Binders,379.26,7,0.0,118.32,Springfield,Illinois,Central
3142,US-2023-100731,2023-09-01,2023-09-03,Second Class,Carlos Torres,Corporate,Printers Item 593,Technology,Printers,1708.86,6,0.5,-460.97,Chicago,Illinois,Central
3143,US-2023-101789,2023-07-13,2023-07-16,First Class,Priya Walker,Corporate,Printers Item 843,Technology,Printers,181.49,1,0.1,25.02,Philadelphia,Pennsylvania,East
3144,US-2024-102869,2024-05-24,2024-05-26,Same Day,Diego Wilson,Corporate,Bookcases Item 489,Furniture,Bookcases,1409.46,3,0.0,286.43,Boston,Massachusetts,East
3145,US-2024-100869,2024-07-28,2024-07-31,Standard Class,David Jones,Home Office,Laptops Item 579,Technology,Laptops,4838.44,4,0.15,115.76,Miami,Florida,South
3146,US-2022-100543,2022-10-28,2022-11-03,Same Day,Jessica Walker,Consumer,Laptops Item 194,Technology,Laptops,12603.12,6,0.1,1682.27,Newark,New Jersey,East
3147,US-2024-103313,2024-01-02,2024-01-07,First Class,Patricia Anderson,Consumer,Furnishings Item 769,Furniture,Furnishings,416.44,2,0.0,76.76,New York City,New York,East
3148,US-2024-102574,2024-02-22,2024-02-25,First Class,Amara Walker,Corporate,Storage Item 377,Office Supplies,Storage,405.03,3,0.15,66.77,Orlando,Florida,South
3149,US-2024-100207,2024-05-03,2024-05-08,Standard Class,Elizabeth Lee,Corporate,Printers Item 316,Technology,Printers,3445.92,6,,912.09,Seattle,Washington,West
3150,US-2022-101005,2022-12-09,2022-08-12,Second Class,David Jones,Consumer,Phones Item 202,Technology,Phones,995.1,5,0.4,-191.54,Tampa,Florida,South
3151,US-2022-101483,2022-12-12,2022-12-16,Second Class,Jessica Davis,Consumer,Chairs Item 737,Furniture,Chairs,1310.64,3,0.0,380.39,Chicago,Illinois,Central
3152,US-2023-102699,2023-07-21,2023-07-28,Same Day,David Anderson,Corporate,Binders Item 616,Office Supplies,Binders,24.81,3,0.15,1.9,Springfield,Illinois,Central
3153,US-2023-100341,2023-01-26,2023-01-29,First Class,,Corporate,Printers Item 273,Technology,Printers,3534.16,7,0.1,323.66,Charlotte,North Carolina,South
3154,US-2022-103383,2022-09-02,2022-09-09,Same Day,William Chen,Corporate,Phones Item 240,Technology,Phones,3723.15,5,0.2,413.83,Spokane,Washington,West
3155,US-2024-100962,2024-04-06,2024-04-12,First Class,Patricia Taylor,Home Office,Binders Item 428,Office Supplies,Binders,306.56,8,0.0,67.78,Boston,Massachusetts,East
3156,US-2023-103086,2023-07-05,2023-07-09,Standard Class,Elizabeth Nguyen,Corporate,Art Item 799,Office Supplies,Art,26.88,3,0.0,7.4,San Diego,California,West
3157,US-2023-103199,2023-01-13,2023-01-19,Second Class,Wei Thomas,Home Office,Accessories Item 207,Technology,Accessories,79.75,1,0.15,4.06,Spokane,Washington,West
3158,US-2024-102027,2024-12-12,2024-01-18,First Class,David Anderson,Corporate,Printers Item 324,Technology,Printers,4064.8,8,0.2,167.62,Ann Arbor,Michigan,Central
3159,US-2024-102390,2024-11-27,2024-12-04,Standard Class,Mei Chen,Consumer,Laptops Item 531,Technology,Laptops,2502.3,3,0.0,492.24,Atlanta,Georgia,South
3160,US-2023-102569,2023-11-10,2023-11-11,Second Class,Richard Wilson,Corporate,Printers Item 474,Technology,Printers,1181.01,3,0.15,1.11,Boston,Massachusetts,East
3161,US-2024-100707,2024-10-15,2024-10-20,Same Day,James Williams,Home Office,Paper Item 941,Office Supplies,Paper,85.75,7,0.1,4.41,Charlotte,North Carolina,South
3162,US-2024-101685,2024-10-04,2024-10-05,Same Day,Carlos Ali,Consumer,Art Item 898,Office Supplies,Art,135.24,7,0.15,16.76,Reno,Nevada,West
3163,US-2024-100430,2024-08-05,2024-08-08,Standard Class,William Smith,Home Office,Art Item 993,Office Supplies,Art,189.44,4,0.15,-0.35,Buffalo,New York,East
3164,US-2022-102366,2022-10-26,2022-10-31,First Class,Sarah Kim,Home Office,Furnishings Item 624,Furniture,Furnishings,286.08,6,0.3,-47.63,Seattle,Washington,West
3165,US-2023-100368,2023-04-22,2023-04-28,First Class,Priya Rodriguez,Consumer,Furnishings Item 221,Furniture,Furnishings,820.24,8,0.2,86.49,Springfield,Illinois,Central
3166,US-2024-101293,2024-10-01,2024-10-03,Same Day,Jessica Chen,Corporate,Accessories Item 559,Technology,Accessories,644.14,7,0.1,106.26,Atlanta,Georgia,South
3167,US-2024-102681,2024-08-05,2024-08-06,First Class,Sarah Kim,Consumer,Binders Item 213,Office Supplies,Binders,112.14,3,0.0,21.92,Springfield,Illinois,Central
3168,US-2022-102449,2022-10-05,2022-10-09,Same Day,Susan Ali,Corporate,Laptops Item 307,Technology,Laptops,664.89,1,0.2,-6.92,Columbus,Ohio,Central
3169,US-2024-103162,2024-11-18,2024-08-22,Second Class,Linda Lee,Home Office,Furnishings Item 932,Furniture,Furnishings,582.08,4,0.0,129.15,Newark,New Jersey,East
3170,US-2024-102217,2024-03-14,2024-03-17,Second Class,Richard Patel,Home Office,Printers Item 428,Technology,Printers,327.05,1,0.0,109.39,Portland,Oregon,West
3171,US-2023-102643,2023-01-19,2023-01-20,Same Day,Jessica Johnson,Home Office,Bookcases Item 319,Furniture,Bookcases,2192.52,6,0.4,-324.64,Worcester,Massachusetts,East
3172,US-2023-101506,2023-07-29,2023-08-02,Standard Class,Sarah Walker,Home Office,Accessories Item 191,Technology,Accessories,260.52,3,0.15,11.08,Nashville,Tennessee,South
3173,US-2024-100506,2024-10-19,2024-10-26,First Class,William Singh,Corporate,Accessories Item 389,Technology,Accessories,40.97,1,0.5,-8.3,Detroit,Michigan,Central
3174,US-2024-102027,2024-01-12,2024-01-18,First Class,David Anderson,Corporate,Printers Item 324,Technology,Printers,4064.8,8,0.2,167.62,Ann Arbor,Michigan,Central
3175,US-2024-101537,2024-04-12,2024-04-17,First Class,John Walker,Home Office,Art Item 639,Office Supplies,Art,85.41,3,0.3,-10.74,San Francisco,California,West
3176,US-2022-101203,2022-11-18,2022-11-20,Standard Class,Robert Thomas,Consumer,Storage Item 947,Office Supplies,Storage,561.08,4,0.0,152.14,San Diego,California,West
3177,US-2024-103032,2024-08-21,2024-08-28,Second Class,Wei Brown,Consumer,Furnishings Item 540,Furniture,Furnishings,665.7,5,0.0,176.11,Houston,Texas,Central
3178,US-2023-100205,07/19/2023,2023-07-23,Second Class,Aiden Davis,Consumer,Labels Item 505,Office Supplies,Labels,182.56,8,0.0,30.72,Raleigh,North Carolina,South
3179,US-2023-102990,2023-10-30,2023-11-03,First Class,Priya Rodriguez,Home Office,Labels Item 517,Office Supplies,Labels,14.36,1,0.0,3.81,Orlando,Florida,South
3180,US-2022-103482,2022-07-06,2022-07-13,First Class,Mei Ali,Consumer,Paper Item 986,Office Supplies,Paper,38.24,1,0.3,-1.97,Spokane,Washington,West
3181,US-2022-101390,2022-06-01,2022-06-02,Same Day,Joseph Garcia,Corporate,Furnishings Item 988,Furniture,Furnishings,857.29,7,0.0,164.46,San Francisco,California,West
3182,US-2024-102824,2024-07-10,2024-07-17,Same Day,Richard Wilson,Corporate,Furnishings Item 836,Furniture,Furnishings,208.96,8,0.4,-29.87,Raleigh,North Carolina,South
3183,US-2024-101147,2024-11-08,2024-11-11,Same Day,Fatima Brown,Consumer,Art Item 705,Office Supplies,Art,164.16,8,0.0,41.58,Chicago,Illinois,Central
3184,US-2024-103221,2024-10-21,2024-10-22,First Class,Wei Miller,Consumer,Paper Item 342,Office Supplies,Paper,73.32,6,0.5,-29.02,Albany,New York,East
3185,US-2024-100320,2024-08-31,2024-09-06,Second Class,Mary Rodriguez,Consumer,Tables Item 354,Furniture,Tables,315.39,1,0.5,-102.36,Boston,Massachusetts,East
3186,US-2022-103262,2022-12-15,2022-12-16,Same Day,Linda Smith,Home Office,Laptops Item 870,Technology,Laptops,5479.71,3,0.0,1026.8,Houston,Texas,Central
3187,US-2022-103373,2022-12-14,2022-12-17,Same Day,Michael Rodriguez,Consumer,Binders Item 746,Office Supplies,Binders,60.4,2,,11.11,Philadelphia,Pennsylvania,East
3188,US-2022-102876,2022-12-26,2022-02-27,Same Day,Aiden Thomas,Consumer,Paper Item 613,Office Supplies,Paper,33.78,3,0.4,-4.4,New York City,New York,East
3189,US-2022-102358,2022-06-18,2022-06-22,First Class,Fatima Rodriguez,Home Office,Tables Item 119,Furniture,Tables,3572.1,7,0.0,765.04,Savannah,Georgia,South
3190,US-2023-101365,2023-01-18,2023-01-19,Second Class,Jennifer Thomas,Corporate,Binders Item 285,Office Supplies,Binders,119.42,7,0.0,29.47,Columbus,Ohio,Central
3191,US-2023-101419,2023-01-27,2023-02-03,Second Class,Carlos Patel,Home Office,Printers Item 663,Technology,Printers,1192.98,2,0.2,-72.79,Dallas,Texas,Central
3192,US-2024-100356,2024-07-13,2024-07-17,Standard Class,Mary Walker,Home Office,Labels Item 650,Office Supplies,Labels,19.49,1,0.1,3.1,Raleigh,North Carolina,South
3193,US-2024-102764,2024-09-15,2024-09-21,First Class,Joseph Jones,Consumer,Printers Item 754,Technology,Printers,2885.82,7,0.2,-155.0,Las Vegas,Nevada,West
3194,US-2023-103325,01/26/2023,2023-01-27,Same Day,James Taylor,Corporate,Binders Item 128,Office Supplies,Binders,336.72,8,0.0,108.36,San Diego,California,West
3195,US-2023-103338,2023-06-06,2023-06-07,Same Day,Michael Rodriguez,Home Office,Art Item 617,Office Supplies,Art,14.88,1,0.0,4.79,Jersey City,New Jersey,East
3196,US-2023-102991,2023-05-15,2023-05-16,Same Day,Richard Wilson,Home Office,Printers Item 711,Technology,Printers,3323.84,8,0.0,509.86,Nashville,Tennessee,South
3197,US-2022-100680,2022-08-24,2022-08-31,First Class,Joseph Anderson,Home Office,Labels Item 940,Office Supplies,Labels,25.11,3,0.0,6.74,Las Vegas,Nevada,West
3198,US-2023-102036,2023-11-09,2023-11-11,Standard Class,Robert Ali,Consumer,Paper Item 245,Office Supplies,Paper,57.28,4,0.2,3.74,Jersey City,New Jersey,East
3199,US-2024-101417,2024-01-02,2024-01-09,Standard Class,Linda Patel,Consumer,Paper Item 980,Office Supplies,Paper,$52.0,8,0.4,-12.08,New York City,New York,East
3200,US-2024-102775,2024-12-12,2024-11-13,Second Class,Aiden Davis,Home Office,Bookcases Item 275,Furniture,Bookcases,958.56,4,0.3,-146.53,Philadelphia,Pennsylvania,East
3201,US-2024-101807,2024-10-10,2024-10-13,Same Day,Carlos Smith,Home Office,Tables Item 107,Furniture,Tables,2397.84,6,0.2,214.72,Detroit,Michigan,Central
3202,US-2024-100997,2024-12-02,2024-10-06,Second Class,Carlos Smith,Consumer,Accessories Item 777,Technology,Accessories,95.43,1,0.2,-4.1,Austin,Texas,Central
3203,US-2023-102508,2023-01-17,2023-01-20,Second Class,Wei Jones,Consumer,Tables Item 338,Furniture,Tables,2057.52,8,0.15,56.27,Atlanta,Georgia,South
3204,US-2023-101165,2023-06-05,2023-06-09,First Class,Amara Brown,Home Office,Bookcases Item 334,Furniture,Bookcases,474.57,1,0.2,-28.37,Boston,Massachusetts,East
3205,US-2024-103129,2024-11-01,2024-02-07,Second Class,Amara Garcia,Corporate,Laptops Item 644,Technology,Laptops,10606.75,7,0.4,-1668.46,New York City,New York,East
3206,US-2022-100755,2022-09-08,2022-09-09,First Class,Fatima Smith,Home Office,Storage Item 436,Office Supplies,Storage,382.38,3,0.2,31.73,New York City,New York,East
3207,US-2023-101682,2023-10-21,2023-10-25,Same Day,Aiden Walker,Home Office,Bookcases Item 585,Furniture,Bookcases,509.26,1,0.0,103.28,Eugene,Oregon,West
3208,US-2024-103422,2024-08-15,2024-08-21,Second Class,Amara Brown,Corporate,Art Item 791,Office Supplies,Art,56.36,4,0.0,9.42,Portland,Oregon,West
3209,US-2022-101056,2022-11-24,2022-11-28,Standard Class,Elizabeth Taylor,Consumer,Printers Item 168,Technology,Printers,1225.36,8,,98.52,Worcester,Massachusetts,East
3210,US-2022-102686,2022-01-14,2022-01-19,First Class,Fatima Khan,Consumer,Furnishings Item 990,Furniture,Furnishings,759.08,7,0.3,-83.96,Springfield,Illinois,Central
3211,US-2023-100463,2023-11-03,2023-06-04,Standard Class,Fatima Wilson,Home Office,Labels Item 110,Office Supplies,Labels,11.78,1,0.1,0.52,New York City,New York,East
3212,US-2023-100137,2023-11-07,2023-09-08,Standard Class,Richard Brown,Corporate,Furnishings Item 763,Furniture,Furnishings,1755.44,8,0.0,583.94,Jersey City,New Jersey,East
3213,US-2024-100172,2024-12-21,2024-12-23,Same Day,Priya Taylor,Consumer,Printers Item 245,Technology,Printers,850.3,5,0.0,201.33,Dallas,Texas,Central
3214,US-2023-100194,2023-06-19,2023-06-20,Standard Class,John Torres,Consumer,Phones Item 484,Technology,Phones,1807.65,5,0.0,335.3,Pittsburgh,Pennsylvania,East
3215,US-2022-101441,2022-09-25,2022-10-01,Same Day,,Corporate,Paper Item 970,Office Supplies,Paper,58.4,4,0.3,-0.53,Buffalo,New York,East
3216,US-2024-103439,2024-06-01,2024-06-03,Same Day,David Anderson,Home Office,Furnishings Item 291,Furniture,Furnishings,450.45,7,0.1,35.23,Boston,Massachusetts,East
3217,US-2024-102223,08/26/2024,2024-08-30,First Class,Priya Anderson,Corporate,Phones Item 396,Technology,Phones,3658.0,8,0.4,-345.15,Nashville,Tennessee,South
3218,US-2024-100358,2024-07-14,2024-07-15,Standard Class,Mei Nguyen,Home Office,Tables Item 812,Furniture,Tables,3032.72,8,0.3,17.91,Austin,Texas,Central
3219,US-2022-103292,2022-07-09,2022-07-15,First Class,Elizabeth Patel,Home Office,Art Item 689,Office Supplies,Art,362.82,6,0.5,-138.84,Detroit,Michigan,Central
3220,US-2023-100542,2023-04-29,2023-05-06,Second Class,James Nguyen,Corporate,Binders Item 391,Office Supplies,Binders,214.4,8,0.0,69.86,Reno,Nevada,West
3221,US-2024-101565,2024-12-28,2024-10-05,Standard Class,Mei Kim,Corporate,Laptops Item 441,Technology,Laptops,8450.72,4,0.0,2684.78,Jersey City,New Jersey,East
3222,US-2023-100538,2023-10-05,2023-10-08,Standard Class,Mei Thomas,Home Office,Labels Item 725,Office Supplies,Labels,123.6,5,0.2,1.92,Ann Arbor,Michigan,Central
3223,US-2023-101781,2023-08-07,2023-08-08,Second Class,Wei Miller,Home Office,Printers Item 418,Technology,Printers,1914.88,8,0.0,602.18,Buffalo,New York,East
3224,US-2024-102514,2024-01-13,2024-01-18,Second Class,William Thomas,Home Office,Labels Item 235,Office Supplies,Labels,55.65,7,0.1,2.81,Newark,New Jersey,East
3225,US-2024-102682,2024-08-21,2024-08-22,Same Day,Aiden Lee,Corporate,Tables Item 489,Furniture,Tables,2140.12,4,0.4,-323.17,Boston,Massachusetts,East
3226,US-2023-100019,2023-11-15,2023-11-17,Second Class,Elizabeth Lee,Consumer,Laptops Item 170,Technology,Laptops,948.3,1,0.0,160.77,Buffalo,New York,East
3227,US-2024-100646,2024-09-06,2024-09-12,Second Class,Jessica Martinez,Corporate,Chairs Item 821,Furniture,Chairs,1173.25,5,0.5,-438.16,Eugene,Oregon,West
3228,US-2022-100435,2022-06-15,2022-06-20,First Class,Robert Miller,Home Office,Accessories Item 790,Technology,Accessories,522.6,4,0.2,62.31,Charlotte,North Carolina,South
3229,US-2024-101986,2024-06-19,2024-06-25,Second Class,William Wilson,Corporate,Phones Item 352,Technology,Phones,5282.1,6,0.1,786.19,Boston,Massachusetts,East
3230,US-2023-102892,2023-11-27,2023-12-02,Second Class,John Lee,Corporate,Bookcases Item 835,Furniture,Bookcases,2247.75,5,0.3,-356.29,Albany,New York,East
3231,US-2022-101663,2022-10-04,2022-10-06,Same Day,Richard Jones,Consumer,Storage Item 944,Office Supplies,Storage,638.64,4,0.2,51.31,Spokane,Washington,West
3232,US-2023-100446,2023-08-29,2023-09-02,First Class,Patricia Lee,Home Office,Labels Item 250,Office Supplies,Labels,111.66,6,0.15,17.43,Chicago,Illinois,Central
3233,US-2022-103026,2022-12-28,2022-02-01,Second Class,Fatima Brown,Corporate,Furnishings Item 723,Furniture,Furnishings,414.33,3,0.1,95.32,Miami,Florida,South
3234,US-2024-101254,2024-04-15,2024-04-22,Second Class,Carlos Martinez,Consumer,Phones Item 992,Technology,Phones,4742.82,6,0.0,1127.98,Portland,Oregon,West
3235,US-2024-101784,2024-02-22,2024-02-25,Same Day,Amara Chen,Consumer,Bookcases Item 839,Furniture,Bookcases,872.12,2,0.5,-232.47,Spokane,Washington,West
3236,US-2022-100049,2022-11-25,2022-11-28,Same Day,Aiden Nguyen,Consumer,Labels Item 950,Office Supplies,Labels,28.04,2,0.0,6.6,Charlotte,North Carolina,South
3237,US-2023-100440,2023-02-23,2023-02-28,Standard Class,William Lee,Corporate,Laptops Item 798,Technology,Laptops,3590.16,8,0.0,697.91,Los Angeles,California,West
3238,US-2022-100596,2022-11-11,2022-11-14,Same Day,Aiden Williams,Consumer,Labels Item 500,Office Supplies,Labels,3.55,1,0.4,-0.62,Raleigh,North Carolina,South
3239,US-2023-102773,2023-11-06,2023-11-09,Second Class,Sarah Chen,Corporate,Chairs Item 648,Furniture,Chairs,1677.3,5,0.3,-276.66,Columbus,Ohio,Central
3240,US-2023-101049,2023-12-08,2023-12-14,Second Class,Amara Wilson,Consumer,Bookcases Item 770,Furniture,Bookcases,1752.44,4,0.1,292.51,Raleigh,North Carolina,South
3241,US-2022-102841,2022-04-20,2022-04-26,Same Day,John Kim,Corporate,Chairs Item 975,Furniture,Chairs,817.85,5,0.0,203.54,Newark,New Jersey,East
3242,US-2022-101869,2022-08-24,2022-08-28,Standard Class,Diego Walker,Consumer,Chairs Item 444,Furniture,Chairs,2809.92,8,0.0,843.64,Eugene,Oregon,West
3243,US-2023-101029,02/26/2023,2023-02-28,Second Class,Fatima Nguyen,Home Office,Furnishings Item 299,Furniture,Furnishings,378.99,3,0.2,4.68,Raleigh,North Carolina,South
3244,US-2024-100787,2024-04-20,2024-04-24,Standard Class,Michael Patel,Consumer,Furnishings Item 885,Furniture,Furnishings,1515.84,8,0.1,322.21,Raleigh,North Carolina,South
3245,US-2022-102875,2022-05-20,2022-05-27,Second Class,Mei Brown,Corporate,Paper Item 605,Office Supplies,Paper,197.25,5,0.1,34.98,San Francisco,California,West
3246,US-2023-102203,2023-05-15,2023-05-17,Second Class,Wei Khan,Corporate,Phones Item 161,Technology,Phones,4460.65,5,0.15,543.59,Atlanta,Georgia,South
3247,US-2022-103150,2022-12-04,2022-12-05,First Class,Mary Smith,Corporate,Accessories Item 748,Technology,Accessories,111.44,1,0.0,23.66,Springfield,Illinois,Central
3248,US-2024-101883,2024-08-13,2024-08-18,First Class,Sarah Rodriguez,Consumer,Accessories Item 237,Technology,Accessories,631.92,8,0.1,63.18,Pittsburgh,Pennsylvania,East
3249,US-2023-102567,2023-12-12,2023-12-19,Second Class,Priya Kim,Consumer,Furnishings Item 885,Furniture,Furnishings,343.2,8,0.5,-136.18,Savannah,Georgia,South
3250,US-2023-100166,2023-12-23,2023-06-29,Standard Class,Mary Khan,Corporate,Furnishings Item 623,Furniture,Furnishings,509.35,5,0.1,97.58,Houston,Texas,Central
3251,US-2023-101895,2023-01-16,2023-01-21,Same Day,Mei Williams,Corporate,Storage Item 724,Office Supplies,Storage,110.88,3,0.0,38.38,Cleveland,Ohio,Central
3252,US-2024-103434,2024-05-05,2024-05-07,Second Class,Linda Ali,Home Office,Labels Item 922,Office Supplies,Labels,22.08,2,0.15,0.46,Chicago,Illinois,Central
3253,US-2022-103466,2022-11-13,2022-11-15,Second Class,Wei Miller,Home Office,Tables Item 997,Furniture,Tables,2138.7,6,0.4,-580.22,Raleigh,North Carolina,South
3254,US-2024-102673,2024-12-09,2024-04-15,Same Day,William Miller,Consumer,Tables Item 565,Furniture,Tables,868.6,1,0.15,80.35,Columbus,Ohio,Central
3255,US-2024-100310,2024-04-24,2024-04-27,Second Class,Mei Martinez,Consumer,Chairs Item 100,Furniture,Chairs,3317.84,8,0.0,994.2,Cleveland,Ohio,Central
3256,US-2024-102535,2024-04-09,2024-04-15,First Class,Richard Walker,Home Office,Binders Item 907,Office Supplies,Binders,221.88,4,0.2,-15.0,Philadelphia,Pennsylvania,East
3257,US-2023-100810,2023-09-14,2023-09-21,Second Class,Michael Wilson,Consumer,Laptops Item 126,Technology,Laptops,8424.06,6,0.1,1567.97,Houston,Texas,Central
3258,US-2022-101378,2022-12-19,2022-12-22,First Class,Aiden Patel,Home Office,Chairs Item 468,Furniture,Chairs,3245.83,7,0.0,675.46,Memphis,Tennessee,South
3259,US-2024-102926,2024-08-18,2024-08-24,Second Class,Diego Rodriguez,Corporate,Accessories Item 544,Technology,Accessories,262.0,8,0.1,60.77,Atlanta,Georgia,South
3260,US-2023-101805,2023-11-18,2023-10-24,Same Day,Fatima Patel,Consumer,Bookcases Item 426,Furniture,Bookcases,3928.92,6,0.0,1351.49,Austin,Texas,Central
3261,US-2022-101951,2022-11-18,2022-11-23,Standard Class,Robert Davis,Home Office,Paper Item 898,Office Supplies,Paper,36.78,2,0.3,-3.83,Pittsburgh,Pennsylvania,East
3262,US-2024-101244,2024-01-20,2024-01-25,Same Day,Linda Torres,Consumer,Storage Item 250,Office Supplies,Storage,313.29,3,0.1,66.64,Detroit,Michigan,Central
3263,US-2024-102741,2024-10-16,2024-10-23,Second Class,John Kim,Consumer,Bookcases Item 413,Furniture,Bookcases,4082.47,7,0.0,852.35,Los Angeles,California,West
3264,US-2023-101561,2023-06-01,2023-06-03,Standard Class,Amara Torres,Corporate,Accessories Item 380,Technology,Accessories,239.55,5,0.4,-57.61,Los Angeles,California,West
3265,US-2024-102539,2024-02-28,2024-03-05,Standard Class,Mei Miller,Home Office,Phones Item 681,Technology,Phones,3663.84,6,0.15,118.42,Cleveland,Ohio,Central
3266,US-2023-102335,2023-12-12,2023-06-13,Standard Class,Patricia Lee,Home Office,Paper Item 611,Office Supplies,Paper,110.0,4,0.0,31.83,San Francisco,California,West
3267,US-2022-101756,2022-02-08,2022-02-13,Standard Class,Richard Smith,Consumer,Accessories Item 569,Technology,Accessories,227.76,4,0.1,12.16,Portland,Oregon,West
3268,US-2022-100559,2022-12-09,2022-12-10,Standard Class,Richard Walker,Corporate,Labels Item 712,Office Supplies,Labels,20.5,5,0.15,3.29,Miami,Florida,South
3269,US-2024-102097,2024-02-25,2024-02-26,First Class,,Consumer,Paper Item 740,Office Supplies,Paper,126.0,6,0.0,37.3,Memphis,Tennessee,South
3270,US-2024-101641,2024-05-29,2024-06-02,First Class,Robert Torres,Home Office,Labels Item 872,Office Supplies,Labels,74.28,6,0.0,13.87,Albany,New York,East
3271,US-2023-100408,2023-11-13,2023-11-14,First Class,Patricia Taylor,Consumer,Storage Item 551,Office Supplies,Storage,$175.93,1,0.1,25.29,Columbus,Ohio,Central
3272,US-2024-101645,2024-03-04,2024-03-07,Same Day,Sarah Walker,Consumer,Labels Item 382,Office Supplies,Labels,159.18,7,0.3,-22.17,Jersey City,New Jersey,East
3273,US-2023-101286,2023-06-29,2023-07-06,Second Class,Diego Miller,Corporate,Bookcases Item 888,Furniture,Bookcases,331.16,1,0.0,109.69,Spokane,Washington,West
3274,US-2024-102661,2024-04-28,2024-04-30,Second Class,Susan Garcia,Consumer,Labels Item 476,Office Supplies,Labels,42.5,5,0.0,8.75,Memphis,Tennessee,South
3275,US-2022-100826,2022-11-20,2022-03-22,Same Day,Sarah Walker,Corporate,Paper Item 142,Office Supplies,Paper,3.37,1,0.0,0.71,Atlanta,Georgia,South
3276,US-2022-103323,2022-06-11,2022-06-16,Second Class,Jessica Jones,Consumer,Paper Item 164,Office Supplies,Paper,73.02,6,0.0,16.95,Orlando,Florida,South
3277,US-2022-100465,2022-01-29,2022-02-03,Second Class,Patricia Williams,Corporate,Chairs Item 275,Furniture,Chairs,677.46,2,0.2,-12.48,Chicago,Illinois,Central
3278,US-2022-102023,2022-12-17,2022-12-22,Standard Class,Aiden Davis,Home Office,Printers Item 758,Technology,Printers,293.82,1,0.1,36.87,Boston,Massachusetts,East
3279,US-2022-102609,2022-04-04,2022-04-11,Second Class,Jessica Singh,Corporate,Accessories Item 628,Technology,Accessories,72.24,1,0.0,21.56,Las Vegas,Nevada,West
3280,US-2024-101593,2024-11-14,2024-02-18,Standard Class,Michael Williams,Consumer,Tables Item 402,Furniture,Tables,3584.0,7,0.5,-1049.72,Nashville,Tennessee,South
3281,US-2024-102294,2024-11-23,2024-11-30,Second Class,Elizabeth Johnson,Consumer,Chairs Item 444,Furniture,Chairs,1165.8,5,0.0,205.35,Austin,Texas,Central
3282,US-2024-102013,2024-05-14,2024-05-19,Second Class,Aiden Walker,Corporate,Phones Item 851,Technology,Phones,3274.1,5,0.0,1030.92,Charlotte,North Carolina,South
3283,US-2024-103268,2024-11-05,2024-11-10,Second Class,John Rodriguez,Corporate,Laptops Item 665,Technology,Laptops,3214.44,6,0.0,643.12,Nashville,Tennessee,South
3284,US-2022-100873,2022-04-17,2022-04-19,Same Day,Linda Lee,Home Office,Chairs Item 583,Furniture,Chairs,1458.66,6,0.0,359.22,Philadelphia,Pennsylvania,East
3285,US-2023-103110,2023-03-10,2023-03-15,Second Class,Carlos Walker,Consumer,Storage Item 370,Office Supplies,Storage,252.21,3,0.0,45.47,Chicago,Illinois,Central
3286,US-2022-101723,2022-07-23,2022-07-27,First Class,Fatima Wilson,Corporate,Storage Item 219,Office Supplies,Storage,589.53,3,0.4,-94.38,Columbus,Ohio,Central
3287,US-2022-103327,2022-06-07,2022-06-14,Second Class,Amara Chen,Home Office,Storage Item 793,Office Supplies,Storage,222.93,3,0.1,16.87,San Diego,California,West
3288,US-2022-100031,2022-11-15,2022-11-17,Standard Class,William Brown,Corporate,Labels Item 553,Office Supplies,Labels,21.88,2,0.3,-2.75,Cleveland,Ohio,Central
3289,US-2022-102085,2022-07-20,2022-07-27,Second Class,Richard Patel,Corporate,Tables Item 425,Furniture,Tables,1759.65,5,,104.4,San Diego,California,West
3290,US-2022-100486,2022-11-25,2022-11-28,Second Class,Carlos Johnson,Consumer,Printers Item 216,Technology,Printers,2125.55,5,0.3,15.66,Austin,Texas,Central
3291,US-2024-101840,2024-06-04,2024-06-05,Second Class,Mei Miller,Corporate,Labels Item 250,Office Supplies,Labels,20.43,1,0.0,4.67,Boston,Massachusetts,East
3292,US-2023-100554,2023-01-10,2023-01-13,Standard Class,Michael Taylor,Corporate,Phones Item 517,Technology,Phones,1341.54,3,0.0,404.67,Ann Arbor,Michigan,Central
3293,US-2023-102812,2023-12-16,2023-12-23,Standard Class,Mei Smith,Consumer,Bookcases Item 245,Furniture,Bookcases,4709.68,8,0.15,645.26,New York City,New York,East
3294,US-2024-100874,2024-08-29,2024-09-01,First Class,Carlos Martinez,Corporate,Printers Item 643,Technology,Printers,629.86,7,0.2,-11.36,Columbus,Ohio,Central
3295,US-2023-101064,2023-02-23,2023-02-25,First Class,Fatima Rodriguez,Consumer,Art Item 767,Office Supplies,Art,52.6,1,0.0,9.64,Boston,Massachusetts,East
3296,US-2022-103245,2022-04-04,2022-04-10,Same Day,James Singh,Corporate,Binders Item 690,Office Supplies,Binders,217.52,8,0.1,39.79,Detroit,Michigan,Central
3297,US-2022-101041,2022-03-06,2022-03-08,Standard Class,Patricia Lee,Consumer,Printers Item 409,Technology,Printers,188.26,2,0.0,30.69,Charlotte,North Carolina,South
3298,US-2024-100775,2024-08-28,2024-09-02,Standard Class,Wei Thomas,Consumer,Paper Item 583,Office Supplies,Paper,3.65,1,0.15,0.41,Spokane,Washington,West
3299,US-2022-103157,2022-03-24,2022-03-30,Standard Class,Joseph Jones,Corporate,Tables Item 703,Furniture,Tables,1909.74,3,0.2,-30.77,Raleigh,North Carolina,South
3300,US-2023-101507,2023-09-11,2023-09-13,First Class,Aiden Walker,Consumer,Accessories Item 333,Technology,Accessories,211.8,4,0.5,-69.77,Memphis,Tennessee,South
3301,US-2024-100130,2024-03-26,2024-03-29,First Class,Fatima Davis,Home Office,Tables Item 900,Furniture,Tables,4448.4,8,0.0,753.72,Savannah,Georgia,South
3302,US-2023-102684,2023-01-23,2023-01-25,Standard Class,Linda Brown,Home Office,Bookcases Item 316,Furniture,Bookcases,918.06,2,0.2,3.85,San Diego,California,West
3303,US-2023-102604,2023-06-02,2023-06-09,First Class,Robert Davis,Home Office,Tables Item 753,Furniture,Tables,$3707.35,5,0.3,-345.13,Orlando,Florida,South
3304,US-2023-100849,2023-08-22,2023-08-28,Same Day,Fatima Khan,Home Office,Tables Item 501,Furniture,Tables,603.25,5,0.3,-92.28,Worcester,Massachusetts,East
3305,US-2023-100007,2023-12-09,2023-05-13,Second Class,Michael Singh,Corporate,Phones Item 753,Technology,Phones,5420.31,7,0.15,148.88,Newark,New Jersey,East
3306,US-2024-101163,2024-12-18,2024-12-23,Second Class,Wei Smith,Home Office,Accessories Item 919,Technology,Accessories,$626.65,5,0.1,144.76,Las Vegas,Nevada,West
3307,US-2022-100456,2022-04-30,2022-05-02,First Class,,Home Office,Chairs Item 238,Furniture,Chairs,1598.65,5,0.0,325.51,Detroit,Michigan,Central
3308,US-2024-102212,2024-11-19,2024-11-20,Second Class,Michael Singh,Consumer,Furnishings Item 891,Furniture,Furnishings,947.1,6,0.2,71.73,Las Vegas,Nevada,West
3309,US-2023-101525,2023-03-05,2023-03-07,First Class,Joseph Torres,Consumer,Tables Item 374,Furniture,Tables,2926.63,7,0.1,271.75,Springfield,Illinois,
3310,US-2023-101590,2023-03-05,2023-03-08,Second Class,Joseph Jones,Home Office,Accessories Item 107,Technology,Accessories,867.86,7,0.15,105.9,Savannah,Georgia,South
3311,US-2022-100032,2022-08-16,2022-08-19,Same Day,Priya Chen,Home Office,Tables Item 415,Furniture,Tables,1525.98,2,0.0,337.78,Memphis,Tennessee,South
3312,US-2024-100404,2024-11-12,2024-03-16,Second Class,John Anderson,Home Office,Bookcases Item 445,Furniture,Bookcases,1318.62,2,0.0,441.89,Ann Arbor,Michigan,Central
3313,US-2023-100494,2023-04-28,2023-05-01,Second Class,Mei Torres,Corporate,Printers Item 746,Technology,Printers,2189.85,5,0.0,518.92,Jersey City,New Jersey,East
3314,US-2023-101818,2023-09-02,2023-09-08,Standard Class,Patricia Brown,Corporate,Phones Item 376,Technology,Phones,1762.64,8,0.2,47.99,Springfield,Illinois,Central
3315,US-2022-102857,2022-02-26,2022-02-28,First Class,Jessica Williams,Corporate,Laptops Item 753,Technology,Laptops,6075.95,5,0.5,-1281.16,Raleigh,North Carolina,South
3316,US-2024-101281,03/12/2024,2024-03-15,First Class,Mary Ali,Home Office,Labels Item 601,Office Supplies,Labels,40.54,2,0.15,5.12,Houston,Texas,Central
3317,US-2022-101381,2022-05-05,2022-05-08,First Class,Patricia Williams,Home Office,Labels Item 819,Office Supplies,Labels,16.17,3,0.3,-2.89,Ann Arbor,Michigan,Central
3318,US-2023-102579,2023-03-08,2023-03-10,Standard Class,Mei Torres,Consumer,Labels Item 290,Office Supplies,Labels,6.23,1,0.4,-0.86,Pittsburgh,Pennsylvania,East
3319,US-2022-101310,2022-06-19,2022-06-21,Same Day,Priya Smith,Home Office,Binders Item 217,Office Supplies,Binders,357.21,7,0.5,-120.5,Albany,New York,East
3320,US-2022-102091,2022-07-24,2022-07-30,First Class,Elizabeth Miller,Corporate,Bookcases Item 272,Furniture,Bookcases,329.68,1,0.0,93.79,Philadelphia,Pennsylvania,East
3321,US-2022-102424,2022-11-28,2022-12-01,First Class,Amara Miller,Corporate,Art Item 528,Office Supplies,Art,152.16,2,0.1,10.38,Newark,New Jersey,East
3322,US-2024-100886,2024-12-07,2024-12-11,Second Class,Patricia Taylor,Home Office,Bookcases Item 494,Furniture,Bookcases,2189.16,6,0.2,190.46,Charlotte,North Carolina,South
3323,US-2023-102039,2023-10-26,2023-10-27,Standard Class,Sarah Walker,Home Office,Labels Item 411,Office Supplies,Labels,23.74,2,0.15,0.95,Eugene,Oregon,West
3324,US-2024-103200,2024-04-18,2024-04-20,Same Day,Elizabeth Singh,Home Office,Furnishings Item 539,Furniture,Furnishings,485.36,4,0.0,155.99,Pittsburgh,Pennsylvania,East
3325,US-2022-102847,2022-08-05,2022-08-08,Second Class,Linda Lee,Consumer,Paper Item 917,Office Supplies,Paper,195.79,7,0.1,31.08,Eugene,Oregon,West
3326,US-2023-101300,2023-03-21,2023-03-26,Second Class,Robert Chen,Corporate,Tables Item 286,Furniture,Tables,1309.68,4,0.1,87.44,Atlanta,Georgia,South
3327,US-2022-101630,2022-04-14,2022-04-15,First Class,David Garcia,Consumer,Bookcases Item 544,Furniture,Bookcases,2260.65,7,0.0,744.06,Austin,Texas,Central
3328,US-2022-100914,2022-12-10,2022-09-11,Same Day,John Kim,Consumer,Paper Item 213,Office Supplies,Paper,25.13,7,0.15,4.49,Savannah,Georgia,South
3329,US-2022-102330,2022-11-15,2022-11-17,Same Day,Susan Ali,Consumer,Chairs Item 806,Furniture,Chairs,573.0,4,0.3,-20.58,Charlotte,North Carolina,South
3330,US-2023-101194,2023-06-01,2023-06-08,Second Class,James Singh,Home Office,Phones Item 688,Technology,Phones,1713.52,4,0.3,-102.44,Detroit,Michigan,Central
3331,US-2022-101940,2022-05-17,2022-05-23,Standard Class,Patricia Nguyen,Corporate,Labels Item 530,Office Supplies,Labels,103.67,7,0.0,20.35,Eugene,Oregon,West
3332,US-2023-100934,2023-02-09,2023-02-10,Second Class,Elizabeth Williams,Corporate,Phones Item 682,Technology,Phones,1459.04,8,0.0,266.95,Portland,Oregon,West
3333,US-2024-101007,2024-12-07,2024-04-08,First Class,Richard Kim,Corporate,Tables Item 930,Furniture,Tables,6601.2,8,0.0,1174.02,Portland,Oregon,West
3334,US-2024-103008,2024-08-11,2024-08-12,Second Class,Fatima Brown,Corporate,Paper Item 690,Office Supplies,Paper,135.03,7,0.0,40.6,Worcester,Massachusetts,East
3335,US-2023-103259,2023-12-15,2023-12-19,Second Class,Jessica Chen,Home Office,Tables Item 838,Furniture,Tables,6210.08,8,0.0,1834.66,Nashville,Tennessee,South
3336,US-2022-101659,2022-12-08,2022-01-12,Second Class,Elizabeth Smith,Home Office,Labels Item 878,Office Supplies,Labels,105.04,8,0.1,4.31,San Francisco,California,West
3337,US-2022-103077,2022-10-04,2022-10-06,Standard Class,David Wilson,Corporate,Art Item 549,Office Supplies,Art,35.08,4,0.0,5.7,Austin,Texas,Central
3338,US-2022-103402,2022-10-02,2022-10-07,Same Day,William Brown,Home Office,Binders Item 385,Office Supplies,Binders,$62.04,4,0.15,4.83,Reno,Nevada,West
3339,US-2024-102219,2024-07-20,2024-07-26,Second Class,Mei Chen,Home Office,Tables Item 880,Furniture,Tables,1899.75,5,0.0,582.25,Miami,Florida,South
3340,US-2023-103431,2023-09-09,2023-09-10,Standard Class,David Wilson,Consumer,Paper Item 543,Office Supplies,Paper,37.84,8,0.1,8.39,Raleigh,North Carolina,South
3341,US-2023-101481,2023-07-03,2023-07-04,Standard Class,Diego Walker,Home Office,Binders Item 450,Office Supplies,Binders,84.78,6,0.0,18.57,Columbus,Ohio,Central
3342,US-2022-101864,2022-02-14,2022-02-15,Same Day,John Kim,Consumer,Art Item 727,Office Supplies,Art,67.48,7,0.4,-18.32,Houston,Texas,Central
3343,US-2024-102467,2024-04-11,2024-04-14,Same Day,William Lee,Corporate,Accessories Item 812,Technology,Accessories,578.48,4,0.3,-52.66,Atlanta,Georgia,South
3344,US-2023-103226,2023-11-13,2023-11-17,Same Day,Linda Singh,Home Office,Chairs Item 466,Furniture,Chairs,430.08,1,0.3,8.33,Portland,Oregon,West
3345,US-2022-103228,2022-07-20,2022-07-21,Same Day,Joseph Torres,Corporate,Labels Item 860,Office Supplies,Labels,159.95,7,0.1,12.52,New York City,New York,East
3346,US-2023-100057,2023-09-28,2023-10-03,Same Day,Robert Walker,Corporate,Laptops Item 359,Technology,Laptops,2073.46,1,0.0,646.14,Orlando,Florida,South
3347,US-2022-103116,2022-10-04,2022-10-10,Standard Class,Linda Davis,Home Office,Storage Item 673,Office Supplies,Storage,732.18,6,0.5,-159.42,Spokane,Washington,West
3348,US-2023-103045,2023-05-30,2023-06-06,Standard Class,Elizabeth Kim,Consumer,Binders Item 827,Office Supplies,Binders,347.44,8,0.0,53.59,Detroit,Michigan,Central
3349,US-2022-101315,2022-01-18,2022-01-23,First Class,Susan Thomas,Consumer,Printers Item 710,Technology,Printers,1010.34,3,0.4,-214.67,San Francisco,California,West
3350,US-2022-102287,2022-04-28,2022-04-30,First Class,Elizabeth Miller,Corporate,Phones Item 428,Technology,Phones,987.9,3,0.0,297.96,Detroit,Michigan,Central
3351,US-2023-102450,2023-05-11,2023-05-13,Standard Class,Carlos Walker,Home Office,Paper Item 391,Office Supplies,Paper,32.46,6,0.15,5.43,Spokane,Washington,West
3352,US-2024-102006,2024-03-31,2024-04-06,Second Class,William Miller,Home Office,Laptops Item 812,Technology,Laptops,3699.28,8,0.3,-375.91,Eugene,Oregon,West
3353,US-2022-103224,2022-07-13,2022-07-16,Standard Class,Sarah Martinez,Consumer,Tables Item 294,Furniture,Tables,3500.2,4,0.0,864.0,Springfield,Illinois,Central
3354,US-2023-100597,2023-09-16,2023-09-17,Second Class,Sarah Chen,Home Office,Bookcases Item 666,Furniture,Bookcases,2355.6,8,0.15,257.19,Las Vegas,Nevada,West
3355,US-2024-102716,2024-06-01,2024-06-07,First Class,Joseph Williams,Consumer,Labels Item 549,Office Supplies,Labels,31.94,2,0.0,5.36,Spokane,Washington,West
3356,US-2022-100513,2022-04-24,2022-04-30,Standard Class,Jennifer Wilson,Home Office,Phones Item 490,Technology,Phones,4291.0,5,0.0,1050.62,Charlotte,North Carolina,South
3357,US-2024-100135,2024-08-06,2024-08-13,Second Class,William Chen,Consumer,Laptops Item 594,Technology,Laptops,8376.64,8,0.1,826.93,San Francisco,California,West
3358,US-2024-102428,2024-12-13,2024-12-20,First Class,Richard Brown,Home Office,Storage Item 613,Office Supplies,Storage,655.6,5,0.1,51.4,Nashville,Tennessee,South
3359,US-2023-102972,2023-09-24,2023-10-01,Second Class,Linda Taylor,Corporate,Chairs Item 985,Furniture,Chairs,274.6,4,0.2,29.07,Seattle,Washington,West
3360,US-2023-102606,2023-11-17,2023-12-20,Standard Class,Richard Walker,Home Office,Chairs Item 107,Furniture,Chairs,1907.92,4,0.1,159.8,Springfield,Illinois,Central
3361,US-2024-100156,2024-09-05,2024-09-06,Second Class,James Davis,Consumer,Chairs Item 848,Furniture,Chairs,1772.05,7,0.15,1.22,San Diego,California,
3362,US-2023-103000,2023-04-13,2023-04-20,Second Class,Linda Miller,Home Office,Printers Item 655,Technology,Printers,332.35,1,0.2,-13.34,Houston,Texas,Central
3363,US-2023-102939,2023-12-27,2023-12-29,Standard Class,Mei Taylor,Consumer,Binders Item 309,Office Supplies,Binders,262.1,5,0.0,74.4,Springfield,Illinois,Central
3364,US-2024-101039,2024-10-10,2024-10-11,Same Day,Priya Patel,Corporate,Binders Item 971,Office Supplies,Binders,$99.66,6,0.15,7.5,Worcester,Massachusetts,East
3365,US-2024-100283,2024-12-17,2024-09-20,First Class,Priya Torres,Corporate,Furnishings Item 892,Furniture,Furnishings,301.92,3,0.1,47.7,Detroit,Michigan,Central
3366,US-2024-100383,2024-11-07,2024-09-11,Second Class,Wei Jones,Corporate,Chairs Item 718,Furniture,Chairs,598.0,8,0.0,157.86,Cleveland,Ohio,Central
3367,US-2024-100926,2024-06-19,2024-06-25,First Class,Mary Garcia,Home Office,Paper Item 924,Office Supplies,Paper,64.3,5,0.1,13.07,Cleveland,Ohio,Central
3368,US-2022-103344,2022-08-29,2022-09-01,Second Class,Linda Patel,Home Office,Tables Item 706,Furniture,Tables,1990.65,5,0.15,110.17,Seattle,Washington,West
3369,US-2023-103216,2023-12-08,2023-11-10,Second Class,John Rodriguez,Consumer,Printers Item 238,Technology,Printers,1820.6,4,0.1,415.56,Atlanta,Georgia,South
3370,US-2023-100542,2023-12-28,2023-05-06,Second Class,James Nguyen,Corporate,Binders Item 391,Office Supplies,Binders,214.4,8,0.0,69.86,Reno,Nevada,West
3371,US-2022-101134,2022-10-06,2022-10-07,First Class,Michael Miller,Home Office,Binders Item 918,Office Supplies,Binders,73.46,2,0.5,-19.06,Seattle,Washington,West
3372,US-2023-103236,2023-03-30,2023-04-06,Standard Class,Carlos Martinez,Home Office,Laptops Item 948,Technology,Laptops,12674.48,8,,3989.66,New York City,New York,East
3373,US-2023-103346,2023-11-03,2023-07-10,First Class,Patricia Miller,Home Office,Binders Item 999,Office Supplies,Binders,288.24,6,0.15,8.23,Los Angeles,California,West
3374,US-2024-100531,2024-09-23,2024-09-26,First Class,Amara Ali,Consumer,Tables Item 888,Furniture,Tables,1597.88,2,0.15,290.52,San Francisco,California,West
3375,US-2023-102989,2023-05-28,2023-06-02,Second Class,Richard Rodriguez,Corporate,Paper Item 530,Office Supplies,Paper,31.12,8,0.0,5.6,Newark,New Jersey,East
3376,US-2024-100766,2024-12-16,2024-12-21,First Class,Richard Walker,Home Office,Phones Item 564,Technology,Phones,2300.88,6,0.0,625.99,Jersey City,New Jersey,East
3377,US-2022-101637,2022-12-13,2022-07-20,Second Class,Wei Johnson,Home Office,Accessories Item 439,Technology,Accessories,222.56,2,0.0,57.23,Worcester,Massachusetts,East
3378,US-2022-103052,2022-10-05,2022-10-11,Same Day,Mei Rodriguez,Home Office,Accessories Item 769,Technology,Accessories,218.76,4,0.15,36.35,Philadelphia,Pennsylvania,East
3379,US-2022-100951,2022-11-08,2022-11-14,First Class,Jessica Khan,Consumer,Bookcases Item 763,Furniture,Bookcases,3388.96,8,0.1,139.1,Albany,New York,East
3380,US-2023-102476,2023-12-13,2023-06-15,Same Day,Mei Williams,Consumer,Bookcases Item 488,Furniture,Bookcases,2274.51,7,0.5,-886.48,Eugene,Oregon,West
3381,US-2022-102065,2022-11-27,2022-09-02,Same Day,Patricia Davis,Corporate,Printers Item 346,Technology,Printers,1870.64,8,0.2,-130.53,Memphis,Tennessee,South
3382,US-2024-100589,2024-11-15,2024-08-19,Same Day,Mei Smith,Corporate,Art Item 424,Office Supplies,Art,380.94,6,0.1,23.39,Charlotte,North Carolina,South
3383,US-2022-101536,2022-12-19,2022-08-22,Same Day,Robert Singh,Home Office,Labels Item 891,Office Supplies,Labels,73.0,4,0.2,3.8,Portland,Oregon,West
3384,US-2023-100877,2023-11-04,2023-11-05,First Class,David Anderson,Home Office,Tables Item 113,Furniture,Tables,109.7,1,0.15,3.65,Spokane,Washington,West
3385,US-2023-103031,2023-11-19,2023-11-21,Standard Class,Wei Johnson,Consumer,Chairs Item 419,Furniture,Chairs,475.1,2,0.1,50.67,Orlando,Florida,South
3386,US-2023-100814,2023-05-16,2023-05-19,Second Class,Mei Taylor,Corporate,Accessories Item 773,Technology,Accessories,228.78,6,0.15,21.09,Newark,New Jersey,East
3387,US-2022-103109,2022-06-23,2022-06-29,Same Day,Diego Chen,Home Office,Labels Item 587,Office Supplies,Labels,16.59,3,0.1,1.88,Boston,Massachusetts,East
3388,US-2022-102733,2022-01-13,2022-01-19,First Class,Diego Walker,Corporate,Binders Item 774,Office Supplies,Binders,145.68,8,0.1,20.57,Portland,Oregon,West
3389,US-2023-102849,2023-08-13,2023-08-20,Same Day,,Consumer,Furnishings Item 320,Furniture,Furnishings,738.18,6,0.1,89.39,Philadelphia,Pennsylvania,East
3390,US-2022-102469,2022-08-23,2022-08-28,Same Day,Susan Anderson,Consumer,Chairs Item 418,Furniture,Chairs,1840.8,4,0.15,181.85,Cleveland,Ohio,Central
3391,US-2024-100410,2024-10-16,2024-10-18,Standard Class,David Lee,Home Office,Accessories Item 499,Technology,Accessories,141.36,8,0.0,30.68,Los Angeles,California,West
3392,US-2022-103042,2022-07-16,2022-07-19,Same Day,Mary Walker,Consumer,Phones Item 704,Technology,Phones,3031.07,7,0.15,111.07,Boston,Massachusetts,East
3393,US-2024-102286,2024-09-12,2024-09-13,Second Class,John Thomas,Consumer,Printers Item 480,Technology,Printers,2720.24,8,0.15,326.37,Albany,New York,East
3394,US-2024-101367,2024-10-27,2024-11-03,First Class,Linda Singh,Home Office,Binders Item 754,Office Supplies,Binders,12.6,2,0.1,2.92,Spokane,Washington,West
3395,US-2022-100297,2022-01-25,2022-01-31,Second Class,Wei Johnson,Home Office,Art Item 203,Office Supplies,Art,111.84,6,0.15,6.05,Newark,New Jersey,East
3396,US-2024-100201,2024-03-19,2024-03-26,Standard Class,Jennifer Chen,Home Office,Paper Item 629,Office Supplies,Paper,47.36,8,0.0,15.65,Memphis,Tennessee,South
3397,US-2022-100376,2022-03-16,2022-03-20,Same Day,Carlos Martinez,Consumer,Binders Item 104,Office Supplies,Binders,28.98,3,0.0,9.79,Columbus,Ohio,Central
3398,US-2024-100586,2024-03-05,2024-03-12,First Class,Michael Kim,Home Office,Labels Item 575,Office Supplies,Labels,32.38,2,0.0,11.21,Atlanta,Georgia,South
3399,US-2023-102148,2023-02-17,2023-02-19,Second Class,Fatima Anderson,Consumer,Tables Item 760,Furniture,Tables,3336.4,8,0.0,698.19,Pittsburgh,Pennsylvania,East
3400,US-2024-102735,2024-01-30,2024-02-04,First Class,Elizabeth Davis,Consumer,Storage Item 300,Office Supplies,Storage,513.9,3,0.0,114.05,Eugene,Oregon,West
3401,US-2022-101741,2022-06-09,2022-06-14,Same Day,Joseph Smith,Consumer,Labels Item 516,Office Supplies,Labels,38.71,7,0.2,1.72,Orlando,Florida,South
3402,US-2023-100648,2023-12-15,2023-12-22,Same Day,Susan Garcia,Consumer,Bookcases Item 640,Furniture,Bookcases,4034.52,7,0.15,100.98,Chicago,Illinois,Central
3403,US-2023-100110,2023-02-23,2023-02-27,Second Class,Joseph Williams,Corporate,Art Item 894,Office Supplies,Art,214.88,4,0.15,33.27,Philadelphia,Pennsylvania,East
3404,US-2024-102228,2024-01-03,2024-01-04,Second Class,William Brown,Home Office,Binders Item 529,Office Supplies,Binders,419.12,8,0.2,-24.34,Tampa,Florida,South
3405,US-2024-102671,2024-04-22,2024-04-25,Same Day,Aiden Williams,Consumer,Phones Item 326,Technology,Phones,2274.03,3,0.1,522.29,Spokane,Washington,West
3406,US-2023-101579,2023-08-18,2023-08-21,Second Class,Joseph Lee,Corporate,Phones Item 383,Technology,Phones,5965.47,7,0.15,-13.12,Spokane,Washington,West
3407,US-2024-103416,2024-01-13,2024-01-17,Second Class,Priya Chen,Consumer,Phones Item 509,Technology,Phones,3394.64,4,0.5,-1297.42,Eugene,Oregon,West
3408,US-2023-100631,2023-01-08,2023-01-13,Standard Class,Jessica Ali,Home Office,Laptops Item 933,Technology,Laptops,2652.57,3,0.0,821.0,Detroit,Michigan,Central
3409,US-2024-100158,2024-06-25,2024-07-02,Second Class,Priya Garcia,Consumer,Tables Item 243,Furniture,Tables,2306.34,3,0.4,-347.81,Spokane,Washington,West
3410,US-2023-103191,2023-06-22,2023-06-29,Standard Class,Jessica Jones,Consumer,Storage Item 540,Office Supplies,Storage,126.1,1,0.3,-9.33,Detroit,Michigan,Central
3411,US-2023-103035,2023-11-27,2023-11-29,Second Class,Wei Torres,Consumer,Art Item 611,Office Supplies,Art,104.08,8,0.0,20.58,Portland,Oregon,West
3412,US-2022-102207,2022-11-28,2022-12-02,First Class,Jennifer Ali,Corporate,Printers Item 362,Technology,Printers,1714.52,4,0.0,477.26,Tampa,Florida,South
3413,US-2022-103285,2022-05-04,2022-05-05,Second Class,Amara Wilson,Consumer,Tables Item 813,Furniture,Tables,2455.02,6,0.1,304.55,Springfield,Illinois,
3414,US-2024-101658,2024-12-15,2024-06-18,Second Class,David Wilson,Home Office,Binders Item 269,Office Supplies,Binders,30.82,2,0.0,8.7,Ann Arbor,Michigan,Central
3415,US-2024-102183,2024-10-21,2024-10-24,Same Day,Aiden Patel,Consumer,Accessories Item 328,Technology,Accessories,250.5,6,0.1,43.41,Eugene,Oregon,West
3416,US-2024-102534,2024-05-31,2024-06-06,Standard Class,William Brown,Corporate,Bookcases Item 183,Furniture,Bookcases,2994.88,8,0.0,650.68,Houston,Texas,Central
3417,US-2024-102936,2024-06-15,2024-06-16,Standard Class,Susan Khan,Corporate,Labels Item 877,Office Supplies,Labels,41.1,6,0.0,8.11,Seattle,Washington,West
3418,US-2023-102101,2023-02-23,2023-02-26,Standard Class,Priya Torres,Corporate,Bookcases Item 267,Furniture,Bookcases,606.97,1,0.1,48.1,Newark,New Jersey,East
3419,US-2022-103332,2022-12-13,2022-12-15,First Class,Carlos Torres,Corporate,Accessories Item 875,Technology,Accessories,58.54,1,0.3,-1.8,Detroit,Michigan,Central
3420,US-2024-103254,2024-11-17,2024-10-19,First Class,David Davis,Home Office,Paper Item 825,Office Supplies,Paper,187.92,6,0.1,41.91,Philadelphia,Pennsylvania,East
3421,US-2023-101828,2023-12-10,2023-07-14,Standard Class,William Lee,Home Office,Storage Item 538,Office Supplies,Storage,144.48,7,0.0,27.58,Spokane,Washington,West
3422,US-2022-102378,2022-08-21,2022-08-25,First Class,Robert Taylor,Consumer,Paper Item 528,Office Supplies,Paper,34.73,1,0.0,11.22,Detroit,Michigan,Central
3423,US-2022-103017,2022-02-20,2022-02-22,First Class,Priya Martinez,Corporate,Tables Item 673,Furniture,Tables,2924.52,4,0.15,92.82,Memphis,Tennessee,South
3424,US-2022-103370,2022-01-12,2022-01-13,First Class,Mary Walker,Home Office,Tables Item 545,Furniture,Tables,2324.0,8,0.0,784.79,Miami,Florida,South
3425,US-2023-102785,2023-12-27,2024-01-03,Same Day,Elizabeth Johnson,Consumer,Storage Item 277,Office Supplies,Storage,1018.38,6,0.2,127.18,Raleigh,North Carolina,South
3426,US-2022-102803,2022-12-31,2023-01-05,Same Day,Robert Jones,Consumer,Bookcases Item 653,Furniture,Bookcases,732.69,7,0.0,197.49,Atlanta,Georgia,South
3427,US-2022-101666,2022-01-20,2022-01-22,Second Class,Joseph Jones,Consumer,Art Item 932,Office Supplies,Art,103.08,2,0.0,30.76,Reno,Nevada,West
3428,US-2023-103072,2023-08-29,2023-08-31,Same Day,Joseph Martinez,Home Office,Bookcases Item 837,Furniture,Bookcases,147.21,1,0.1,31.68,Orlando,Florida,South
3429,US-2024-100302,2024-11-23,2024-04-24,First Class,Wei Torres,Home Office,Accessories Item 689,Technology,Accessories,173.9,5,0.0,29.17,Reno,Nevada,West
3430,US-2022-101345,2022-12-01,2022-04-05,Second Class,Carlos Khan,Corporate,Art Item 390,Office Supplies,Art,83.92,2,0.1,10.14,Portland,Oregon,West
3431,US-2024-101989,2024-08-04,2024-08-06,Same Day,Michael Smith,Corporate,Storage Item 706,Office Supplies,Storage,337.28,4,0.0,87.68,New York City,New York,East
3432,US-2023-102071,2023-03-27,2023-03-31,Second Class,Aiden Davis,Home Office,Laptops Item 332,Technology,Laptops,1016.92,1,0.0,179.91,Nashville,Tennessee,South
3433,US-2023-101515,2023-01-10,2023-01-13,Standard Class,Linda Jones,Corporate,Bookcases Item 755,Furniture,Bookcases,3474.24,7,0.0,960.48,Reno,Nevada,West
3434,US-2023-102833,2023-11-04,2023-11-07,Same Day,David Lee,Home Office,Art Item 542,Office Supplies,Art,102.74,2,0.15,14.52,Las Vegas,Nevada,West
3435,US-2024-102522,2024-03-10,2024-03-16,Same Day,John Rodriguez,Home Office,Paper Item 821,Office Supplies,Paper,$27.9,3,0.1,4.84,Savannah,Georgia,South
3436,US-2024-101307,2024-12-31,2025-01-04,Standard Class,Susan Miller,Consumer,Storage Item 117,Office Supplies,Storage,363.96,6,0.0,108.53,Charlotte,North Carolina,South
3437,US-2024-100609,2024-12-26,2024-12-28,Same Day,Jennifer Lee,Home Office,Tables Item 930,Furniture,Tables,663.6,4,0.2,43.86,Portland,Oregon,West
3438,US-2022-100322,2022-11-03,2022-10-06,Standard Class,Mary Jones,Home Office,Binders Item 548,Office Supplies,Binders,105.35,7,0.1,11.11,Cleveland,Ohio,Central
3439,US-2023-101767,2023-11-10,2023-04-17,Standard Class,Mei Taylor,Home Office,Binders Item 677,Office Supplies,Binders,108.0,5,0.2,-1.09,Nashville,Tennessee,South
3440,US-2024-101968,2024-05-07,2024-05-10,Same Day,Linda Singh,Corporate,Printers Item 979,Technology,Printers,719.25,3,0.5,-209.09,Detroit,Michigan,Central
3441,US-2022-101948,2022-10-14,2022-10-19,Same Day,Fatima Khan,Consumer,Tables Item 806,Furniture,Tables,685.2,1,0.0,215.77,Portland,Oregon,West
3442,US-2024-100498,2024-04-28,2024-05-01,Second Class,Amara Torres,Corporate,Accessories Item 954,Technology,Accessories,302.7,5,0.0,50.95,Savannah,Georgia,South
3443,US-2024-100365,2024-01-08,2024-01-09,Standard Class,Elizabeth Patel,Corporate,Accessories Item 477,Technology,Accessories,114.69,3,0.5,-42.12,Las Vegas,Nevada,West
3444,US-2023-102338,2023-10-26,2023-10-31,First Class,Jessica Khan,Home Office,Chairs Item 915,Furniture,Chairs,957.68,4,0.0,313.43,Savannah,Georgia,South
3445,US-2024-101669,2024-04-07,2024-04-13,Second Class,Mary Anderson,Home Office,Bookcases Item 988,Furniture,Bookcases,4501.7,7,0.15,615.58,Dallas,Texas,Central
3446,US-2022-103318,2022-10-22,2022-10-26,Same Day,Linda Brown,Home Office,Accessories Item 346,Technology,Accessories,398.04,4,0.15,20.94,Nashville,Tennessee,South
3447,US-2024-101749,2024-12-12,2024-11-13,First Class,James Ali,Consumer,Storage Item 559,Office Supplies,Storage,523.95,3,0.4,-59.09,San Francisco,California,West
3448,US-2024-102516,2024-01-14,2024-01-21,Standard Class,Elizabeth Kim,Consumer,Accessories Item 439,Technology,Accessories,366.73,7,0.5,-107.64,Houston,Texas,Central
3449,US-2022-100605,2022-12-04,2022-12-07,Second Class,Fatima Walker,Consumer,Labels Item 573,Office Supplies,Labels,49.74,6,0.1,11.91,Portland,Oregon,West
3450,US-2022-100067,2022-06-26,2022-06-27,First Class,Mei Taylor,Home Office,Labels Item 836,Office Supplies,Labels,14.28,3,0.15,0.75,Cleveland,Ohio,Central
3451,US-2023-100452,2023-07-14,2023-07-18,Second Class,James Singh,Corporate,Binders Item 827,Office Supplies,Binders,13.34,1,0.1,2.09,Austin,Texas,Central
3452,US-2022-101761,2022-05-31,2022-06-02,First Class,Wei Jones,Corporate,Furnishings Item 680,Furniture,Furnishings,509.25,7,0.0,124.17,Orlando,Florida,South
3453,US-2024-103089,2024-04-02,2024-04-07,Standard Class,Linda Brown,Home Office,Storage Item 355,Office Supplies,Storage,237.78,2,0.2,-8.52,Springfield,Illinois,Central
3454,US-2024-102259,2024-04-30,2024-05-06,Same Day,Sarah Walker,Consumer,Laptops Item 461,Technology,Laptops,8030.88,6,0.15,1319.59,Charlotte,North Carolina,South
3455,US-2024-102422,2024-12-11,2024-08-12,Same Day,Robert Torres,Home Office,Paper Item 358,Office Supplies,Paper,15.39,1,0.5,-6.02,Atlanta,Georgia,South
3456,US-2024-100144,2024-06-28,2024-07-02,Second Class,Elizabeth Thomas,Home Office,Furnishings Item 131,Furniture,Furnishings,889.63,7,0.2,34.28,Jersey City,New Jersey,East
3457,US-2023-102369,2023-12-05,2023-12-08,Second Class,Amara Garcia,Corporate,Paper Item 950,Office Supplies,Paper,150.29,7,0.0,33.03,Reno,Nevada,West
3458,US-2023-101798,2023-04-07,2023-04-12,Standard Class,Priya Davis,Home Office,Accessories Item 116,Technology,Accessories,392.75,5,0.4,-63.25,Buffalo,New York,East
3459,US-2024-102765,2024-10-21,2024-10-26,Second Class,Fatima Thomas,Corporate,Chairs Item 961,Furniture,Chairs,2011.28,8,0.1,198.17,Portland,Oregon,West
3460,US-2024-103257,2024-01-27,2024-02-02,Same Day,Carlos Taylor,Home Office,Laptops Item 825,Technology,Laptops,15375.36,8,0.0,4763.54,Portland,Oregon,West
3461,US-2023-103474,2023-03-12,2023-03-19,Second Class,Jessica Khan,Home Office,Art Item 701,Office Supplies,Art,121.92,8,0.3,-16.37,Pittsburgh,Pennsylvania,East
3462,US-2023-102369,2023-12-05,2023-12-08,Second Class,Amara Garcia,Corporate,Paper Item 950,Office Supplies,Paper,150.29,7,0.0,33.03,Reno,Nevada,
3463,US-2024-102491,2024-11-04,2024-12-11,First Class,Jessica Khan,Home Office,Binders Item 102,Office Supplies,Binders,469.68,8,0.4,-113.44,Portland,Oregon,West
3464,US-2024-102581,2024-07-29,2024-07-30,Second Class,Patricia Torres,Corporate,Printers Item 520,Technology,Printers,3205.12,8,0.0,506.62,Jersey City,New Jersey,East
3465,US-2022-101628,2022-07-09,2022-07-13,Second Class,Wei Thomas,Consumer,Phones Item 801,Technology,Phones,402.9,1,0.15,5.47,San Francisco,California,West
3466,US-2024-101195,2024-05-09,2024-05-14,First Class,James Ali,Corporate,Phones Item 298,Technology,Phones,4075.14,6,0.2,275.81,Newark,New Jersey,East
3467,US-2022-101505,2022-02-08,2022-02-11,Second Class,Jessica Ali,Home Office,Printers Item 693,Technology,Printers,1721.96,4,0.15,-7.98,Ann Arbor,Michigan,Central
3468,US-2024-101145,2024-09-15,2024-09-22,Standard Class,David Garcia,Corporate,Paper Item 269,Office Supplies,Paper,20.32,1,0.0,3.84,Chicago,Illinois,Central
3469,US-2024-100683,2024-01-15,2024-01-18,First Class,David Khan,Consumer,Chairs Item 427,Furniture,Chairs,1912.85,5,0.0,337.26,Nashville,Tennessee,South
3470,US-2022-100090,2022-12-25,2022-12-29,Second Class,Patricia Taylor,Corporate,Labels Item 906,Office Supplies,Labels,23.54,1,0.4,-6.18,San Diego,California,West
3471,US-2022-102270,2022-06-04,2022-06-09,Standard Class,Linda Smith,Home Office,Phones Item 453,Technology,Phones,1689.44,8,0.2,-88.6,Spokane,Washington,West
3472,US-2024-103299,2024-09-04,2024-09-08,Standard Class,Amara Singh,Consumer,Accessories Item 463,Technology,Accessories,132.25,5,0.2,-2.59,Jersey City,New Jersey,East
3473,US-2024-100973,2024-12-22,2024-12-27,Standard Class,James Williams,Corporate,Storage Item 652,Office Supplies,Storage,482.67,3,0.15,42.69,New York City,New York,East
3474,US-2022-103180,2022-02-17,2022-02-21,Standard Class,Michael Smith,Corporate,Laptops Item 721,Technology,Laptops,6303.09,3,0.15,754.62,Cleveland,Ohio,Central
3475,US-2023-101693,2023-09-04,2023-09-11,Same Day,Richard Kim,Consumer,Paper Item 950,Office Supplies,Paper,19.68,6,0.15,3.17,Seattle,Washington,West
3476,US-2022-102521,2022-11-03,2022-11-09,Standard Class,Joseph Nguyen,Home Office,Furnishings Item 249,Furniture,Furnishings,781.24,4,0.0,209.64,Chicago,Illinois,Central
3477,US-2024-101183,2024-11-09,2024-11-11,Same Day,Mei Ali,Home Office,Laptops Item 635,Technology,Laptops,4316.88,3,0.2,-264.42,San Francisco,California,West
3478,US-2023-100624,2023-01-24,2023-01-25,Standard Class,Mei Williams,Home Office,Laptops Item 842,Technology,Laptops,5089.92,8,0.0,796.6,Ann Arbor,Michigan,Central
3479,US-2022-103339,2022-06-10,2022-06-14,Standard Class,Fatima Kim,Corporate,Binders Item 647,Office Supplies,Binders,313.04,8,0.5,-109.36,Portland,Oregon,West
3480,US-2023-102340,2023-07-06,2023-07-12,Standard Class,Robert Taylor,Consumer,Paper Item 590,Office Supplies,Paper,139.05,5,0.2,7.83,Columbus,Ohio,
3481,US-2022-102866,2022-12-22,2022-04-27,Same Day,Sarah Patel,Consumer,Labels Item 775,Office Supplies,Labels,125.34,6,0.0,27.68,Reno,Nevada,West
3482,US-2022-101083,2022-12-28,2022-02-02,Standard Class,Wei Chen,Corporate,Furnishings Item 826,Furniture,Furnishings,898.8,7,0.0,310.82,Miami,Florida,South
3483,US-2024-101274,2024-10-05,2024-10-09,Second Class,Patricia Kim,Corporate,Art Item 617,Office Supplies,Art,86.56,8,0.15,5.76,San Diego,California,West
3484,US-2022-101979,2022-04-10,2022-04-12,Standard Class,Mei Ali,Corporate,Labels Item 753,Office Supplies,Labels,23.31,1,0.1,2.89,Reno,Nevada,West
3485,US-2024-103161,2024-12-11,2024-12-15,Same Day,Fatima Ali,Home Office,Chairs Item 581,Furniture,Chairs,2323.79,7,0.4,-437.1,Las Vegas,Nevada,West
3486,US-2023-102312,2023-09-27,2023-10-02,Second Class,James Singh,Consumer,Paper Item 554,Office Supplies,Paper,60.56,8,0.0,17.45,Reno,Nevada,West
3487,US-2024-100421,2024-09-01,2024-09-07,Second Class,Amara Chen,Consumer,Labels Item 755,Office Supplies,Labels,11.5,5,0.1,1.99,Los Angeles,California,West
3488,US-2022-102879,2022-02-07,2022-02-14,Second Class,Mary Davis,Home Office,Phones Item 891,Technology,Phones,1868.94,3,0.15,132.75,Nashville,Tennessee,South
3489,US-2023-100141,2023-09-02,2023-09-07,Standard Class,Susan Thomas,Corporate,Furnishings Item 220,Furniture,Furnishings,674.1,3,0.2,-1.62,Nashville,Tennessee,South
3490,US-2024-100587,2024-11-01,2024-04-07,Standard Class,John Rodriguez,Consumer,Furnishings Item 307,Furniture,Furnishings,1322.56,8,0.1,121.62,Worcester,Massachusetts,East
3491,US-2023-101491,2023-03-28,2023-04-01,Second Class,David Lee,Home Office,Printers Item 856,Technology,Printers,1230.32,4,0.1,107.03,Eugene,Oregon,West
3492,US-2023-102511,2023-03-25,2023-03-29,Standard Class,Joseph Torres,Home Office,Labels Item 757,Office Supplies,Labels,17.34,1,0.0,4.11,Spokane,Washington,West
3493,US-2024-101502,2024-05-31,2024-06-07,Standard Class,Patricia Lee,Home Office,Bookcases Item 323,Furniture,Bookcases,1882.32,8,0.5,-517.69,Detroit,Michigan,Central
3494,US-2024-100912,2024-12-20,2024-12-23,First Class,Jessica Nguyen,Corporate,Bookcases Item 562,Furniture,Bookcases,922.62,2,0.0,281.33,San Diego,California,West
3495,US-2024-100106,2024-02-20,2024-02-27,First Class,Jennifer Ali,Corporate,Chairs Item 252,Furniture,Chairs,1808.64,6,0.4,-274.23,Spokane,Washington,West
3496,US-2024-102775,2024-11-12,2024-11-13,Second Class,Aiden Davis,Home Office,Bookcases Item 275,Furniture,Bookcases,958.56,4,0.3,-146.53,Philadelphia,Pennsylvania,East
3497,US-2023-102938,2023-05-23,2023-05-26,Second Class,Mei Taylor,Corporate,Labels Item 172,Office Supplies,Labels,92.48,8,0.1,8.48,Austin,Texas,Central
3498,US-2022-101817,2022-11-12,2022-03-15,First Class,Priya Patel,Home Office,Accessories Item 615,Technology,Accessories,74.17,1,0.0,16.34,Orlando,Florida,South
3499,US-2024-100943,2024-06-20,2024-06-27,First Class,Jessica Miller,Consumer,Tables Item 348,Furniture,Tables,912.24,4,0.15,70.53,Ann Arbor,Michigan,Central
3500,US-2024-103223,2024-02-24,2024-02-25,Second Class,James Singh,Corporate,Printers Item 861,Technology,Printers,1168.62,3,0.5,-341.43,Pittsburgh,Pennsylvania,East
3501,US-2024-101521,2024-07-19,2024-07-21,Second Class,,Corporate,Art Item 977,Office Supplies,Art,92.25,5,0.0,31.75,Philadelphia,Pennsylvania,East
3502,US-2024-100622,2024-06-06,2024-06-13,Second Class,Richard Walker,Consumer,Printers Item 880,Technology,Printers,3366.16,7,0.1,703.38,Ann Arbor,Michigan,Central
3503,US-2023-102874,2023-11-12,2023-04-18,Second Class,Sarah Williams,Home Office,Accessories Item 353,Technology,Accessories,522.0,5,0.0,180.61,Detroit,Michigan,Central
3504,US-2024-101636,2024-01-05,2024-01-11,Second Class,Jessica Walker,Corporate,Accessories Item 263,Technology,Accessories,136.38,3,0.1,5.73,Dallas,Texas,Central
3505,US-2022-101304,2022-12-24,2022-12-28,Standard Class,Sarah Jones,Consumer,Labels Item 439,Office Supplies,Labels,24.64,8,0.0,5.06,Miami,Florida,South
3506,US-2024-103375,2024-03-28,2024-04-04,Standard Class,Amara Chen,Corporate,Furnishings Item 702,Furniture,Furnishings,248.35,1,0.0,57.51,Buffalo,New York,East
3507,US-2023-102662,2023-06-03,2023-06-05,Standard Class,David Jones,Corporate,Storage Item 254,Office Supplies,Storage,359.68,4,0.3,7.11,Orlando,Florida,
3508,US-2024-102186,2024-12-20,2024-04-22,Second Class,Sarah Rodriguez,Home Office,Accessories Item 853,Technology,Accessories,76.64,2,0.2,0.56,Nashville,Tennessee,South
3509,US-2022-103442,2022-09-01,2022-09-07,Second Class,Priya Anderson,Consumer,Art Item 530,Office Supplies,Art,145.65,5,0.4,-28.68,Seattle,Washington,West
3510,US-2022-101149,2022-11-29,2022-12-04,Same Day,Carlos Taylor,Corporate,Bookcases Item 158,Furniture,Bookcases,1079.1,5,0.0,169.79,Ann Arbor,Michigan,Central
3511,US-2022-102320,2022-07-27,2022-07-31,Second Class,Wei Davis,Corporate,Bookcases Item 722,Furniture,Bookcases,3276.78,6,0.15,482.96,Nashville,Tennessee,South
3512,US-2024-101373,2024-01-23,2024-01-26,Same Day,William Chen,Home Office,Art Item 249,Office Supplies,Art,258.4,5,0.0,79.14,Houston,Texas,Central
3513,US-2024-101393,2024-06-06,2024-06-11,Standard Class,Wei Martinez,Home Office,Printers Item 798,Technology,Printers,523.97,1,0.1,46.32,Jersey City,New Jersey,East
3514,US-2022-103214,2022-01-21,2022-01-26,Second Class,Mary Ali,Consumer,Labels Item 449,Office Supplies,Labels,23.79,1,0.0,7.22,Orlando,Florida,South
3515,US-2022-100351,2022-10-26,2022-11-01,Standard Class,Joseph Johnson,Corporate,Chairs Item 521,Furniture,Chairs,883.02,3,0.0,141.61,Boston,Massachusetts,East
3516,US-2023-101046,2023-04-23,2023-04-25,Standard Class,Mei Chen,Corporate,Phones Item 428,Technology,Phones,731.71,1,0.1,170.41,New York City,New York,East
3517,US-2023-100519,2023-06-03,2023-06-06,First Class,Robert Rodriguez,Consumer,Printers Item 887,Technology,Printers,1797.11,7,0.0,530.06,San Diego,California,West
3518,US-2024-101266,2024-11-27,2024-05-31,Standard Class,Joseph Rodriguez,Corporate,Printers Item 816,Technology,Printers,431.95,1,0.1,88.85,Orlando,Florida,South
3519,US-2023-103455,2023-11-21,2023-07-28,Standard Class,Joseph Garcia,Consumer,Accessories Item 315,Technology,Accessories,1033.68,8,0.1,141.21,Los Angeles,California,West
3520,US-2024-100050,2024-03-22,2024-03-27,First Class,Fatima Ali,Corporate,Storage Item 183,Office Supplies,Storage,19.7,1,0.1,1.21,Miami,Florida,South
3521,US-2024-102097,2024-12-25,2024-02-26,First Class,Priya Smith,Consumer,Paper Item 740,Office Supplies,Paper,126.0,6,0.0,37.3,Memphis,Tennessee,South
3522,US-2024-101086,2024-04-02,2024-04-05,Same Day,Mary Miller,Corporate,Storage Item 251,Office Supplies,Storage,993.79,7,0.0,162.91,Springfield,Illinois,Central
3523,US-2023-100054,2023-01-19,2023-01-25,Standard Class,Joseph Torres,Corporate,Accessories Item 169,Technology,Accessories,269.8,4,0.15,36.72,Worcester,Massachusetts,East
3524,US-2024-101101,2024-12-11,2024-12-17,First Class,Robert Walker,Consumer,Bookcases Item 528,Furniture,Bookcases,4799.34,7,0.0,826.18,Philadelphia,Pennsylvania,East
3525,US-2024-101587,2024-08-29,2024-09-01,Second Class,Diego Smith,Corporate,Labels Item 224,Office Supplies,Labels,17.01,3,0.3,-2.52,Los Angeles,California,West
3526,US-2022-100782,2022-11-25,2022-03-27,First Class,William Williams,Consumer,Chairs Item 600,Furniture,Chairs,2017.15,5,0.0,413.44,Springfield,Illinois,Central
3527,US-2022-102866,2022-04-22,2022-04-27,Same Day,Sarah Patel,Consumer,Labels Item 775,Office Supplies,Labels,125.34,6,0.0,27.68,Reno,Nevada,West
3528,US-2022-101501,2022-08-24,2022-08-26,Same Day,Aiden Davis,Corporate,Accessories Item 985,Technology,Accessories,208.36,2,0.0,64.45,New York City,New York,East
3529,US-2023-100819,2023-02-26,2023-03-02,Second Class,Michael Anderson,Home Office,Art Item 153,Office Supplies,Art,279.6,8,0.0,50.46,Nashville,Tennessee,South
3530,US-2024-101169,2024-01-11,2024-01-12,First Class,Jessica Kim,Home Office,Printers Item 808,Technology,Printers,1268.96,4,0.2,4.84,Cleveland,Ohio,Central
3531,US-2023-101568,2023-12-11,2023-12-13,First Class,Sarah Williams,Corporate,Accessories Item 218,Technology,Accessories,114.12,3,0.15,12.37,Columbus,Ohio,Central
3532,US-2023-100640,2023-10-31,2023-11-04,First Class,Amara Lee,Home Office,Phones Item 363,Technology,Phones,770.61,3,0.4,-146.59,Philadelphia,Pennsylvania,East
3533,US-2023-101605,2023-05-07,2023-05-14,Standard Class,Richard Kim,Home Office,Paper Item 594,Office Supplies,Paper,93.45,5,0.1,15.15,Charlotte,North Carolina,South
3534,US-2023-103215,2023-08-06,2023-08-10,First Class,Aiden Nguyen,Corporate,Art Item 768,Office Supplies,Art,25.12,1,0.15,2.59,Savannah,Georgia,South
3535,US-2022-101051,2022-05-15,2022-05-20,First Class,Joseph Johnson,Corporate,Storage Item 466,Office Supplies,Storage,1105.74,6,0.15,101.29,Tampa,Florida,South
3536,US-2022-100252,2022-11-14,2022-11-15,Second Class,Mei Patel,Home Office,Accessories Item 152,Technology,Accessories,53.33,1,0.0,16.68,Columbus,Ohio,Central
3537,US-2022-102546,09/27/2022,2022-10-04,Second Class,Wei Torres,Consumer,Binders Item 160,Office Supplies,Binders,10.16,2,0.3,-1.72,Las Vegas,Nevada,West
3538,US-2022-101790,2022-05-31,2022-06-07,First Class,Jennifer Torres,Home Office,Phones Item 378,Technology,Phones,3531.15,5,0.1,489.11,Seattle,Washington,West
3539,US-2022-100957,2022-09-04,2022-09-08,First Class,Linda Garcia,Corporate,Chairs Item 295,Furniture,Chairs,1495.17,3,0.2,5.48,Los Angeles,California,West
3540,US-2024-100026,2024-08-29,2024-08-30,Standard Class,Amara Rodriguez,Consumer,Accessories Item 542,Technology,Accessories,874.44,6,0.4,-118.03,Eugene,Oregon,West
3541,US-2023-101430,2023-01-17,2023-01-18,Second Class,Linda Williams,Corporate,Labels Item 271,Office Supplies,Labels,22.64,8,0.0,4.19,Ann Arbor,Michigan,Central
3542,US-2022-102126,2022-06-14,2022-06-15,Standard Class,Diego Patel,Home Office,Labels Item 320,Office Supplies,Labels,74.83,7,0.3,-12.54,Miami,Florida,South
3543,US-2024-102297,2024-03-15,2024-03-17,Standard Class,Patricia Taylor,Corporate,Storage Item 340,Office Supplies,Storage,324.96,3,,69.03,Seattle,Washington,West
3544,US-2022-101410,2022-11-07,2022-11-11,Standard Class,Carlos Johnson,Corporate,Laptops Item 658,Technology,Laptops,2497.62,6,0.3,-271.23,Worcester,Massachusetts,East
3545,US-2023-102237,2023-09-27,2023-10-02,First Class,Susan Williams,Consumer,Phones Item 690,Technology,Phones,1531.2,5,0.2,1.67,Savannah,Georgia,South
3546,US-2024-103184,2024-05-04,2024-05-08,Second Class,Patricia Thomas,Consumer,Phones Item 408,Technology,Phones,2087.9,5,0.2,-77.56,Eugene,Oregon,West
3547,US-2022-102333,2022-11-05,2022-12-07,First Class,Linda Rodriguez,Home Office,Bookcases Item 524,Furniture,Bookcases,3565.98,6,0.3,-135.94,Newark,New Jersey,East
3548,US-2022-103018,2022-11-14,2022-11-16,First Class,Fatima Miller,Home Office,Tables Item 279,Furniture,Tables,1222.72,2,0.2,-27.96,Savannah,Georgia,South
3549,US-2023-101730,2023-11-03,2023-07-05,Standard Class,Susan Garcia,Home Office,Bookcases Item 385,Furniture,Bookcases,3073.32,6,0.1,521.63,Portland,Oregon,West
3550,US-2022-100273,2022-10-12,2022-10-16,Second Class,Elizabeth Anderson,Consumer,Furnishings Item 626,Furniture,Furnishings,162.17,1,0.1,18.1,Raleigh,North Carolina,South
3551,US-2022-103064,2022-01-05,2022-01-06,Standard Class,Amara Singh,Consumer,Phones Item 903,Technology,Phones,2661.45,5,0.2,-26.58,Reno,Nevada,West
3552,US-2023-102289,2023-02-19,2023-02-26,First Class,Elizabeth Davis,Home Office,Phones Item 325,Technology,Phones,3206.07,7,0.0,615.37,Newark,New Jersey,East
3553,US-2022-100906,2022-07-27,2022-07-31,Standard Class,David Wilson,Home Office,Accessories Item 867,Technology,Accessories,102.44,1,0.0,31.03,Newark,New Jersey,East
3554,US-2024-100311,2024-09-04,2024-09-07,Standard Class,Jennifer Walker,Corporate,Chairs Item 711,Furniture,Chairs,1129.52,8,0.4,-280.27,Worcester,Massachusetts,East
3555,US-2024-100985,2024-04-24,2024-05-01,Standard Class,Amara Miller,Corporate,Storage Item 467,Office Supplies,Storage,153.76,2,0.0,23.87,Philadelphia,Pennsylvania,East
3556,US-2022-103126,2022-03-03,2022-03-10,Same Day,Amara Rodriguez,Home Office,Binders Item 690,Office Supplies,Binders,88.32,3,0.3,-12.82,Dallas,Texas,Central
3557,US-2024-100242,2024-04-18,2024-04-19,First Class,Robert Davis,Consumer,Laptops Item 223,Technology,Laptops,9745.36,8,0.0,2684.96,Columbus,Ohio,Central
3558,US-2023-102443,2023-03-24,2023-03-26,Same Day,Mei Thomas,Consumer,Phones Item 433,Technology,Phones,464.8,2,0.1,100.74,Portland,Oregon,West
3559,US-2024-102944,2024-08-07,2024-08-11,Second Class,Jennifer Ali,Corporate,Art Item 883,Office Supplies,Art,379.52,8,0.4,-40.48,Jersey City,New Jersey,East
3560,US-2024-100952,2024-03-09,2024-03-10,Standard Class,John Chen,Corporate,Art Item 537,Office Supplies,Art,310.35,5,0.0,48.74,Ann Arbor,Michigan,Central
3561,US-2023-100508,2023-06-17,2023-06-19,Same Day,Priya Miller,Consumer,Laptops Item 606,Technology,Laptops,5010.12,3,0.0,1678.64,Miami,Florida,South
3562,US-2023-101087,2023-11-13,2023-11-16,Same Day,Jessica Ali,Home Office,Binders Item 982,Office Supplies,Binders,64.85,5,0.3,-0.57,Memphis,Tennessee,South
3563,US-2024-100899,2024-11-25,2024-12-02,Standard Class,Patricia Miller,Consumer,Printers Item 454,Technology,Printers,1357.47,3,0.0,223.19,Ann Arbor,Michigan,Central
3564,US-2022-103358,2022-12-04,2022-12-09,First Class,David Davis,Corporate,Chairs Item 267,Furniture,Chairs,3059.63,7,0.0,712.96,Portland,Oregon,West
3565,US-2023-101875,2023-03-29,2023-04-02,Same Day,Linda Rodriguez,Home Office,Laptops Item 858,Technology,Laptops,8994.64,8,0.5,-2006.55,Boston,Massachusetts,East
3566,US-2023-103445,2023-09-18,2023-09-21,First Class,Joseph Jones,Corporate,Labels Item 798,Office Supplies,Labels,5.44,1,0.0,1.37,San Francisco,California,West
3567,US-2023-100745,2023-05-18,2023-05-24,Same Day,Mary Brown,Home Office,Laptops Item 152,Technology,Laptops,5497.0,5,0.0,1317.84,Jersey City,New Jersey,East
3568,US-2023-101180,2023-09-01,2023-09-06,First Class,Robert Ali,Corporate,Accessories Item 870,Technology,Accessories,169.52,2,0.2,-7.05,New York City,New York,East
3569,US-2022-103490,2022-09-06,2022-09-09,Same Day,Amara Garcia,Consumer,Accessories Item 950,Technology,Accessories,825.79,7,0.1,39.44,Charlotte,North Carolina,South
3570,US-2023-102327,2023-02-07,2023-02-13,Second Class,Robert Taylor,Consumer,Labels Item 370,Office Supplies,Labels,90.58,7,0.1,19.01,Tampa,Florida,South
3571,US-2024-103132,2024-12-22,2024-06-25,Same Day,Mei Williams,Corporate,Printers Item 328,Technology,Printers,484.32,3,0.3,7.24,Newark,New Jersey,East
3572,US-2023-102634,2023-08-18,2023-08-19,Second Class,Priya Walker,Consumer,Storage Item 554,Office Supplies,Storage,344.05,5,0.1,46.06,Austin,Texas,Central
3573,US-2022-100765,2022-06-03,2022-06-07,Standard Class,David Patel,Consumer,Tables Item 786,Furniture,Tables,2969.68,4,0.15,275.68,Dallas,Texas,Central
3574,US-2022-101516,2022-05-12,2022-05-14,Second Class,Linda Garcia,Home Office,Art Item 141,Office Supplies,Art,59.76,3,0.0,13.96,Newark,New Jersey,East
3575,US-2024-100274,2024-04-29,2024-05-06,First Class,Joseph Brown,Corporate,Accessories Item 791,Technology,Accessories,51.8,2,0.15,6.18,Chicago,Illinois,Central
3576,US-2024-102427,2024-12-05,2024-12-07,First Class,Mary Taylor,Consumer,Phones Item 275,Technology,Phones,2194.29,3,0.15,117.43,Raleigh,North Carolina,South
3577,US-2024-100307,2024-03-09,2024-03-12,Second Class,Joseph Anderson,Home Office,Laptops Item 390,Technology,Laptops,3060.44,2,0.15,4.14,Las Vegas,Nevada,West
3578,US-2023-103346,2023-07-03,2023-07-10,First Class,Patricia Miller,Home Office,Binders Item 999,Office Supplies,Binders,288.24,6,0.15,8.23,Los Angeles,California,West
3579,US-2023-102111,2023-09-09,2023-09-14,Standard Class,Jessica Walker,Consumer,Tables Item 629,Furniture,Tables,2423.54,7,0.3,-138.8,Worcester,Massachusetts,East
3580,US-2023-100261,2023-03-27,2023-03-29,Same Day,William Wilson,Corporate,Chairs Item 749,Furniture,Chairs,2571.36,8,0.0,581.59,Eugene,Oregon,West
3581,US-2022-103016,2022-08-14,2022-08-20,Same Day,Mei Torres,Home Office,Paper Item 804,Office Supplies,Paper,205.44,8,0.0,45.45,Seattle,Washington,West
3582,US-2023-101752,2023-11-26,2023-12-01,Second Class,Susan Garcia,Home Office,Art Item 382,Office Supplies,Art,239.37,3,0.1,11.01,Austin,Texas,Central
3583,US-2024-100858,2024-12-28,2024-05-01,Standard Class,Carlos Thomas,Home Office,Binders Item 255,Office Supplies,Binders,12.64,2,0.1,3.02,Savannah,Georgia,South
3584,US-2024-100503,2024-02-25,2024-03-02,Same Day,Wei Wilson,Consumer,Bookcases Item 197,Furniture,Bookcases,4060.49,7,0.15,474.09,Miami,Florida,South
3585,US-2022-103112,2022-03-13,2022-03-15,Same Day,James Lee,Home Office,Accessories Item 335,Technology,Accessories,183.25,5,0.1,20.77,Chicago,Illinois,Central
3586,US-2023-103136,2023-11-12,2023-10-17,Same Day,Sarah Kim,Corporate,Art Item 580,Office Supplies,Art,93.75,3,0.2,10.84,Jersey City,New Jersey,East
3587,US-2024-101652,2024-04-09,2024-04-13,First Class,Jennifer Torres,Corporate,Bookcases Item 967,Furniture,Bookcases,2986.34,7,0.1,311.27,Chicago,Illinois,Central
3588,US-2024-103302,2024-04-19,2024-04-21,Second Class,William Chen,Home Office,Art Item 378,Office Supplies,Art,227.15,7,0.4,-29.21,Cleveland,Ohio,Central
3589,US-2023-102048,2023-08-23,2023-08-28,Standard Class,Mei Ali,Home Office,Binders Item 364,Office Supplies,Binders,43.84,2,0.2,1.01,Nashville,Tennessee,South
3590,US-2024-101136,2024-04-24,2024-04-28,Same Day,Elizabeth Patel,Corporate,Accessories Item 124,Technology,Accessories,122.95,5,0.0,27.9,Atlanta,Georgia,South
3591,US-2022-102868,2022-01-10,2022-01-16,First Class,William Miller,Home Office,Labels Item 518,Office Supplies,Labels,70.28,4,0.1,12.41,Memphis,Tennessee,South
3592,US-2023-102104,2023-08-07,2023-08-13,Same Day,Robert Walker,Home Office,Furnishings Item 544,Furniture,Furnishings,618.72,4,0.4,-112.44,Columbus,Ohio,Central
3593,US-2024-103377,2024-06-25,2024-06-26,Second Class,William Williams,Consumer,Labels Item 670,Office Supplies,Labels,72.0,8,0.5,-27.56,Boston,Massachusetts,East
3594,US-2024-100253,2024-12-02,2024-12-03,Second Class,John Thomas,Home Office,Accessories Item 649,Technology,Accessories,423.44,4,0.4,-109.03,Ann Arbor,Michigan,Central
3595,US-2023-102699,2023-11-21,2023-07-28,Same Day,David Anderson,Corporate,Binders Item 616,Office Supplies,Binders,24.81,3,0.15,1.9,Springfield,Illinois,Central
3596,US-2022-102763,2022-04-07,2022-04-13,First Class,William Lee,Consumer,Laptops Item 904,Technology,Laptops,8110.02,6,0.1,380.16,Nashville,Tennessee,South
3597,US-2024-103074,2024-03-22,2024-03-28,Second Class,Patricia Kim,Consumer,Storage Item 426,Office Supplies,Storage,439.08,4,0.4,-84.53,Miami,Florida,South
3598,US-2024-100215,2024-04-07,2024-04-13,First Class,Amara Wilson,Home Office,Tables Item 126,Furniture,Tables,380.73,1,0.2,-17.74,Chicago,Illinois,Central
3599,US-2023-100876,2023-03-14,2023-03-19,Second Class,Aiden Johnson,Corporate,Art Item 283,Office Supplies,Art,270.9,6,0.2,-7.3,Chicago,Illinois,Central
3600,US-2022-102384,2022-12-19,2022-10-23,Standard Class,Diego Wilson,Home Office,Tables Item 288,Furniture,Tables,5502.14,7,0.15,24.61,Miami,Florida,South
3601,US-2022-102770,2022-02-26,2022-03-02,Standard Class,Wei Thomas,Consumer,Binders Item 353,Office Supplies,Binders,33.11,1,0.15,2.6,Columbus,Ohio,Central
3602,US-2024-100599,2024-12-21,2024-04-25,Second Class,Richard Singh,Consumer,Chairs Item 649,Furniture,Chairs,1465.02,3,0.0,503.64,Las Vegas,Nevada,West
3603,US-2023-102374,2023-04-29,2023-05-01,Same Day,Wei Jones,Home Office,Laptops Item 718,Technology,Laptops,4450.68,6,0.0,702.28,Newark,New Jersey,East
3604,US-2022-101222,2022-09-25,2022-09-28,Same Day,Mary Williams,Consumer,Laptops Item 417,Technology,Laptops,12399.94,7,0.2,1199.45,Ann Arbor,Michigan,Central
3605,US-2022-101121,2022-11-06,2022-12-08,Second Class,Mei Thomas,Consumer,Printers Item 103,Technology,Printers,1972.72,4,0.0,309.59,Detroit,Michigan,Central
3606,US-2022-102117,2022-09-12,2022-09-16,First Class,Mei Thomas,Corporate,Chairs Item 572,Furniture,Chairs,1742.32,8,0.3,3.95,Nashville,Tennessee,South
3607,US-2024-101672,2024-02-02,2024-02-09,Same Day,Fatima Walker,Consumer,Chairs Item 449,Furniture,Chairs,1014.75,3,0.0,183.97,Reno,Nevada,West
3608,US-2024-100896,2024-05-19,2024-05-24,Same Day,Linda Singh,Consumer,Bookcases Item 455,Furniture,Bookcases,865.5,5,0.2,67.06,Boston,Massachusetts,East
3609,US-2023-102415,2023-12-08,2023-06-13,First Class,Elizabeth Singh,Corporate,Binders Item 495,Office Supplies,Binders,103.45,5,0.1,14.55,Tampa,Florida,South
3610,US-2023-101919,2023-03-13,2023-03-17,Same Day,Diego Lee,Corporate,Printers Item 602,Technology,Printers,1129.86,2,0.2,-52.28,Jersey City,New Jersey,East
3611,US-2024-101954,2024-01-25,2024-01-28,First Class,David Davis,Home Office,Bookcases Item 560,Furniture,Bookcases,3189.92,8,0.0,675.29,Pittsburgh,Pennsylvania,East
3612,US-2024-101946,2024-10-18,2024-10-23,Same Day,Jessica Davis,Consumer,Chairs Item 384,Furniture,Chairs,2737.42,7,0.0,701.49,Cleveland,Ohio,Central
3613,US-2022-101212,2022-02-19,2022-02-26,Standard Class,Jennifer Lee,Corporate,Phones Item 268,Technology,Phones,717.16,1,0.2,15.57,Columbus,Ohio,Central
3614,US-2022-102043,2022-06-21,2022-06-26,Same Day,William Thomas,Consumer,Phones Item 909,Technology,Phones,2198.28,7,0.15,-6.62,Nashville,Tennessee,South
3615,US-2024-102445,2024-10-10,2024-10-13,First Class,Jennifer Martinez,Corporate,Labels Item 476,Office Supplies,Labels,12.9,5,0.1,2.3,Raleigh,North Carolina,South
3616,US-2022-101745,2022-11-09,2022-02-10,First Class,Jessica Walker,Home Office,Storage Item 725,Office Supplies,Storage,104.35,5,0.15,7.27,Albany,New York,East
3617,US-2024-102113,2024-02-12,2024-02-17,First Class,James Ali,Home Office,Paper Item 764,Office Supplies,Paper,193.28,8,0.1,35.96,Los Angeles,California,West
3618,US-2024-103403,2024-07-24,2024-07-29,Same Day,Michael Kim,Home Office,Laptops Item 758,Technology,Laptops,5899.25,5,0.0,1828.4,Columbus,Ohio,Central
3619,US-2023-100855,2023-02-11,2023-02-13,Same Day,John Johnson,Corporate,Labels Item 920,Office Supplies,Labels,65.0,4,0.1,11.05,Columbus,Ohio,Central
3620,US-2023-101140,2023-02-01,2023-02-04,Second Class,Fatima Smith,Consumer,Printers Item 249,Technology,Printers,819.46,2,0.1,44.4,Cleveland,Ohio,Central
3621,US-2022-100758,2022-12-13,2022-02-16,Standard Class,John Walker,Consumer,Labels Item 572,Office Supplies,Labels,45.5,7,0.0,6.89,Las Vegas,Nevada,West
3622,US-2022-102412,2022-12-06,2022-12-07,Second Class,Linda Walker,Home Office,Labels Item 521,Office Supplies,Labels,64.02,6,0.15,4.08,Eugene,Oregon,West
3623,US-2022-101338,2022-04-23,2022-04-30,Second Class,Patricia Taylor,Home Office,Tables Item 922,Furniture,Tables,1624.34,2,0.0,337.02,Tampa,Florida,South
3624,US-2023-100129,2023-11-12,2023-11-19,Same Day,Sarah Lee,Corporate,Accessories Item 442,Technology,Accessories,141.06,1,0.4,-21.27,Savannah,Georgia,South
3625,US-2023-100761,2023-10-24,2023-10-31,Same Day,Mary Anderson,Consumer,Phones Item 190,Technology,Phones,585.6,3,0.0,197.28,Houston,Texas,Central
3626,US-2024-102489,2024-09-16,2024-09-18,Same Day,Jessica Walker,Corporate,Labels Item 774,Office Supplies,Labels,19.36,4,0.15,0.51,Worcester,Massachusetts,East
3627,US-2023-103267,2023-09-20,2023-09-27,First Class,Richard Davis,Corporate,Accessories Item 131,Technology,Accessories,698.35,5,0.1,29.2,Pittsburgh,Pennsylvania,East
3628,US-2023-102814,07/05/2023,2023-07-06,Second Class,Carlos Johnson,Corporate,Binders Item 769,Office Supplies,Binders,111.88,4,0.4,-24.78,Tampa,Florida,South
3629,US-2024-103208,2024-05-10,2024-05-17,Second Class,Fatima Ali,Home Office,Printers Item 489,Technology,Printers,1284.92,7,0.0,301.9,Portland,Oregon,West
3630,US-2023-101044,2023-05-01,2023-05-08,Standard Class,Joseph Patel,Consumer,Laptops Item 840,Technology,Laptops,3539.1,6,0.0,995.75,Seattle,Washington,West
3631,US-2024-101249,2024-01-05,2024-01-10,Second Class,Diego Rodriguez,Home Office,Tables Item 372,Furniture,Tables,3932.74,7,0.15,621.83,Spokane,Washington,West
3632,US-2023-102502,2023-11-18,2023-12-19,Standard Class,Priya Rodriguez,Corporate,Bookcases Item 441,Furniture,Bookcases,4878.56,8,0.1,526.89,Seattle,Washington,West
3633,US-2024-102612,2024-06-12,2024-06-13,Same Day,Linda Singh,Consumer,Binders Item 798,Office Supplies,Binders,37.74,3,0.15,2.11,Houston,Texas,Central
3634,US-2023-102751,2023-03-13,2023-03-18,Standard Class,James Williams,Home Office,Furnishings Item 328,Furniture,Furnishings,278.62,2,0.0,44.64,Houston,Texas,Central
3635,US-2023-102291,2023-07-10,2023-07-14,Same Day,Sarah Walker,Home Office,Labels Item 734,Office Supplies,Labels,164.43,7,0.0,34.64,Dallas,Texas,Central
3636,US-2024-101100,2024-10-07,2024-10-09,Same Day,Robert Wilson,Consumer,Laptops Item 268,Technology,Laptops,5535.88,4,0.0,1251.55,Savannah,Georgia,South
3637,US-2023-100830,2023-10-04,2023-10-09,First Class,Aiden Thomas,Corporate,Binders Item 950,Office Supplies,Binders,51.26,2,0.15,3.82,Portland,Oregon,West
3638,US-2024-101242,2024-11-28,2024-02-02,Standard Class,Jennifer Lee,Home Office,Accessories Item 477,Technology,Accessories,284.34,2,0.0,51.11,Newark,New Jersey,East
3639,US-2024-102149,2024-08-06,2024-08-07,Second Class,James Nguyen,Consumer,Paper Item 402,Office Supplies,Paper,37.25,5,0.2,-1.48,Raleigh,North Carolina,South
3640,US-2024-100360,2024-02-26,2024-03-03,Second Class,James Ali,Home Office,Printers Item 489,Technology,Printers,867.78,6,0.0,257.01,New York City,New York,East
3641,US-2023-101856,2023-04-19,2023-04-21,First Class,Robert Singh,Home Office,Labels Item 969,Office Supplies,Labels,6.72,3,0.1,1.23,Pittsburgh,Pennsylvania,East
3642,US-2022-101248,2022-02-05,2022-02-12,First Class,Linda Jones,Corporate,Labels Item 517,Office Supplies,Labels,41.28,3,0.15,3.45,Columbus,Ohio,Central
3643,US-2024-102418,2024-11-16,2024-11-19,Same Day,Joseph Lee,Consumer,Storage Item 341,Office Supplies,Storage,581.0,5,0.0,97.31,Memphis,Tennessee,South
3644,US-2024-100269,2024-11-11,2024-11-12,Same Day,Joseph Jones,Home Office,Bookcases Item 110,Furniture,Bookcases,1820.34,3,0.1,162.87,Savannah,Georgia,South
3645,US-2022-101083,2022-01-28,2022-02-02,Standard Class,Wei Chen,Corporate,Furnishings Item 826,Furniture,Furnishings,898.8,7,0.0,310.82,Miami,Florida,South
3646,US-2024-101541,2024-03-26,2024-03-31,Same Day,Michael Johnson,Corporate,Labels Item 874,Office Supplies,Labels,18.94,1,0.0,6.19,Newark,New Jersey,East
3647,US-2022-100795,2022-08-08,2022-08-12,Same Day,Linda Lee,Consumer,Art Item 128,Office Supplies,Art,259.77,7,0.15,33.39,Reno,Nevada,West
3648,US-2024-103079,2024-08-13,2024-08-18,Standard Class,James Taylor,Home Office,Tables Item 169,Furniture,Tables,4862.76,7,0.4,-706.72,Charlotte,North Carolina,South
3649,US-2023-103440,2023-06-12,2023-06-16,First Class,Amara Ali,Consumer,Art Item 218,Office Supplies,Art,125.32,2,0.3,-15.9,New York City,New York,East
3650,US-2024-101665,2024-01-17,2024-01-23,Second Class,Aiden Patel,Corporate,Chairs Item 156,Furniture,Chairs,486.96,4,0.15,58.06,Charlotte,North Carolina,South
3651,US-2022-103321,2022-02-11,2022-02-14,Standard Class,Mary Smith,Corporate,Phones Item 925,Technology,Phones,2151.81,3,0.0,664.54,Detroit,Michigan,Central
3652,US-2023-103215,2023-11-06,2023-08-10,First Class,Aiden Nguyen,Corporate,Art Item 768,Office Supplies,Art,25.12,1,0.15,2.59,Savannah,Georgia,South
3653,US-2022-101985,2022-05-15,2022-05-19,Standard Class,Patricia Lee,Consumer,Tables Item 440,Furniture,Tables,2282.72,4,0.0,523.97,Memphis,Tennessee,South
3654,US-2022-101552,06/04/2022,2022-06-09,Second Class,James Thomas,Corporate,Labels Item 215,Office Supplies,Labels,115.15,5,0.1,14.6,Raleigh,North Carolina,South
3655,US-2022-102429,2022-06-12,2022-06-18,Second Class,Mary Johnson,Home Office,Storage Item 653,Office Supplies,Storage,126.03,3,0.0,42.55,Worcester,Massachusetts,East
3656,US-2024-103008,2024-12-11,2024-08-12,Second Class,Fatima Brown,Corporate,Paper Item 690,Office Supplies,Paper,135.03,7,0.0,40.6,Worcester,Massachusetts,East
3657,US-2022-100537,2022-03-17,2022-03-23,Second Class,Patricia Kim,Consumer,Paper Item 746,Office Supplies,Paper,25.2,7,0.0,3.87,Cleveland,Ohio,Central
3658,US-2023-103056,2023-05-29,2023-05-30,First Class,John Rodriguez,Consumer,Binders Item 511,Office Supplies,Binders,234.64,4,0.2,1.23,Newark,New Jersey,East
3659,US-2023-100667,2023-11-19,2023-07-23,Second Class,John Smith,Home Office,Bookcases Item 978,Furniture,Bookcases,1773.12,8,0.1,424.25,Nashville,Tennessee,South
3660,US-2024-103012,2024-12-25,2024-12-26,Second Class,James Thomas,Home Office,Binders Item 314,Office Supplies,Binders,362.6,7,0.2,-18.19,Nashville,Tennessee,South
3661,US-2023-100319,2023-03-23,2023-03-24,Second Class,Diego Rodriguez,Corporate,Paper Item 115,Office Supplies,Paper,133.44,6,0.3,-17.55,Eugene,Oregon,West
3662,US-2022-103059,2022-05-24,2022-05-25,Standard Class,Fatima Patel,Home Office,Printers Item 979,Technology,Printers,1690.52,4,0.0,588.01,Raleigh,North Carolina,South
3663,US-2022-101928,2022-01-08,2022-01-14,Same Day,Susan Williams,Home Office,Printers Item 713,Technology,Printers,848.24,2,0.3,-139.65,Savannah,Georgia,South
3664,US-2024-103021,2024-06-01,2024-06-05,Second Class,Priya Thomas,Home Office,Laptops Item 410,Technology,Laptops,4405.32,3,0.1,288.21,Worcester,Massachusetts,East
3665,US-2022-102105,2022-02-15,2022-02-22,Same Day,Amara Jones,Consumer,Furnishings Item 187,Furniture,Furnishings,79.58,2,0.1,4.09,Memphis,Tennessee,South
3666,US-2024-101408,2024-11-20,2024-11-22,Same Day,Wei Martinez,Corporate,Art Item 930,Office Supplies,Art,94.76,2,0.4,-12.86,Cleveland,Ohio,Central
3667,US-2024-101521,2024-12-19,2024-07-21,Second Class,Michael Wilson,Corporate,Art Item 977,Office Supplies,Art,92.25,5,0.0,31.75,Philadelphia,Pennsylvania,East
3668,US-2024-102406,2024-01-21,2024-01-22,Second Class,Jessica Smith,Corporate,Laptops Item 899,Technology,Laptops,5630.88,8,0.0,1806.32,Reno,Nevada,West
3669,US-2023-100995,2023-11-04,2023-04-08,First Class,Patricia Kim,Consumer,Laptops Item 571,Technology,Laptops,$7117.98,6,0.2,540.27,Reno,Nevada,West
3670,US-2024-101899,2024-08-26,2024-09-02,First Class,David Garcia,Consumer,Art Item 514,Office Supplies,Art,224.6,5,0.0,38.33,Albany,New York,East
3671,US-2022-100511,2022-09-07,2022-09-11,First Class,Priya Khan,Corporate,Binders Item 257,Office Supplies,Binders,256.5,6,0.0,53.73,Miami,Florida,South
3672,US-2023-101571,2023-09-07,2023-09-13,Same Day,Elizabeth Khan,Corporate,Art Item 396,Office Supplies,Art,65.66,2,0.1,14.72,Charlotte,North Carolina,South
3673,US-2022-102041,2022-11-15,2022-10-22,Standard Class,Diego Patel,Corporate,Printers Item 483,Technology,Printers,2200.1,5,0.1,190.68,Reno,Nevada,West
3674,US-2024-103243,2024-06-06,2024-06-13,First Class,Linda Lee,Corporate,Laptops Item 109,Technology,Laptops,3002.84,4,0.0,745.5,Raleigh,North Carolina,South
3675,US-2022-102578,2022-11-11,2022-11-15,First Class,James Wilson,Corporate,Laptops Item 547,Technology,Laptops,3235.04,2,0.1,324.13,Reno,Nevada,West
3676,US-2024-101250,2024-09-13,2024-09-20,Same Day,Mary Davis,Home Office,Chairs Item 950,Furniture,Chairs,1966.12,4,0.0,455.19,Reno,Nevada,West
3677,US-2022-101211,2022-05-27,2022-05-31,Standard Class,John Lee,Corporate,Binders Item 268,Office Supplies,Binders,36.36,3,0.15,-0.38,Philadelphia,Pennsylvania,East
3678,US-2022-102059,2022-12-22,2022-12-23,Second Class,David Chen,Home Office,Laptops Item 496,Technology,Laptops,12306.48,6,0.2,139.29,Philadelphia,Pennsylvania,East
3679,US-2023-102646,2023-04-02,2023-04-06,Same Day,Amara Davis,Home Office,Labels Item 798,Office Supplies,Labels,67.84,8,0.15,1.48,Chicago,Illinois,Central
3680,US-2024-101711,2024-11-30,2024-12-03,First Class,Priya Chen,Home Office,Storage Item 296,Office Supplies,Storage,1094.87,7,0.0,300.81,Worcester,Massachusetts,East
3681,US-2022-102231,2022-10-15,2022-10-20,First Class,Fatima Miller,Consumer,Printers Item 617,Technology,Printers,2025.94,7,0.0,514.43,Charlotte,North Carolina,South
3682,US-2024-103103,2024-08-20,2024-08-23,Second Class,Aiden Patel,Consumer,Laptops Item 645,Technology,Laptops,1125.5,2,0.2,134.58,Atlanta,Georgia,South
3683,US-2022-100628,2022-06-14,2022-06-19,Second Class,Linda Williams,Consumer,Art Item 949,Office Supplies,Art,394.94,7,0.2,6.34,New York City,New York,East
3684,US-2023-102224,2023-03-07,2023-03-10,First Class,Diego Thomas,Home Office,Furnishings Item 125,Furniture,Furnishings,184.83,3,0.0,57.27,Ann Arbor,Michigan,Central
3685,US-2022-103262,2022-12-15,2022-12-16,Same Day,Linda Smith,Home Office,Laptops Item 870,Technology,Laptops,5479.71,3,0.0,1026.8,Houston,Texas,Central
3686,US-2023-101141,2023-11-16,2023-11-23,Same Day,Mary Miller,Home Office,Bookcases Item 434,Furniture,Bookcases,237.72,1,0.1,26.71,Houston,Texas,Central
3687,US-2024-103057,2024-12-14,2024-10-17,Same Day,Amara Martinez,Consumer,Binders Item 132,Office Supplies,Binders,278.15,5,0.2,10.84,San Diego,California,West
3688,US-2024-100947,2024-01-10,2024-01-17,Same Day,Mary Williams,Consumer,Phones Item 428,Technology,Phones,4500.3,6,0.4,-1121.44,Columbus,Ohio,Central
3689,US-2024-102186,2024-04-20,2024-04-22,Second Class,Sarah Rodriguez,Home Office,Accessories Item 853,Technology,Accessories,76.64,2,0.2,0.56,Nashville,Tennessee,South
3690,US-2024-101594,2024-04-24,2024-04-25,Standard Class,Jennifer Rodriguez,Home Office,Storage Item 813,Office Supplies,Storage,162.04,2,0.2,0.12,Buffalo,New York,East
3691,US-2024-100866,2024-05-06,2024-05-10,Standard Class,Priya Walker,Consumer,Furnishings Item 545,Furniture,Furnishings,271.32,3,0.2,14.86,San Francisco,California,West
3692,US-2022-101794,2022-09-05,2022-09-06,Second Class,Aiden Williams,Home Office,Art Item 221,Office Supplies,Art,195.25,5,0.3,-5.37,Seattle,Washington,West
3693,US-2023-102956,2023-12-11,2023-12-18,Standard Class,Priya Davis,Home Office,Binders Item 408,Office Supplies,Binders,209.28,8,0.2,24.13,Cleveland,Ohio,Central
3694,US-2022-102065,2022-08-27,2022-09-02,Same Day,Patricia Davis,Corporate,Printers Item 346,Technology,Printers,1870.64,8,0.2,-130.53,Memphis,Tennessee,South
3695,US-2024-102557,2024-03-28,2024-04-01,Standard Class,James Lee,Corporate,Printers Item 711,Technology,Printers,2746.87,7,0.0,797.07,Nashville,Tennessee,South
3696,US-2024-100701,2024-04-30,2024-05-02,Standard Class,Robert Torres,Consumer,Binders Item 332,Office Supplies,Binders,62.6,5,0.0,11.49,Houston,Texas,Central
3697,US-2024-100718,2024-01-01,2024-01-08,First Class,Mei Taylor,Home Office,Phones Item 299,Technology,Phones,1273.7,5,0.0,198.69,Las Vegas,Nevada,West
3698,US-2023-102820,2023-06-13,2023-06-19,Second Class,Elizabeth Thomas,Home Office,Printers Item 264,Technology,Printers,267.3,3,0.1,13.31,Chicago,Illinois,Central
3699,US-2023-103121,2023-06-28,2023-07-04,First Class,Jessica Brown,Home Office,Phones Item 595,Technology,Phones,839.84,1,0.0,141.91,Reno,Nevada,West
3700,US-2024-101873,2024-07-30,2024-07-31,Same Day,John Thomas,Corporate,Laptops Item 545,Technology,Laptops,2886.66,7,0.1,238.12,Las Vegas,Nevada,West
3701,US-2023-101239,2023-03-24,2023-03-27,First Class,Wei Khan,Consumer,Paper Item 937,Office Supplies,Paper,13.92,2,0.4,-1.84,Orlando,Florida,South
3702,US-2023-100126,2023-12-26,2023-12-31,Standard Class,William Lee,Corporate,Furnishings Item 112,Furniture,Furnishings,175.44,2,0.0,39.83,Jersey City,New Jersey,East
3703,US-2022-102918,2022-02-24,2022-02-28,Same Day,Linda Rodriguez,Home Office,Printers Item 556,Technology,Printers,3458.84,7,0.0,930.71,Eugene,Oregon,West
3704,US-2023-102927,2023-03-24,2023-03-29,First Class,James Singh,Consumer,Binders Item 424,Office Supplies,Binders,51.54,1,0.1,10.97,Reno,Nevada,West
3705,US-2022-103119,2022-07-19,2022-07-25,First Class,Mary Khan,Home Office,Phones Item 936,Technology,Phones,633.16,1,0.2,38.08,Atlanta,Georgia,South
3706,US-2024-100257,2024-05-18,2024-05-25,Standard Class,Patricia Brown,Home Office,Paper Item 948,Office Supplies,Paper,149.76,4,0.3,-1.02,Seattle,Washington,West
3707,US-2022-102847,2022-12-05,2022-08-08,Second Class,Linda Lee,Consumer,Paper Item 917,Office Supplies,Paper,195.79,7,0.1,31.08,Eugene,Oregon,West
3708,US-2024-101854,2024-12-07,2024-12-13,Same Day,Mary Davis,Home Office,Chairs Item 885,Furniture,Chairs,1155.57,3,0.4,-270.99,Portland,Oregon,West
3709,US-2023-102361,2023-12-21,2023-01-28,Same Day,Jessica Torres,Consumer,Furnishings Item 118,Furniture,Furnishings,198.7,2,0.0,31.98,Ann Arbor,Michigan,Central
3710,US-2024-101578,2024-12-26,2024-12-31,First Class,David Walker,Consumer,Phones Item 691,Technology,Phones,481.91,1,0.0,134.87,Raleigh,North Carolina,South
3711,US-2024-102888,2024-06-04,2024-06-08,Second Class,Joseph Nguyen,Consumer,Furnishings Item 275,Furniture,Furnishings,132.35,5,0.2,0.67,Boston,Massachusetts,East
3712,US-2024-100583,2024-01-28,2024-02-04,First Class,Priya Williams,Home Office,Tables Item 918,Furniture,Tables,1143.05,5,0.1,232.72,Newark,New Jersey,East
3713,US-2024-100092,2024-07-28,2024-08-03,First Class,Richard Jones,Consumer,Phones Item 854,Technology,Phones,5061.12,6,0.0,1647.23,Savannah,Georgia,South
3714,US-2023-101468,2023-12-09,2023-09-11,Standard Class,James Wilson,Corporate,Paper Item 641,Office Supplies,Paper,57.9,2,0.1,4.25,Worcester,Massachusetts,East
3715,US-2022-101808,2022-07-01,2022-07-06,First Class,Patricia Taylor,Consumer,Paper Item 925,Office Supplies,Paper,127.68,8,0.3,-20.76,Detroit,Michigan,Central
3716,US-2024-100017,2024-09-29,2024-10-04,Same Day,Mei Thomas,Consumer,Paper Item 806,Office Supplies,Paper,31.29,7,0.15,5.47,Raleigh,North Carolina,South
3717,US-2023-101042,2023-11-19,2023-11-22,Same Day,Susan Chen,Home Office,Chairs Item 450,Furniture,Chairs,1320.65,5,0.15,220.34,Savannah,Georgia,South
3718,US-2022-103478,2022-02-04,2022-02-07,Second Class,Patricia Taylor,Consumer,Printers Item 605,Technology,Printers,1012.18,2,0.1,113.33,Philadelphia,Pennsylvania,East
3719,US-2024-100111,2024-12-16,2024-11-20,Same Day,Mary Davis,Home Office,Bookcases Item 580,Furniture,Bookcases,2438.6,5,0.0,642.97,Ann Arbor,Michigan,Central
3720,US-2023-103120,2023-10-25,2023-10-30,First Class,Wei Ali,Corporate,Bookcases Item 987,Furniture,Bookcases,1234.86,2,0.0,406.02,Nashville,Tennessee,South
3721,US-2023-102206,2023-01-15,2023-01-16,Same Day,Robert Lee,Consumer,Furnishings Item 388,Furniture,Furnishings,75.3,2,0.15,-1.07,Dallas,Texas,Central
3722,US-2024-100969,2024-11-10,2024-04-14,Second Class,Joseph Rodriguez,Home Office,Art Item 369,Office Supplies,Art,151.44,6,0.0,47.71,Charlotte,North Carolina,South
3723,US-2023-101375,2023-01-28,2023-02-04,Same Day,Priya Patel,Consumer,Paper Item 586,Office Supplies,Paper,262.56,8,0.0,72.78,Atlanta,Georgia,South
3724,US-2023-101314,2023-09-10,2023-09-17,Standard Class,Wei Smith,Corporate,Chairs Item 280,Furniture,Chairs,297.87,3,0.1,52.84,Jersey City,New Jersey,
3725,US-2022-101771,2022-01-09,2022-01-10,Same Day,Fatima Chen,Consumer,Storage Item 743,Office Supplies,Storage,377.58,7,0.1,76.2,Albany,New York,East
3726,US-2024-102932,2024-07-17,2024-07-24,First Class,David Lee,Corporate,Accessories Item 840,Technology,Accessories,44.16,4,0.1,5.5,Springfield,Illinois,Central
3727,US-2024-101566,2024-03-18,2024-03-20,Second Class,John Anderson,Consumer,Phones Item 834,Technology,Phones,753.82,1,0.2,71.31,Chicago,Illinois,Central
3728,US-2023-100991,2023-05-19,2023-05-24,Second Class,Jessica Williams,Consumer,Tables Item 606,Furniture,Tables,1991.04,8,0.3,-38.77,Portland,Oregon,West
3729,US-2024-100972,2024-10-30,2024-11-01,Same Day,Robert Singh,Consumer,Printers Item 245,Technology,Printers,976.3,2,0.5,-252.34,Springfield,Illinois,Central
3730,US-2023-100659,2023-09-06,2023-09-13,Second Class,Susan Thomas,Home Office,Paper Item 665,Office Supplies,Paper,22.0,1,0.0,6.52,Albany,New York,East
3731,US-2024-100383,2024-09-07,2024-09-11,Second Class,Wei Jones,Corporate,Chairs Item 718,Furniture,Chairs,598.0,8,0.0,157.86,Cleveland,Ohio,Central
3732,US-2022-101243,2022-12-06,2022-12-10,Same Day,Robert Davis,Corporate,Binders Item 990,Office Supplies,Binders,234.96,8,0.5,-47.89,Eugene,Oregon,West
3733,US-2022-103143,2022-11-17,2022-11-21,First Class,Michael Kim,Corporate,Furnishings Item 522,Furniture,Furnishings,338.65,5,0.1,52.07,Portland,Oregon,West
3734,US-2024-101094,2024-09-06,2024-09-12,Standard Class,Priya Taylor,Consumer,Bookcases Item 611,Furniture,Bookcases,4341.05,7,0.15,599.99,Cleveland,Ohio,Central
3735,US-2022-101732,2022-04-15,2022-04-19,Same Day,Elizabeth Thomas,Home Office,Accessories Item 870,Technology,Accessories,495.15,5,0.0,133.62,Orlando,Florida,
3736,US-2022-102139,2022-11-18,2022-11-19,First Class,Patricia Kim,Corporate,Laptops Item 862,Technology,Laptops,3367.89,3,0.0,732.91,Eugene,Oregon,West
3737,US-2024-102723,2024-01-06,2024-01-10,Second Class,Fatima Ali,Corporate,Accessories Item 287,Technology,Accessories,60.51,3,0.0,11.49,Los Angeles,California,West
3738,US-2022-102478,2022-07-09,2022-07-14,Same Day,Mei Kim,Consumer,Laptops Item 608,Technology,Laptops,1210.63,1,0.3,-36.57,Ann Arbor,Michigan,Central
3739,US-2022-100103,2022-08-20,2022-08-21,Same Day,Joseph Nguyen,Consumer,Accessories Item 311,Technology,Accessories,284.7,3,0.0,43.23,Nashville,Tennessee,South
3740,US-2024-103127,2024-10-15,2024-10-22,First Class,Aiden Walker,Consumer,Art Item 912,Office Supplies,Art,212.17,7,0.15,-2.42,Reno,Nevada,West
3741,US-2023-102532,2023-12-28,2024-01-03,Standard Class,Wei Thomas,Home Office,Phones Item 562,Technology,Phones,1580.34,3,0.3,-180.83,Ann Arbor,Michigan,Central
3742,US-2022-102506,2022-02-20,2022-02-21,First Class,Michael Torres,Corporate,Tables Item 840,Furniture,Tables,1859.2,8,0.2,132.6,Houston,Texas,Central
3743,US-2022-103061,2022-12-04,2022-12-07,Standard Class,Fatima Brown,Consumer,Labels Item 753,Office Supplies,Labels,19.2,6,0.4,-5.13,New York City,New York,East
3744,US-2022-100615,2022-02-06,2022-02-11,Same Day,Aiden Johnson,Home Office,Bookcases Item 755,Furniture,Bookcases,5520.56,8,0.0,1280.03,Detroit,Michigan,Central
3745,US-2024-101553,2024-12-28,2024-12-29,Same Day,Fatima Kim,Home Office,Printers Item 646,Technology,Printers,1287.18,6,0.0,304.91,Nashville,Tennessee,South
3746,US-2022-100914,2022-09-10,2022-09-11,Same Day,John Kim,Consumer,Paper Item 213,Office Supplies,Paper,25.13,7,0.15,4.49,Savannah,Georgia,South
3747,US-2024-101152,2024-10-05,2024-10-06,Second Class,Mei Wilson,Consumer,Phones Item 582,Technology,Phones,$1603.5,3,0.1,158.26,Los Angeles,California,West
3748,US-2022-101380,2022-12-10,2022-09-12,Same Day,Jennifer Chen,Home Office,Storage Item 776,Office Supplies,Storage,583.72,4,0.15,-1.49,San Diego,California,West
3749,US-2024-103182,2024-11-10,2024-11-16,Standard Class,Mary Jones,Consumer,Laptops Item 636,Technology,Laptops,4162.2,5,0.1,557.57,Raleigh,North Carolina,South
3750,US-2024-102533,2024-05-09,2024-05-14,First Class,Aiden Williams,Corporate,Tables Item 100,Furniture,Tables,4138.26,6,0.3,-714.5,San Diego,California,West
3751,US-2023-102092,2023-05-17,2023-05-24,First Class,Carlos Thomas,Home Office,Binders Item 715,Office Supplies,Binders,125.64,3,0.15,6.04,Columbus,Ohio,Central
3752,US-2024-100423,2024-11-05,2024-11-07,Same Day,Elizabeth Khan,Corporate,Phones Item 154,Technology,Phones,1569.0,6,0.3,-152.31,Seattle,Washington,West
3753,US-2024-100594,2024-05-05,2024-05-07,Same Day,Priya Anderson,Home Office,Storage Item 130,Office Supplies,Storage,569.04,4,0.1,30.48,Memphis,Tennessee,South
3754,US-2022-103358,2022-11-04,2022-12-09,First Class,David Davis,Corporate,Chairs Item 267,Furniture,Chairs,3059.63,7,0.0,712.96,Portland,Oregon,West
3755,US-2024-102087,2024-08-09,2024-08-11,First Class,Carlos Miller,Home Office,Storage Item 867,Office Supplies,Storage,582.96,6,0.3,-42.92,Austin,Texas,Central
3756,US-2022-101137,2022-10-29,2022-11-02,Second Class,Robert Davis,Corporate,Paper Item 350,Office Supplies,Paper,143.71,7,0.2,8.69,Detroit,Michigan,Central
3757,US-2023-102000,2023-03-04,2023-03-10,First Class,Elizabeth Smith,Corporate,Phones Item 712,Technology,Phones,1642.38,3,0.1,118.7,Newark,New Jersey,East
3758,US-2024-100589,2024-08-15,2024-08-19,Same Day,Mei Smith,Corporate,Art Item 424,Office Supplies,Art,380.94,6,0.1,23.39,Charlotte,North Carolina,South
3759,US-2024-102858,04/26/2024,2024-05-03,First Class,Carlos Thomas,Corporate,Art Item 403,Office Supplies,Art,334.56,6,0.15,15.16,Philadelphia,Pennsylvania,East
3760,US-2023-100999,2023-02-03,2023-02-05,Second Class,Carlos Patel,Consumer,Labels Item 764,Office Supplies,Labels,168.0,7,0.2,-9.44,Houston,Texas,Central
3761,US-2023-102502,2023-12-18,2023-12-19,Standard Class,Priya Rodriguez,Corporate,Bookcases Item 441,Furniture,Bookcases,4878.56,8,0.1,526.89,Seattle,Washington,West
3762,US-2022-102866,2022-04-22,2022-04-27,Same Day,Sarah Patel,Consumer,Labels Item 775,Office Supplies,Labels,125.34,6,0.0,27.68,Reno,Nevada,West
3763,US-2022-103418,2022-05-25,2022-05-31,Same Day,Patricia Lee,Consumer,Paper Item 172,Office Supplies,Paper,145.44,4,0.5,-53.62,Orlando,Florida,South
3764,US-2024-102464,2024-02-16,2024-02-23,Second Class,Joseph Jones,Corporate,Binders Item 508,Office Supplies,Binders,118.04,4,0.2,-2.9,Eugene,Oregon,West
3765,US-2024-100161,2024-05-11,2024-05-14,Second Class,Mary Johnson,Consumer,Paper Item 117,Office Supplies,Paper,160.09,7,0.3,-5.94,San Francisco,California,West
3766,US-2024-102971,2024-12-02,2024-12-05,Standard Class,James Ali,Corporate,Bookcases Item 108,Furniture,Bookcases,1004.7,3,0.2,-23.24,Ann Arbor,Michigan,Central
3767,US-2023-101170,2023-07-08,2023-07-10,Standard Class,Wei Wilson,Corporate,Binders Item 224,Office Supplies,Binders,39.6,4,0.0,9.26,Los Angeles,California,West
3768,US-2024-103151,2024-05-24,2024-05-26,Standard Class,Wei Singh,Corporate,Printers Item 701,Technology,Printers,487.12,1,0.15,35.82,Eugene,Oregon,West
3769,US-2023-100475,2023-09-13,2023-09-19,Second Class,Priya Taylor,Corporate,Chairs Item 237,Furniture,Chairs,444.51,1,0.0,119.79,Raleigh,North Carolina,South
3770,US-2024-101735,2024-07-19,2024-07-25,Same Day,David Jones,Corporate,Storage Item 341,Office Supplies,Storage,1019.46,6,0.0,187.53,New York City,New York,East
3771,US-2023-101282,2023-08-12,2023-08-19,First Class,Robert Torres,Consumer,Accessories Item 298,Technology,Accessories,136.24,8,0.2,-7.55,Ann Arbor,Michigan,Central
3772,US-2024-102145,2024-12-14,2024-12-20,Second Class,Amara Chen,Home Office,Binders Item 356,Office Supplies,Binders,22.69,1,0.0,7.05,Reno,Nevada,West
3773,US-2024-103362,2024-02-05,2024-02-06,First Class,William Smith,Home Office,Phones Item 718,Technology,Phones,3853.45,5,0.2,59.86,San Francisco,California,West
3774,US-2022-101210,2022-10-06,2022-10-13,Second Class,Fatima Kim,Corporate,Chairs Item 602,Furniture,Chairs,$368.1,5,0.0,83.78,Seattle,Washington,West
3775,US-2024-101340,2024-11-06,2024-11-07,Standard Class,Mei Brown,Corporate,Labels Item 366,Office Supplies,Labels,22.8,5,0.4,-4.26,Tampa,Florida,South
3776,US-2023-102798,2023-05-18,2023-05-23,First Class,Jennifer Martinez,Corporate,Binders Item 890,Office Supplies,Binders,117.6,5,0.0,28.88,Las Vegas,Nevada,West
3777,US-2022-103069,2022-11-05,2022-01-12,Standard Class,Patricia Smith,Corporate,Bookcases Item 329,Furniture,Bookcases,1338.04,4,0.2,156.07,Reno,Nevada,West
3778,US-2022-102837,2022-01-09,2022-01-11,Same Day,David Chen,Home Office,Chairs Item 877,Furniture,Chairs,683.6,2,0.2,-4.9,Savannah,Georgia,South
3779,US-2022-102122,2022-12-28,2022-05-07,Standard Class,Amara Davis,Home Office,Paper Item 971,Office Supplies,Paper,30.74,1,0.15,2.33,Detroit,Michigan,Central
3780,US-2023-101123,2023-07-11,2023-07-13,Same Day,Robert Davis,Home Office,Art Item 450,Office Supplies,Art,69.18,1,0.1,9.98,Savannah,Georgia,South
3781,US-2023-102275,2023-03-18,2023-03-24,Same Day,Susan Anderson,Home Office,Chairs Item 143,Furniture,Chairs,1771.55,5,0.0,548.7,Ann Arbor,Michigan,Central
3782,US-2024-102499,2024-11-20,2024-11-22,First Class,James Thomas,Corporate,Printers Item 708,Technology,Printers,142.08,1,0.15,7.18,Nashville,Tennessee,South
3783,US-2023-102925,2023-10-25,2023-10-31,Same Day,Robert Davis,Consumer,Labels Item 871,Office Supplies,Labels,46.8,5,0.1,6.61,Springfield,Illinois,Central
3784,US-2022-102899,2022-05-26,2022-05-31,First Class,Carlos Walker,Corporate,Furnishings Item 678,Furniture,Furnishings,409.76,8,0.1,96.49,Cleveland,Ohio,Central
3785,US-2023-100382,2023-04-04,2023-04-06,First Class,Joseph Jones,Corporate,Furnishings Item 287,Furniture,Furnishings,617.2,8,0.0,184.41,Las Vegas,Nevada,West
3786,US-2024-103279,2024-07-04,2024-07-07,First Class,Linda Rodriguez,Consumer,Furnishings Item 422,Furniture,Furnishings,208.5,2,0.3,-35.32,Cleveland,Ohio,Central
3787,US-2023-100319,2023-11-23,2023-03-24,Second Class,Diego Rodriguez,Corporate,Paper Item 115,Office Supplies,Paper,133.44,6,0.3,-17.55,Eugene,Oregon,West
3788,US-2022-102864,2022-10-20,2022-10-21,Standard Class,Aiden Patel,Corporate,Printers Item 753,Technology,Printers,547.62,3,0.0,92.83,Tampa,Florida,South
3789,US-2022-100762,2022-03-30,2022-03-31,Standard Class,Linda Miller,Consumer,Binders Item 370,Office Supplies,Binders,115.2,5,0.3,-18.4,Boston,Massachusetts,East
3790,US-2022-103104,2022-10-02,2022-10-07,Standard Class,Aiden Martinez,Corporate,Art Item 609,Office Supplies,Art,24.39,1,0.0,5.3,Worcester,Massachusetts,East
3791,US-2023-102697,2023-05-05,2023-05-11,Standard Class,David Patel,Home Office,Printers Item 178,Technology,Printers,2125.4,4,0.0,566.68,Tampa,Florida,South
3792,US-2023-101302,2023-02-21,2023-02-24,First Class,David Johnson,Corporate,Bookcases Item 225,Furniture,Bookcases,2176.64,4,0.2,-14.11,Philadelphia,Pennsylvania,East
3793,US-2022-101786,2022-03-26,2022-04-01,Standard Class,Jennifer Chen,Home Office,Printers Item 959,Technology,Printers,243.22,1,0.15,22.52,Reno,Nevada,West
3794,US-2024-102370,2024-11-21,2024-11-23,First Class,Aiden Khan,Home Office,Bookcases Item 155,Furniture,Bookcases,1249.56,4,0.0,342.71,Austin,Texas,Central
3795,US-2024-102700,2024-01-25,2024-01-26,Same Day,Mary Anderson,Home Office,Furnishings Item 269,Furniture,Furnishings,442.92,4,0.0,143.25,Los Angeles,California,West
3796,US-2023-103269,2023-12-22,2023-10-23,Second Class,Carlos Nguyen,Corporate,Laptops Item 603,Technology,Laptops,6419.08,4,0.1,1397.14,San Diego,California,West
3797,US-2022-102430,2022-11-04,2022-02-06,Same Day,Aiden Williams,Home Office,Paper Item 546,Office Supplies,Paper,147.48,4,0.2,15.85,Tampa,Florida,South
3798,US-2023-102884,2023-03-16,2023-03-18,First Class,Joseph Patel,Home Office,Printers Item 339,Technology,Printers,211.48,1,0.0,34.57,Seattle,Washington,West
3799,US-2024-100100,2024-12-24,2024-08-25,First Class,Susan Williams,Consumer,Chairs Item 887,Furniture,Chairs,900.64,2,0.5,-219.78,Charlotte,North Carolina,South
3800,US-2024-102997,2024-12-23,2024-12-26,Same Day,Amara Brown,Consumer,Bookcases Item 636,Furniture,Bookcases,729.86,2,0.0,182.31,Atlanta,Georgia,South
3801,US-2024-102491,2024-12-04,2024-12-11,First Class,Jessica Khan,Home Office,Binders Item 102,Office Supplies,Binders,469.68,8,0.4,-113.44,Portland,Oregon,West
3802,US-2024-101528,2024-08-06,2024-08-12,Second Class,Susan Williams,Consumer,Printers Item 946,Technology,Printers,1686.04,4,0.1,394.04,Spokane,Washington,West
3803,US-2024-102030,2024-08-22,2024-08-23,First Class,Jennifer Torres,Consumer,Printers Item 891,Technology,Printers,4342.0,8,0.1,1035.1,Chicago,Illinois,Central
3804,US-2023-103120,2023-11-25,2023-10-30,First Class,Wei Ali,Corporate,Bookcases Item 987,Furniture,Bookcases,1234.86,2,0.0,406.02,Nashville,Tennessee,South
3805,US-2022-102631,2022-07-21,2022-07-26,First Class,Linda Rodriguez,Corporate,Bookcases Item 473,Furniture,Bookcases,619.44,3,0.15,93.1,Philadelphia,Pennsylvania,East
3806,US-2022-100976,2022-12-25,2022-12-02,Second Class,Susan Garcia,Consumer,Printers Item 761,Technology,Printers,378.21,3,0.0,73.42,Chicago,Illinois,Central
3807,US-2024-100751,2024-10-12,2024-10-16,Same Day,Wei Miller,Corporate,Storage Item 277,Office Supplies,Storage,888.24,8,0.2,22.95,Buffalo,New York,East
3808,US-2024-101553,2024-12-28,2024-12-29,Same Day,Fatima Kim,Home Office,Printers Item 646,Technology,Printers,1287.18,6,0.0,304.91,Nashville,Tennessee,South
3809,US-2024-101601,2024-01-06,2024-01-11,Second Class,Patricia Anderson,Consumer,Furnishings Item 514,Furniture,Furnishings,1178.24,8,0.15,100.89,Albany,New York,East
3810,US-2023-101011,2023-12-22,2023-12-27,Standard Class,Diego Rodriguez,Home Office,Chairs Item 620,Furniture,Chairs,2419.45,5,0.1,367.84,Boston,Massachusetts,East
3811,US-2023-101698,2023-11-10,2023-11-13,Standard Class,Joseph Brown,Home Office,Chairs Item 846,Furniture,Chairs,1369.26,3,0.2,176.95,Seattle,Washington,West
3812,US-2022-101870,2022-05-28,2022-06-03,First Class,Carlos Williams,Consumer,Phones Item 906,Technology,Phones,5007.8,7,0.15,503.68,Seattle,Washington,West
3813,US-2022-101990,2022-09-15,2022-09-22,First Class,Mei Kim,Corporate,Accessories Item 209,Technology,Accessories,17.08,1,0.0,4.02,Worcester,Massachusetts,East
3814,US-2023-102922,2023-08-28,2023-08-30,First Class,Patricia Taylor,Corporate,Printers Item 733,Technology,Printers,257.3,2,0.0,39.45,New York City,New York,East
3815,US-2024-100714,2024-12-04,2024-12-08,Second Class,Mei Kim,Corporate,Tables Item 733,Furniture,Tables,519.75,5,0.5,-108.96,Columbus,Ohio,Central
3816,US-2023-102420,2023-05-26,2023-05-31,Standard Class,Richard Singh,Consumer,Labels Item 960,Office Supplies,Labels,11.68,4,0.0,2.39,Charlotte,North Carolina,South
3817,US-2022-100398,2022-06-18,2022-06-20,Standard Class,Amara Martinez,Corporate,Labels Item 235,Office Supplies,Labels,2.42,1,0.0,0.79,Albany,New York,East
3818,US-2022-100390,2022-03-05,2022-03-07,Same Day,Patricia Garcia,Home Office,Storage Item 425,Office Supplies,Storage,296.42,2,0.3,-15.35,San Diego,California,West
3819,US-2024-103237,02/19/2024,2024-02-22,Same Day,Carlos Rodriguez,Consumer,Laptops Item 131,Technology,Laptops,9393.24,6,0.1,2196.04,Las Vegas,Nevada,West
3820,US-2024-100189,2024-09-24,2024-09-30,First Class,Mei Davis,Home Office,Laptops Item 675,Technology,Laptops,13445.46,7,0.2,-878.6,Cleveland,Ohio,Central
3821,US-2022-100922,2022-05-03,2022-05-06,Same Day,Jennifer Anderson,Corporate,Labels Item 509,Office Supplies,Labels,12.11,1,0.1,1.97,Charlotte,North Carolina,South
3822,US-2022-100321,2022-11-12,2022-11-18,Standard Class,David Singh,Corporate,Storage Item 338,Office Supplies,Storage,18.71,1,0.0,4.01,Newark,New Jersey,East
3823,US-2022-100008,2022-12-20,2022-11-21,Same Day,William Chen,Home Office,Art Item 406,Office Supplies,Art,93.2,5,0.15,2.02,Ann Arbor,Michigan,Central
3824,US-2022-102761,2022-06-17,2022-06-22,Same Day,James Brown,Corporate,Storage Item 252,Office Supplies,Storage,1185.45,7,0.1,184.3,Houston,Texas,Central
3825,US-2024-101393,2024-11-06,2024-06-11,Standard Class,Wei Martinez,Home Office,Printers Item 798,Technology,Printers,523.97,1,0.1,46.32,Jersey City,New Jersey,East
3826,US-2024-101200,2024-07-10,2024-07-12,Standard Class,John Davis,Consumer,Art Item 726,Office Supplies,Art,$106.88,2,0.5,-29.14,Portland,Oregon,West
3827,US-2024-100123,2024-07-11,2024-07-15,Second Class,Wei Khan,Home Office,Storage Item 484,Office Supplies,Storage,17.86,1,0.15,3.05,Eugene,Oregon,West
3828,US-2023-102058,2023-07-30,2023-08-03,Standard Class,Robert Ali,Home Office,Accessories Item 417,Technology,Accessories,188.26,2,0.0,41.08,Newark,New Jersey,East
3829,US-2022-100068,2022-06-01,2022-06-05,Same Day,Aiden Jones,Corporate,Binders Item 231,Office Supplies,Binders,170.25,3,0.5,-57.09,Memphis,Tennessee,South
3830,US-2024-102213,2024-07-07,2024-07-09,First Class,James Ali,Corporate,Phones Item 418,Technology,Phones,386.52,1,0.1,45.85,Springfield,Illinois,Central
3831,US-2022-100805,2022-09-18,2022-09-25,First Class,Sarah Williams,Consumer,Furnishings Item 610,Furniture,Furnishings,147.5,2,0.15,13.72,Buffalo,New York,East
3832,US-2022-101811,2022-11-23,2022-11-25,First Class,Patricia Davis,Consumer,Printers Item 239,Technology,Printers,3438.72,8,0.4,-845.58,Nashville,Tennessee,South
3833,US-2022-102378,2022-11-21,2022-08-25,First Class,Robert Taylor,Consumer,Paper Item 528,Office Supplies,Paper,34.73,1,0.0,11.22,Detroit,Michigan,Central
3834,US-2022-101974,2022-08-20,2022-08-21,Second Class,Jennifer Thomas,Consumer,Labels Item 941,Office Supplies,Labels,120.54,7,0.0,32.6,Newark,New Jersey,East
3835,US-2024-103174,2024-07-08,2024-07-15,Second Class,Priya Thomas,Corporate,Bookcases Item 202,Furniture,Bookcases,1498.02,6,0.15,271.14,Orlando,Florida,South
3836,US-2024-102280,2024-05-10,2024-05-13,Standard Class,Elizabeth Davis,Home Office,Laptops Item 328,Technology,Laptops,16617.04,8,0.0,5805.83,Eugene,Oregon,West
3837,US-2022-101376,2022-03-27,2022-03-30,First Class,John Anderson,Consumer,Chairs Item 495,Furniture,Chairs,1615.53,7,0.5,-428.4,Austin,Texas,Central
3838,US-2023-100374,2023-09-12,2023-09-14,First Class,Richard Brown,Consumer,Furnishings Item 483,Furniture,Furnishings,433.16,4,0.1,64.42,Dallas,Texas,Central
3839,US-2022-100572,2022-03-10,2022-03-14,First Class,Carlos Thomas,Consumer,Chairs Item 163,Furniture,Chairs,716.66,2,0.5,-205.58,Tampa,Florida,South
3840,US-2024-100395,2024-11-14,2024-12-21,First Class,Patricia Miller,Home Office,Chairs Item 180,Furniture,Chairs,789.84,3,0.2,94.35,Austin,Texas,Central
3841,US-2022-100582,2022-12-14,2022-02-16,First Class,Sarah Williams,Consumer,Storage Item 951,Office Supplies,Storage,308.0,4,0.0,92.0,Pittsburgh,Pennsylvania,East
3842,US-2023-100727,2023-02-13,2023-02-17,First Class,Carlos Thomas,Corporate,Phones Item 450,Technology,Phones,5611.76,7,0.2,247.6,Nashville,Tennessee,South
3843,US-2022-100272,2022-06-09,2022-06-14,First Class,Jessica Rodriguez,Consumer,Furnishings Item 628,Furniture,Furnishings,435.54,6,0.15,51.98,Columbus,Ohio,Central
3844,US-2023-101646,08/24/2023,2023-08-28,Same Day,David Kim,Home Office,Art Item 263,Office Supplies,Art,50.1,5,0.2,5.28,Reno,Nevada,West
3845,US-2024-100482,2024-12-03,2024-04-10,Second Class,Jennifer Chen,Home Office,Accessories Item 964,Technology,Accessories,44.35,1,0.0,10.11,Tampa,Florida,South
3846,US-2023-103072,2023-11-28,2023-08-31,Same Day,Joseph Martinez,Home Office,Bookcases Item 837,Furniture,Bookcases,147.21,1,0.1,31.68,Orlando,Florida,South
3847,US-2022-101670,2022-08-31,2022-09-07,First Class,Michael Kim,Corporate,Chairs Item 365,Furniture,Chairs,322.75,1,0.0,90.64,Springfield,Illinois,Central
3848,US-2023-100240,2023-09-16,2023-09-21,Second Class,Amara Miller,Corporate,Chairs Item 472,Furniture,Chairs,972.98,2,0.2,33.68,San Francisco,California,West
3849,US-2023-102983,2023-06-24,2023-06-29,First Class,James Lee,Home Office,Paper Item 972,Office Supplies,Paper,101.95,5,0.15,16.77,Columbus,Ohio,Central
3850,US-2023-103256,2023-06-05,2023-06-07,Standard Class,Jessica Kim,Home Office,Printers Item 254,Technology,Printers,428.84,4,0.15,60.71,Atlanta,Georgia,South
3851,US-2023-102125,2023-05-18,2023-05-25,First Class,Amara Jones,Home Office,Chairs Item 470,Furniture,Chairs,634.4,2,0.0,218.15,San Francisco,California,West
3852,US-2023-102272,2023-04-18,2023-04-20,Second Class,Amara Martinez,Corporate,Chairs Item 351,Furniture,Chairs,1079.12,7,0.1,104.3,Raleigh,North Carolina,South
3853,US-2024-101918,2024-12-02,2024-12-07,Standard Class,James Martinez,Consumer,Binders Item 222,Office Supplies,Binders,87.51,3,0.5,-29.7,Spokane,Washington,West
3854,US-2022-102711,2022-06-20,2022-06-27,Same Day,Linda Miller,Home Office,Laptops Item 402,Technology,Laptops,3730.3,5,0.0,790.43,Detroit,Michigan,Central
3855,US-2022-102691,2022-02-27,2022-03-03,Same Day,Wei Martinez,Home Office,Art Item 425,Office Supplies,Art,152.81,7,0.0,38.34,New York City,New York,East
3856,US-2022-101855,2022-03-17,2022-03-24,Standard Class,Jennifer Lee,Corporate,Binders Item 700,Office Supplies,Binders,133.35,7,0.1,31.03,Albany,New York,East
3857,US-2022-101595,2022-03-29,2022-04-01,Standard Class,David Lee,Consumer,Bookcases Item 785,Furniture,Bookcases,4155.9,7,0.3,-92.02,Charlotte,North Carolina,South
3858,US-2023-101967,2023-07-25,2023-08-01,First Class,Mei Smith,Consumer,Bookcases Item 122,Furniture,Bookcases,3262.77,7,0.0,634.72,Memphis,Tennessee,South
3859,US-2024-100982,2024-06-07,2024-06-13,First Class,Sarah Chen,Home Office,Paper Item 599,Office Supplies,Paper,271.28,8,0.0,61.52,San Diego,California,West
3860,US-2022-103481,2022-11-14,2022-12-16,Second Class,Robert Walker,Home Office,Binders Item 118,Office Supplies,Binders,133.16,4,0.1,15.97,Las Vegas,Nevada,West
3861,US-2022-103061,2022-12-04,2022-12-07,Standard Class,Fatima Brown,Consumer,Labels Item 753,Office Supplies,Labels,19.2,6,0.4,-5.13,New York City,New York,East
3862,US-2022-101790,2022-12-28,2022-06-07,First Class,Jennifer Torres,Home Office,Phones Item 378,Technology,Phones,3531.15,5,0.1,489.11,Seattle,Washington,West
3863,US-2022-100461,2022-08-31,2022-09-02,Second Class,Michael Miller,Home Office,Accessories Item 332,Technology,Accessories,131.59,1,0.2,3.62,Jersey City,New Jersey,East
3864,US-2024-102360,2024-01-17,2024-01-22,Second Class,Jennifer Chen,Corporate,Bookcases Item 854,Furniture,Bookcases,1749.3,5,0.15,295.87,Philadelphia,Pennsylvania,East
3865,US-2022-103091,2022-04-09,2022-04-12,Same Day,Wei Torres,Corporate,Chairs Item 756,Furniture,Chairs,642.28,2,0.15,17.36,Boston,Massachusetts,East
3866,US-2022-103264,2022-08-17,2022-08-21,Second Class,Amara Wilson,Corporate,Binders Item 765,Office Supplies,Binders,17.64,4,0.4,-2.17,Savannah,Georgia,South
3867,US-2024-102462,2024-07-29,2024-07-31,Second Class,Joseph Patel,Corporate,Paper Item 874,Office Supplies,Paper,148.2,6,0.2,15.74,Memphis,Tennessee,South
3868,US-2023-103078,2023-01-02,2023-01-05,Second Class,Joseph Brown,Home Office,Phones Item 983,Technology,Phones,1743.06,6,0.0,272.78,Memphis,Tennessee,South
3869,US-2024-103227,2024-06-04,2024-06-06,First Class,William Rodriguez,Corporate,Bookcases Item 212,Furniture,Bookcases,693.62,2,0.1,72.18,Newark,New Jersey,East
3870,US-2022-102329,2022-02-12,2022-02-16,Second Class,William Brown,Home Office,Labels Item 844,Office Supplies,Labels,$63.72,3,0.3,-4.47,Seattle,Washington,West
3871,US-2022-100500,2022-08-29,2022-08-30,Same Day,Joseph Rodriguez,Home Office,Accessories Item 606,Technology,Accessories,429.09,3,0.4,-86.16,Charlotte,North Carolina,South
3872,US-2023-102377,2023-11-07,2023-11-08,Second Class,Linda Walker,Corporate,Chairs Item 476,Furniture,Chairs,1786.3,5,0.1,253.26,Pittsburgh,Pennsylvania,East
3873,US-2024-102049,2024-02-02,2024-02-04,Standard Class,Aiden Anderson,Home Office,Paper Item 768,Office Supplies,Paper,12.6,5,0.0,2.1,Albany,New York,East
3874,US-2022-100573,2022-04-25,2022-04-30,Standard Class,Joseph Lee,Corporate,Art Item 511,Office Supplies,Art,50.06,2,0.0,16.31,Orlando,Florida,South
3875,US-2023-102981,2023-07-04,2023-07-09,Standard Class,Mary Walker,Corporate,Printers Item 843,Technology,Printers,2305.52,8,0.1,528.96,San Francisco,California,West
3876,US-2024-101901,2024-03-06,2024-03-10,Second Class,Amara Garcia,Consumer,Paper Item 446,Office Supplies,Paper,66.3,5,0.0,22.39,Savannah,Georgia,South
3877,US-2024-101780,2024-07-14,2024-07-17,First Class,Fatima Khan,Home Office,Binders Item 474,Office Supplies,Binders,46.14,6,0.3,-4.06,Austin,Texas,Central
3878,US-2022-102407,2022-12-24,2022-08-30,Same Day,Amara Brown,Home Office,Art Item 427,Office Supplies,Art,47.92,8,0.1,6.82,Jersey City,New Jersey,East
3879,US-2023-100610,2023-02-18,2023-02-20,First Class,Jessica Smith,Consumer,Chairs Item 193,Furniture,Chairs,347.98,1,0.2,-5.34,Reno,Nevada,West
3880,US-2023-100742,10/14/2023,2023-10-19,Second Class,Robert Davis,Consumer,Furnishings Item 201,Furniture,Furnishings,435.69,3,0.1,17.93,Tampa,Florida,South
3881,US-2023-101186,2023-05-25,2023-05-27,Standard Class,Mary Anderson,Consumer,Labels Item 862,Office Supplies,Labels,34.0,2,0.5,-7.85,Chicago,Illinois,Central
3882,US-2022-101931,2022-07-08,2022-07-09,First Class,Susan Torres,Home Office,Bookcases Item 921,Furniture,Bookcases,585.1,1,0.0,159.36,Chicago,Illinois,Central
3883,US-2022-102388,2022-11-23,2022-11-25,Same Day,Diego Singh,Consumer,Paper Item 672,Office Supplies,Paper,14.82,1,0.1,3.05,New York City,New York,East
3884,US-2024-101207,2024-05-20,2024-05-22,Same Day,Priya Martinez,Corporate,Labels Item 366,Office Supplies,Labels,52.68,4,0.4,-14.99,Detroit,Michigan,Central
3885,US-2023-102542,2023-03-27,2023-03-29,Second Class,Richard Khan,Consumer,Phones Item 386,Technology,Phones,5446.7,7,0.0,1078.25,Pittsburgh,Pennsylvania,East
3886,US-2022-102253,2022-02-08,2022-02-14,First Class,David Singh,Corporate,Paper Item 582,Office Supplies,Paper,$104.3,5,0.4,-24.29,Seattle,Washington,West
3887,US-2022-102830,2022-02-10,2022-02-11,Standard Class,Aiden Anderson,Home Office,Labels Item 369,Office Supplies,Labels,96.56,4,0.0,26.62,Albany,New York,East
3888,US-2022-101121,2022-12-06,2022-12-08,Second Class,Mei Thomas,Consumer,Printers Item 103,Technology,Printers,1972.72,4,0.0,309.59,Detroit,Michigan,Central
3889,US-2022-102046,2022-04-28,2022-04-30,First Class,Linda Rodriguez,Corporate,Binders Item 404,Office Supplies,Binders,224.25,5,0.15,11.94,Eugene,Oregon,West
3890,US-2022-101691,2022-03-08,2022-03-14,Same Day,William Lee,Corporate,Labels Item 162,Office Supplies,Labels,10.47,1,0.1,1.32,Ann Arbor,Michigan,Central
3891,US-2024-100928,2024-10-23,2024-10-26,First Class,James Ali,Corporate,Tables Item 763,Furniture,Tables,5010.84,6,0.15,177.63,Cleveland,Ohio,Central
3892,US-2024-100056,2024-08-09,2024-08-15,Same Day,William Rodriguez,Consumer,Accessories Item 164,Technology,Accessories,151.71,3,0.3,-22.42,Portland,Oregon,West
3893,US-2024-102399,2024-12-05,2024-12-09,Standard Class,Carlos Davis,Corporate,Binders Item 101,Office Supplies,Binders,61.8,5,0.15,8.75,Miami,Florida,South
3894,US-2022-103092,2022-11-19,2022-07-23,Same Day,Linda Torres,Corporate,Phones Item 528,Technology,Phones,949.0,4,,-195.47,Tampa,Florida,South
3895,US-2024-100941,2024-03-16,2024-03-23,Same Day,Mei Ali,Corporate,Storage Item 156,Office Supplies,Storage,1139.52,8,0.0,369.96,Worcester,Massachusetts,East
3896,US-2024-100772,2024-04-08,2024-04-12,Same Day,Sarah Williams,Consumer,Phones Item 851,Technology,Phones,1150.96,2,0.0,231.7,San Diego,California,West
3897,US-2022-102088,2022-07-10,2022-07-14,Same Day,Linda Martinez,Consumer,Tables Item 168,Furniture,Tables,4793.34,6,0.15,882.52,Buffalo,New York,East
3898,US-2023-100523,2023-03-05,2023-03-09,Second Class,Mei Ali,Corporate,Phones Item 962,Technology,Phones,3257.92,4,0.3,-185.14,Philadelphia,Pennsylvania,East
3899,US-2022-103337,2022-09-11,2022-09-13,Same Day,Linda Rodriguez,Home Office,Chairs Item 525,Furniture,Chairs,336.78,2,0.0,54.78,San Diego,California,West
3900,US-2024-100492,2024-01-24,2024-01-31,First Class,Michael Wilson,Home Office,Paper Item 720,Office Supplies,Paper,36.3,6,0.1,2.0,Nashville,Tennessee,South
3901,US-2022-102353,2022-10-20,2022-10-25,Same Day,Jennifer Johnson,Home Office,Chairs Item 103,Furniture,Chairs,1941.28,8,0.1,241.57,Houston,Texas,Central
3902,US-2023-100216,2023-01-24,2023-01-27,Second Class,Carlos Nguyen,Home Office,Art Item 903,Office Supplies,Art,110.04,7,0.2,9.06,Raleigh,North Carolina,South
3903,US-2023-101850,2023-10-05,2023-10-07,Standard Class,Susan Thomas,Home Office,Art Item 739,Office Supplies,Art,524.93,7,0.1,48.87,Columbus,Ohio,Central
3904,US-2022-101323,2022-08-06,2022-08-08,First Class,Amara Walker,Corporate,Tables Item 102,Furniture,Tables,554.2,4,0.0,123.04,Cleveland,Ohio,Central
3905,US-2024-103444,2024-11-15,2024-11-21,Standard Class,Mei Ali,Corporate,Labels Item 926,Office Supplies,Labels,13.52,2,0.1,1.51,Seattle,Washington,West
3906,US-2024-100539,2024-04-08,2024-04-15,Second Class,Fatima Wilson,Consumer,Labels Item 137,Office Supplies,Labels,86.72,8,0.15,10.49,Jersey City,New Jersey,East
3907,US-2023-102011,2023-11-10,2023-06-17,Same Day,Linda Jones,Corporate,Bookcases Item 835,Furniture,Bookcases,2680.08,8,0.3,-353.49,Newark,New Jersey,East
3908,US-2022-102388,2022-12-23,2022-11-25,Same Day,Diego Singh,Consumer,Paper Item 672,Office Supplies,Paper,14.82,1,0.1,3.05,New York City,New York,East
3909,US-2022-101262,2022-07-13,2022-07-17,First Class,Mei Taylor,Consumer,Storage Item 342,Office Supplies,Storage,70.39,1,0.5,-23.11,Houston,Texas,Central
3910,US-2024-103449,2024-09-09,2024-09-13,First Class,Aiden Singh,Consumer,Bookcases Item 391,Furniture,Bookcases,580.16,1,0.0,87.45,Eugene,Oregon,West
3911,US-2023-101113,2023-08-28,2023-08-30,First Class,Aiden Walker,Home Office,Paper Item 428,Office Supplies,Paper,7.41,3,0.2,0.18,Raleigh,North Carolina,South
3912,US-2024-101995,2024-12-08,2024-06-11,Same Day,Patricia Torres,Corporate,Art Item 516,Office Supplies,Art,60.62,2,0.1,12.98,Tampa,Florida,South
3913,US-2023-101554,2023-11-01,2023-11-03,Standard Class,Carlos Miller,Consumer,Laptops Item 508,Technology,Laptops,11915.47,7,0.3,-2123.21,Eugene,Oregon,West
3914,US-2022-100006,2022-04-25,2022-04-28,First Class,William Wilson,Corporate,Binders Item 249,Office Supplies,Binders,4.17,1,0.0,1.43,Las Vegas,Nevada,West
3915,US-2023-100898,2023-11-27,2023-12-01,Second Class,Linda Lee,Consumer,Laptops Item 391,Technology,Laptops,2375.05,5,0.1,135.28,Pittsburgh,Pennsylvania,East
3916,US-2024-102317,2024-07-19,2024-07-21,First Class,Mei Taylor,Home Office,Art Item 258,Office Supplies,Art,260.72,4,0.0,84.03,Tampa,Florida,South
3917,US-2024-103111,2024-01-12,2024-01-16,First Class,Richard Rodriguez,Consumer,Tables Item 209,Furniture,Tables,5910.08,8,0.1,1072.36,Worcester,Massachusetts,East
3918,US-2022-100153,2022-11-20,2022-11-24,Same Day,Aiden Brown,Corporate,Printers Item 307,Technology,Printers,457.57,1,0.0,157.94,Houston,Texas,Central
3919,US-2024-102128,2024-02-25,2024-03-01,Second Class,Joseph Nguyen,Home Office,Art Item 481,Office Supplies,Art,119.98,7,0.15,13.99,Eugene,Oregon,West
3920,US-2023-101454,2023-05-09,2023-05-10,Standard Class,James Taylor,Home Office,Laptops Item 641,Technology,Laptops,2151.54,1,0.2,-53.3,Chicago,Illinois,Central
3921,US-2024-103314,2024-02-28,2024-03-03,Same Day,Sarah Walker,Corporate,Labels Item 257,Office Supplies,Labels,20.58,1,0.5,-5.38,New York City,New York,East
3922,US-2024-101489,2024-12-08,2024-08-12,First Class,Jessica Kim,Home Office,Phones Item 781,Technology,Phones,779.25,1,0.0,118.67,Raleigh,North Carolina,South
3923,US-2024-100845,2024-11-04,2024-11-07,First Class,Joseph Rodriguez,Home Office,Paper Item 853,Office Supplies,Paper,50.08,2,0.0,15.17,Portland,Oregon,West
3924,US-2023-102438,2023-07-25,2023-07-30,First Class,Michael Anderson,Corporate,Chairs Item 864,Furniture,Chairs,959.75,5,0.5,-260.52,Jersey City,New Jersey,East
3925,US-2022-102394,2022-06-26,2022-06-28,Same Day,Sarah Walker,Home Office,Furnishings Item 413,Furniture,Furnishings,221.46,1,0.5,-48.49,Ann Arbor,Michigan,Central
3926,US-2022-101917,2022-10-04,2022-10-11,Standard Class,Richard Miller,Home Office,Art Item 416,Office Supplies,Art,133.54,2,0.0,30.3,Tampa,Florida,South
3927,US-2022-100175,2022-10-06,2022-10-13,Standard Class,Richard Smith,Consumer,Tables Item 268,Furniture,Tables,799.38,2,0.4,-131.76,Raleigh,North Carolina,South
3928,US-2023-100277,2023-01-08,2023-01-13,First Class,Mary Johnson,Home Office,Printers Item 802,Technology,Printers,1100.97,3,0.2,46.45,Nashville,Tennessee,South
3929,US-2023-103330,2023-11-03,2023-11-08,Same Day,Aiden Walker,Consumer,Binders Item 593,Office Supplies,Binders,21.38,2,0.15,0.95,San Francisco,California,West
3930,US-2023-101643,2023-11-24,2023-03-02,First Class,Priya Taylor,Consumer,Laptops Item 365,Technology,Laptops,1239.36,1,,68.34,San Diego,California,West
3931,US-2022-102073,2022-10-25,2022-10-30,Standard Class,William Brown,Home Office,Accessories Item 562,Technology,Accessories,138.58,1,0.1,23.55,Boston,Massachusetts,East
3932,US-2022-102210,2022-01-23,2022-01-27,First Class,Richard Brown,Consumer,Laptops Item 440,Technology,Laptops,7025.69,7,0.1,529.85,Portland,Oregon,West
3933,US-2024-100606,2024-03-28,2024-04-04,Second Class,Elizabeth Nguyen,Consumer,Art Item 110,Office Supplies,Art,258.72,7,0.0,62.16,San Diego,California,West
3934,US-2023-100695,2023-03-28,2023-03-31,First Class,Mei Brown,Home Office,Labels Item 744,Office Supplies,Labels,97.24,4,0.2,2.02,Reno,Nevada,West
3935,US-2023-102511,2023-12-25,2023-03-29,Standard Class,Joseph Torres,Home Office,Labels Item 757,Office Supplies,Labels,17.34,1,0.0,4.11,Spokane,Washington,West
3936,US-2022-102168,2022-11-14,2022-11-16,First Class,Jennifer Rodriguez,Consumer,Storage Item 636,Office Supplies,Storage,683.84,8,0.15,-2.79,New York City,New York,East
3937,US-2022-103131,2022-05-28,2022-05-30,Same Day,Aiden Martinez,Corporate,Storage Item 724,Office Supplies,Storage,261.03,7,0.2,26.18,Worcester,Massachusetts,East
3938,US-2022-102311,2022-02-21,2022-02-22,Same Day,Elizabeth Smith,Consumer,Paper Item 871,Office Supplies,Paper,241.99,7,0.2,20.07,Las Vegas,Nevada,West
3939,US-2022-101803,2022-07-12,2022-07-15,Same Day,Richard Rodriguez,Corporate,Binders Item 639,Office Supplies,Binders,108.29,7,0.1,8.29,Las Vegas,Nevada,West
3940,US-2023-102619,2023-09-10,2023-09-14,First Class,Linda Rodriguez,Consumer,Furnishings Item 924,Furniture,Furnishings,716.4,4,0.2,44.61,Charlotte,North Carolina,South
3941,US-2024-101834,2024-11-28,2025-01-03,Standard Class,Linda Rodriguez,Consumer,Laptops Item 956,Technology,Laptops,7642.08,4,0.1,551.27,Charlotte,North Carolina,South
3942,US-2023-103241,2023-06-20,2023-06-24,Standard Class,Robert Torres,Home Office,Binders Item 926,Office Supplies,Binders,257.39,7,0.4,-49.81,Charlotte,North Carolina,South
3943,US-2024-102130,2024-09-12,2024-09-18,Second Class,Carlos Nguyen,Corporate,Bookcases Item 278,Furniture,Bookcases,299.93,1,0.0,69.03,Seattle,Washington,West
3944,US-2024-100220,2024-12-26,2024-07-28,First Class,Mei Nguyen,Consumer,Laptops Item 599,Technology,Laptops,10027.44,6,0.1,564.24,Miami,Florida,South
3945,US-2024-101801,2024-07-08,2024-07-15,Second Class,Amara Nguyen,Corporate,Chairs Item 116,Furniture,Chairs,977.12,8,0.0,258.13,Savannah,Georgia,South
3946,US-2024-100739,2024-08-08,2024-08-12,Same Day,Carlos Thomas,Corporate,Printers Item 900,Technology,Printers,1000.16,2,0.1,192.49,Jersey City,New Jersey,East
3947,US-2023-101871,2023-02-21,2023-02-27,Same Day,Priya Anderson,Corporate,Chairs Item 126,Furniture,Chairs,2289.6,5,0.2,214.04,Cleveland,Ohio,Central
3948,US-2023-102163,2023-04-19,2023-04-22,Second Class,William Brown,Corporate,Art Item 430,Office Supplies,Art,394.38,6,0.0,134.13,Cleveland,Ohio,Central
3949,US-2024-103294,2024-09-04,2024-09-08,First Class,Wei Thomas,Corporate,Art Item 310,Office Supplies,Art,161.2,4,0.1,8.03,Detroit,Michigan,Central
3950,US-2022-101695,2022-01-06,2022-01-10,Same Day,Joseph Jones,Corporate,Phones Item 966,Technology,Phones,1254.61,7,0.0,355.52,Raleigh,North Carolina,South
3951,US-2024-103167,2024-07-31,2024-08-06,Standard Class,Fatima Walker,Home Office,Storage Item 612,Office Supplies,Storage,229.1,2,0.2,7.27,Savannah,Georgia,South
3952,US-2022-102459,2022-06-24,2022-06-25,Second Class,Jessica Torres,Home Office,Accessories Item 194,Technology,Accessories,111.8,2,0.4,-24.1,Memphis,Tennessee,South
3953,US-2024-101228,2024-11-20,2024-07-25,Same Day,William Williams,Home Office,Binders Item 149,Office Supplies,Binders,72.18,2,0.2,-3.04,Atlanta,Georgia,South
3954,US-2023-101809,2023-03-21,2023-03-23,Second Class,Jennifer Johnson,Consumer,Accessories Item 905,Technology,Accessories,615.65,7,0.1,128.69,Seattle,Washington,West
3955,US-2024-102162,2024-03-28,2024-03-31,First Class,Wei Johnson,Consumer,Art Item 591,Office Supplies,Art,55.42,1,0.15,4.5,Ann Arbor,Michigan,Central
3956,US-2023-100726,2023-04-02,2023-04-06,Same Day,Priya Smith,Corporate,Laptops Item 577,Technology,Laptops,9064.37,7,0.3,-511.51,Seattle,Washington,West
3957,US-2022-100436,2022-12-25,2022-12-31,Standard Class,Sarah Kim,Home Office,Furnishings Item 892,Furniture,Furnishings,105.86,1,0.1,9.97,Houston,Texas,Central
3958,US-2023-100084,2023-12-03,2023-12-08,First Class,Fatima Patel,Home Office,Laptops Item 595,Technology,Laptops,7819.2,8,0.4,-1975.88,Ann Arbor,Michigan,Central
3959,US-2023-102141,2023-12-31,2024-01-03,Second Class,Richard Rodriguez,Consumer,Laptops Item 428,Technology,Laptops,1385.58,2,0.0,411.34,Eugene,Oregon,West
3960,US-2022-102350,2022-08-18,2022-08-25,Same Day,Carlos Smith,Consumer,Labels Item 226,Office Supplies,Labels,5.18,1,0.3,0.09,Las Vegas,Nevada,West
3961,US-2022-100020,2022-10-24,2022-10-26,First Class,Mei Davis,Consumer,Tables Item 776,Furniture,Tables,647.39,1,0.0,154.1,Philadelphia,Pennsylvania,East
3962,US-2024-101583,2024-10-26,2024-10-29,Same Day,David Nguyen,Consumer,Laptops Item 893,Technology,Laptops,501.12,1,0.0,124.39,Newark,New Jersey,East
3963,US-2023-100186,2023-01-21,2023-01-28,Same Day,Aiden Walker,Corporate,Storage Item 279,Office Supplies,Storage,100.92,3,0.15,-1.15,Columbus,Ohio,Central
3964,US-2022-102276,2022-04-13,2022-04-19,Second Class,Mary Kim,Corporate,Accessories Item 951,Technology,Accessories,984.13,7,0.2,-64.93,Los Angeles,California,West
3965,US-2023-101234,2023-12-04,2023-12-11,Standard Class,Mary Taylor,Corporate,Laptops Item 299,Technology,Laptops,7778.75,7,0.1,372.54,Austin,Texas,Central
3966,US-2024-100334,2024-01-22,2024-01-27,Second Class,Linda Singh,Corporate,Accessories Item 930,Technology,Accessories,133.29,3,0.0,24.28,Chicago,Illinois,Central
3967,US-2023-100292,2023-11-24,2023-06-26,First Class,Priya Smith,Corporate,Bookcases Item 789,Furniture,Bookcases,385.42,1,0.2,-1.64,Pittsburgh,Pennsylvania,East
3968,US-2022-100281,2022-11-15,2022-01-20,Standard Class,Jennifer Martinez,Consumer,Printers Item 484,Technology,Printers,2230.6,5,0.0,429.6,Atlanta,Georgia,South
3969,US-2024-101256,2024-04-23,2024-04-29,Second Class,Mei Kim,Corporate,Printers Item 119,Technology,Printers,337.44,3,0.2,36.0,Detroit,Michigan,Central
3970,US-2022-100509,2022-08-19,2022-08-26,Second Class,William Williams,Corporate,Labels Item 195,Office Supplies,Labels,49.2,8,0.1,7.56,Reno,Nevada,West
3971,US-2022-101323,2022-11-06,2022-08-08,First Class,Amara Walker,Corporate,Tables Item 102,Furniture,Tables,554.2,4,0.0,123.04,Cleveland,Ohio,Central
3972,US-2022-102363,2022-12-10,2022-12-12,Standard Class,Patricia Brown,Consumer,Binders Item 488,Office Supplies,Binders,93.12,6,0.15,-1.39,Detroit,Michigan,Central
3973,US-2024-101586,2024-03-19,2024-03-20,Standard Class,Mary Davis,Home Office,Chairs Item 346,Furniture,Chairs,2089.68,6,0.0,422.21,Austin,Texas,Central
3974,US-2023-102839,2023-01-10,2023-01-12,Standard Class,Fatima Wilson,Corporate,Accessories Item 444,Technology,Accessories,455.85,5,0.1,33.41,Cleveland,Ohio,Central
3975,US-2022-102876,2022-02-26,2022-02-27,Same Day,Aiden Thomas,Consumer,Paper Item 613,Office Supplies,Paper,33.78,3,0.4,-4.4,New York City,New York,East
3976,US-2024-101992,2024-11-23,2024-10-26,Second Class,Joseph Johnson,Consumer,Chairs Item 809,Furniture,Chairs,317.4,2,0.3,-42.78,Jersey City,New Jersey,East
3977,US-2024-102600,2024-04-12,2024-04-17,Same Day,Wei Chen,Consumer,Labels Item 874,Office Supplies,Labels,76.37,7,0.1,7.37,Newark,New Jersey,East
3978,US-2024-102720,2024-10-27,2024-11-01,Same Day,,Corporate,Accessories Item 739,Technology,Accessories,71.25,5,0.1,14.87,Houston,Texas,Central
3979,US-2024-101783,2024-03-28,2024-04-03,First Class,Michael Wilson,Home Office,Binders Item 555,Office Supplies,Binders,116.52,4,0.1,21.56,Jersey City,New Jersey,East
3980,US-2023-103311,2023-07-25,2023-07-30,First Class,Mary Davis,Home Office,Printers Item 103,Technology,Printers,416.64,3,,4.7,Jersey City,New Jersey,East
3981,US-2022-103210,2022-07-23,2022-07-30,Second Class,David Wilson,Consumer,Laptops Item 525,Technology,Laptops,12400.36,7,0.5,-3707.42,Pittsburgh,Pennsylvania,East
3982,US-2022-103098,2022-02-17,2022-02-21,Second Class,Amara Ali,Home Office,Paper Item 665,Office Supplies,Paper,84.87,3,0.3,-12.63,Boston,Massachusetts,East
3983,US-2023-102047,2023-06-07,2023-06-09,Same Day,Mei Taylor,Corporate,Laptops Item 552,Technology,Laptops,5045.4,4,0.0,1694.1,Austin,Texas,Central
3984,US-2023-102123,2023-08-18,2023-08-24,First Class,Michael Williams,Consumer,Bookcases Item 637,Furniture,Bookcases,1006.83,3,0.0,339.25,Dallas,Texas,Central
3985,US-2022-103253,2022-08-30,2022-09-03,First Class,Mary Taylor,Home Office,Phones Item 252,Technology,Phones,640.71,3,0.5,-152.79,Las Vegas,Nevada,West
3986,US-2022-102389,2022-04-21,2022-04-24,First Class,Susan Khan,Corporate,Art Item 602,Office Supplies,Art,25.2,5,0.0,5.33,Philadelphia,Pennsylvania,East
3987,US-2022-103134,2022-06-08,2022-06-12,First Class,Carlos Torres,Corporate,Binders Item 622,Office Supplies,Binders,58.94,1,0.1,3.51,Newark,New Jersey,East
3988,US-2024-100308,2024-01-01,2024-01-08,First Class,Carlos Martinez,Corporate,Tables Item 991,Furniture,Tables,798.86,1,0.0,266.96,Atlanta,Georgia,South
3989,US-2023-101527,2023-12-09,2023-08-10,Standard Class,Mei Patel,Corporate,Accessories Item 323,Technology,Accessories,142.77,3,0.0,29.62,Seattle,Washington,West
3990,US-2024-100923,2024-01-21,2024-01-25,First Class,Michael Miller,Consumer,Accessories Item 914,Technology,Accessories,284.06,2,0.2,-6.21,Nashville,Tennessee,South
3991,US-2024-103231,2024-12-06,2024-12-11,Standard Class,Carlos Torres,Home Office,Storage Item 667,Office Supplies,Storage,512.56,8,0.4,-78.31,Springfield,Illinois,Central
3992,US-2024-101548,2024-02-11,2024-02-14,Same Day,Linda Singh,Corporate,Binders Item 882,Office Supplies,Binders,41.25,3,0.2,2.66,Detroit,Michigan,Central
3993,US-2023-101777,2023-04-07,2023-04-10,Standard Class,Mei Ali,Home Office,Furnishings Item 957,Furniture,Furnishings,1074.92,7,0.3,-84.81,Eugene,Oregon,West
3994,US-2023-100231,2023-11-19,2023-04-23,First Class,Fatima Patel,Corporate,Binders Item 151,Office Supplies,Binders,19.4,2,0.4,-3.11,Atlanta,Georgia,South
3995,US-2024-100018,2024-01-23,2024-01-28,First Class,David Jones,Corporate,Tables Item 382,Furniture,Tables,5235.06,6,0.0,1631.66,Springfield,Illinois,Central
3996,US-2022-101744,2022-11-20,2022-11-21,Second Class,James Singh,Home Office,Paper Item 780,Office Supplies,Paper,108.43,7,0.15,-0.5,Reno,Nevada,West
3997,US-2022-102116,2022-05-28,2022-06-03,Second Class,Robert Davis,Consumer,Furnishings Item 479,Furniture,Furnishings,725.6,4,0.0,189.59,Springfield,Illinois,Central
3998,US-2023-103175,2023-12-25,2023-08-26,Second Class,Jennifer Ali,Home Office,Tables Item 944,Furniture,Tables,3462.06,6,0.5,-893.39,Eugene,Oregon,West
3999,US-2023-100934,2023-11-09,2023-02-10,Second Class,Elizabeth Williams,Corporate,Phones Item 682,Technology,Phones,1459.04,8,0.0,266.95,Portland,Oregon,West
4000,US-2023-100722,2023-09-26,2023-10-01,Standard Class,Michael Kim,Consumer,Phones Item 565,Technology,Phones,1963.35,3,0.2,36.81,Spokane,Washington,West
4001,US-2024-102161,2024-11-10,2024-11-15,First Class,Mei Taylor,Home Office,Laptops Item 844,Technology,Laptops,1445.16,1,0.1,328.32,Seattle,Washington,West
4002,US-2023-101889,2023-11-18,2023-11-24,Standard Class,Priya Thomas,Consumer,Art Item 272,Office Supplies,Art,399.42,6,0.5,-114.51,New York City,New York,East
4003,US-2023-101861,2023-10-23,2023-10-30,Standard Class,Wei Torres,Corporate,Binders Item 648,Office Supplies,Binders,67.71,3,0.4,-8.33,Tampa,Florida,South
4004,US-2023-101227,2023-12-29,2023-12-31,First Class,Diego Smith,Home Office,Laptops Item 225,Technology,Laptops,5615.52,4,0.5,-1856.18,Portland,Oregon,West
4005,US-2022-102774,2022-08-07,2022-08-10,First Class,Carlos Miller,Consumer,Labels Item 918,Office Supplies,Labels,27.54,6,0.0,4.4,Newark,New Jersey,East
4006,US-2024-103372,2024-12-21,2024-09-23,Standard Class,Richard Patel,Home Office,Chairs Item 250,Furniture,Chairs,1865.28,6,0.0,601.31,Nashville,Tennessee,South
4007,US-2024-102565,2024-12-23,2024-12-25,Second Class,Jennifer Chen,Consumer,Binders Item 603,Office Supplies,Binders,45.14,2,0.1,9.5,Boston,Massachusetts,East
4008,US-2023-100015,2023-03-30,2023-04-05,Standard Class,Fatima Martinez,Home Office,Labels Item 409,Office Supplies,Labels,93.78,6,0.4,-26.32,Newark,New Jersey,East
4009,US-2023-101127,2023-06-17,2023-06-21,Second Class,Carlos Walker,Consumer,Bookcases Item 974,Furniture,Bookcases,1979.6,4,0.0,625.27,Nashville,Tennessee,South
4010,US-2023-100416,2023-04-23,2023-04-24,Standard Class,Patricia Davis,Corporate,Printers Item 769,Technology,Printers,590.37,3,0.2,12.1,Las Vegas,Nevada,West
4011,US-2022-101591,2022-06-26,2022-07-02,First Class,Linda Jones,Corporate,Accessories Item 345,Technology,Accessories,203.68,8,0.15,8.73,Cleveland,Ohio,Central
4012,US-2023-101127,2023-12-17,2023-06-21,Second Class,Carlos Walker,Consumer,Bookcases Item 974,Furniture,Bookcases,1979.6,4,0.0,625.27,Nashville,Tennessee,South
4013,US-2024-101498,2024-07-01,2024-07-03,Standard Class,Fatima Williams,Consumer,Laptops Item 981,Technology,Laptops,1274.18,2,0.5,-289.16,Savannah,Georgia,South
4014,US-2024-100264,2024-09-24,2024-09-27,First Class,Amara Nguyen,Home Office,Phones Item 771,Technology,Phones,2305.55,5,0.0,471.9,Las Vegas,Nevada,West
4015,US-2024-100394,2024-01-22,2024-01-23,Standard Class,Aiden Khan,Corporate,Storage Item 821,Office Supplies,Storage,860.51,7,0.4,-180.56,Las Vegas,Nevada,West
4016,US-2024-102006,2024-11-28,2024-04-06,Second Class,William Miller,Home Office,Laptops Item 812,Technology,Laptops,3699.28,8,0.3,-375.91,Eugene,Oregon,West
4017,US-2024-100847,2024-10-14,2024-10-17,Second Class,Wei Torres,Home Office,Laptops Item 996,Technology,Laptops,8940.72,8,0.2,-364.11,Atlanta,Georgia,South
4018,US-2023-100292,2023-06-24,2023-06-26,First Class,Priya Smith,Corporate,Bookcases Item 789,Furniture,Bookcases,385.42,1,,-1.64,Pittsburgh,Pennsylvania,East
4019,US-2022-101288,2022-10-08,2022-10-11,Same Day,Jennifer Ali,Consumer,Accessories Item 432,Technology,Accessories,291.48,7,0.0,81.06,Columbus,Ohio,Central
4020,US-2022-102300,2022-09-14,2022-09-20,First Class,James Ali,Home Office,Binders Item 792,Office Supplies,Binders,52.2,2,0.2,-0.84,Tampa,Florida,South
4021,US-2023-101927,2023-07-17,2023-07-18,Second Class,Mei Ali,Corporate,Chairs Item 621,Furniture,Chairs,659.26,2,0.0,222.63,Detroit,Michigan,Central
4022,US-2023-102654,2023-06-11,2023-06-15,Second Class,Linda Torres,Home Office,Chairs Item 820,Furniture,Chairs,1349.35,5,0.4,-286.28,Worcester,Massachusetts,East
4023,US-2024-101785,2024-12-17,2024-08-20,First Class,Michael Wilson,Home Office,Phones Item 619,Technology,Phones,2931.16,4,0.15,461.48,Worcester,Massachusetts,East
4024,US-2022-103164,2022-11-18,2022-11-23,Standard Class,William Brown,Consumer,Art Item 552,Office Supplies,Art,228.93,3,0.15,15.28,Cleveland,Ohio,Central
4025,US-2024-103487,2024-09-05,2024-09-08,Standard Class,James Singh,Corporate,Laptops Item 680,Technology,Laptops,2546.15,5,0.5,-807.97,Reno,Nevada,West
4026,US-2024-101026,2024-01-08,2024-01-10,Second Class,Jennifer Khan,Home Office,Paper Item 848,Office Supplies,Paper,155.36,8,0.1,21.27,Ann Arbor,Michigan,Central
4027,US-2022-101912,2022-11-26,2022-06-02,Same Day,Elizabeth Nguyen,Home Office,Accessories Item 321,Technology,Accessories,245.6,2,0.2,-1.07,Boston,Massachusetts,East
4028,US-2022-101400,2022-10-17,2022-10-19,First Class,Mary Khan,Consumer,Paper Item 827,Office Supplies,Paper,39.28,1,0.3,-5.58,Eugene,Oregon,West
4029,US-2023-100381,2023-02-10,2023-02-16,Standard Class,Patricia Miller,Home Office,Printers Item 234,Technology,Printers,953.22,6,0.0,202.41,Reno,Nevada,West
4030,US-2023-102099,2023-12-17,2023-04-19,First Class,Elizabeth Khan,Corporate,Tables Item 479,Furniture,Tables,602.75,5,0.15,25.26,Pittsburgh,Pennsylvania,East
4031,US-2024-102241,2024-08-13,2024-08-16,Standard Class,Mary Davis,Corporate,Storage Item 275,Office Supplies,Storage,314.09,7,0.1,42.2,New York City,New York,East
4032,US-2023-100968,2023-01-09,2023-01-10,Second Class,Mary Singh,Consumer,Art Item 265,Office Supplies,Art,55.74,1,0.2,5.07,Chicago,Illinois,Central
4033,US-2023-102416,2023-06-01,2023-06-07,Same Day,Mei Nguyen,Consumer,Art Item 368,Office Supplies,Art,129.46,2,0.1,24.32,Portland,Oregon,West
4034,US-2024-102451,2024-06-12,2024-06-14,First Class,Patricia Williams,Home Office,Labels Item 356,Office Supplies,Labels,8.56,4,0.5,-2.6,Austin,Texas,Central
4035,US-2023-102727,2023-08-22,2023-08-29,Standard Class,David Jones,Consumer,Printers Item 952,Technology,Printers,1146.24,6,0.0,266.19,Nashville,Tennessee,South
4036,US-2022-102014,2022-07-21,2022-07-26,Same Day,Jennifer Johnson,Corporate,Printers Item 990,Technology,Printers,2005.08,7,0.1,142.89,Austin,Texas,Central
4037,US-2023-100567,2023-04-12,2023-04-17,First Class,Patricia Williams,Home Office,Phones Item 123,Technology,Phones,632.34,3,0.0,122.7,Albany,New York,East
4038,US-2023-101027,2023-09-07,2023-09-09,Standard Class,Diego Garcia,Corporate,Storage Item 827,Office Supplies,Storage,45.67,1,0.1,10.46,Jersey City,New Jersey,East
4039,US-2022-101120,2022-02-05,2022-02-07,Standard Class,Wei Smith,Home Office,Art Item 728,Office Supplies,Art,43.68,4,0.1,3.84,Chicago,Illinois,Central
4040,US-2022-100900,2022-01-24,2022-01-28,Same Day,David Wilson,Consumer,Laptops Item 410,Technology,Laptops,3697.82,7,0.15,-46.51,Las Vegas,Nevada,West
4041,US-2024-100536,2024-06-25,2024-06-27,Standard Class,Aiden Jones,Consumer,Labels Item 186,Office Supplies,Labels,52.92,6,0.4,-12.87,Memphis,Tennessee,South
4042,US-2022-101691,2022-12-08,2022-03-14,Same Day,William Lee,Corporate,Labels Item 162,Office Supplies,Labels,10.47,1,0.1,1.32,Ann Arbor,Michigan,Central
4043,US-2023-103000,2023-04-13,2023-04-20,Second Class,Linda Miller,Home Office,Printers Item 655,Technology,Printers,332.35,1,0.2,-13.34,Houston,Texas,Central
4044,US-2022-103028,2022-10-22,2022-10-27,First Class,Amara Garcia,Corporate,Furnishings Item 413,Furniture,Furnishings,1505.63,7,0.0,374.29,San Francisco,California,West
4045,US-2024-102545,2024-05-29,2024-06-01,Same Day,Priya Smith,Consumer,Labels Item 212,Office Supplies,Labels,91.62,6,0.4,-24.39,Seattle,Washington,West
4046,US-2024-100548,2024-09-28,2024-09-29,Standard Class,Jennifer Wilson,Corporate,Paper Item 169,Office Supplies,Paper,32.31,3,0.2,-1.12,Orlando,Florida,South
4047,US-2022-100460,2022-02-05,2022-02-09,First Class,Richard Walker,Home Office,Chairs Item 471,Furniture,Chairs,791.98,2,0.2,-33.25,Philadelphia,Pennsylvania,East
4048,US-2022-101309,2022-07-09,2022-07-12,Second Class,Joseph Wilson,Corporate,Paper Item 769,Office Supplies,Paper,94.14,6,0.15,3.68,Los Angeles,California,West
4049,US-2022-100212,2022-12-21,2022-12-26,Standard Class,Robert Torres,Corporate,Binders Item 722,Office Supplies,Binders,65.6,8,0.4,-12.54,Detroit,Michigan,Central
4050,US-2023-100938,2023-01-10,2023-01-12,Standard Class,Michael Singh,Consumer,Art Item 414,Office Supplies,Art,359.76,6,0.15,33.62,Charlotte,North Carolina,South
4051,US-2024-103483,2024-08-11,2024-08-15,Second Class,Fatima Davis,Consumer,Laptops Item 137,Technology,Laptops,6556.69,7,0.0,1149.34,Ann Arbor,Michigan,Central
4052,US-2024-103208,2024-12-10,2024-05-17,Second Class,Fatima Ali,Home Office,Printers Item 489,Technology,Printers,1284.92,7,0.0,301.9,Portland,Oregon,West
4053,US-2024-102222,2024-07-20,2024-07-25,First Class,Sarah Walker,Home Office,Storage Item 406,Office Supplies,Storage,169.68,3,0.1,20.34,Detroit,Michigan,Central
4054,US-2024-101312,2024-04-04,2024-04-05,Second Class,Carlos Patel,Consumer,Binders Item 223,Office Supplies,Binders,55.46,2,0.0,18.41,New York City,New York,East
4055,US-2022-100193,2022-07-27,2022-08-03,Same Day,Priya Torres,Home Office,Furnishings Item 876,Furniture,Furnishings,1134.42,6,0.1,227.67,Savannah,Georgia,South
4056,US-2024-102191,2024-01-18,2024-01-23,Second Class,Sarah Martinez,Home Office,Art Item 534,Office Supplies,Art,28.95,3,0.0,4.75,Worcester,Massachusetts,East
4057,US-2022-102014,2022-12-21,2022-07-26,Same Day,Jennifer Johnson,Corporate,Printers Item 990,Technology,Printers,2005.08,7,0.1,142.89,Austin,Texas,Central
4058,US-2022-101929,2022-12-12,2022-12-14,Standard Class,Mary Davis,Corporate,Tables Item 991,Furniture,Tables,383.73,1,0.1,57.61,Portland,Oregon,West
4059,US-2022-103485,2022-05-20,2022-05-21,First Class,Diego Martinez,Corporate,Paper Item 486,Office Supplies,Paper,189.7,7,0.0,46.32,Houston,Texas,Central
4060,US-2023-101217,2023-07-06,2023-07-11,Second Class,John Lee,Corporate,Paper Item 777,Office Supplies,Paper,275.73,7,0.0,57.26,Jersey City,New Jersey,East
4061,US-2024-101138,2024-08-10,2024-08-13,Second Class,Carlos Patel,Consumer,Storage Item 525,Office Supplies,Storage,1526.8,8,0.1,244.49,New York City,New York,East
4062,US-2023-100617,2023-11-03,2023-05-09,Same Day,Jennifer Ali,Consumer,Printers Item 384,Technology,Printers,763.24,4,0.15,-6.7,Ann Arbor,Michigan,Central
4063,US-2023-101426,2023-03-12,2023-03-16,First Class,Richard Singh,Consumer,Accessories Item 500,Technology,Accessories,101.93,1,0.0,20.19,Houston,Texas,Central
4064,US-2022-100230,2022-01-06,2022-01-07,Standard Class,Richard Singh,Home Office,Tables Item 785,Furniture,Tables,1160.32,8,0.0,201.62,Chicago,Illinois,Central
4065,US-2022-102618,2022-04-02,2022-04-08,Same Day,Joseph Jones,Consumer,Chairs Item 130,Furniture,Chairs,2256.32,8,0.15,-30.53,Nashville,Tennessee,South
4066,US-2023-102807,2023-04-29,2023-05-05,Same Day,Mary Garcia,Home Office,Storage Item 424,Office Supplies,Storage,333.86,2,0.1,29.69,Nashville,Tennessee,South
4067,US-2024-101242,2024-01-29,2024-02-02,Standard Class,Jennifer Lee,Home Office,Accessories Item 477,Technology,Accessories,284.34,2,0.0,51.11,Newark,New Jersey,
4068,US-2024-100598,2024-03-01,2024-03-04,Second Class,Linda Singh,Corporate,Binders Item 775,Office Supplies,Binders,16.83,3,0.0,5.46,Albany,New York,East
4069,US-2023-102810,2023-01-01,2023-01-05,Second Class,Wei Davis,Consumer,Printers Item 784,Technology,Printers,2197.8,6,0.1,172.52,Jersey City,New Jersey,East
4070,US-2022-100155,2022-06-09,2022-06-11,Second Class,Robert Johnson,Home Office,Binders Item 555,Office Supplies,Binders,48.33,1,0.0,9.87,Springfield,Illinois,Central
4071,US-2024-101455,2024-03-10,2024-03-16,First Class,Michael Rodriguez,Corporate,Bookcases Item 915,Furniture,Bookcases,1611.6,6,0.3,-192.12,Nashville,Tennessee,South
4072,US-2024-103476,2024-08-25,2024-08-28,Same Day,Amara Wilson,Home Office,Chairs Item 193,Furniture,Chairs,782.4,2,0.2,19.37,Chicago,Illinois,Central
4073,US-2023-100885,2023-01-21,2023-01-24,Second Class,Carlos Khan,Corporate,Accessories Item 365,Technology,Accessories,438.34,7,0.0,100.33,Charlotte,North Carolina,South
4074,US-2022-101206,2022-08-11,2022-08-15,Second Class,Amara Wilson,Corporate,Paper Item 830,Office Supplies,Paper,56.3,2,0.0,10.03,Miami,Florida,South
4075,US-2024-101360,2024-02-16,2024-02-20,Standard Class,Aiden Torres,Consumer,Storage Item 708,Office Supplies,Storage,1030.26,6,0.15,-10.59,Albany,New York,East
4076,US-2024-103067,2024-04-15,2024-04-21,First Class,Fatima Wilson,Corporate,Printers Item 850,Technology,Printers,1442.48,4,0.2,-78.62,Savannah,Georgia,South
4077,US-2023-101478,2023-04-29,2023-04-30,Same Day,Diego Smith,Consumer,Furnishings Item 977,Furniture,Furnishings,1159.15,5,0.0,334.9,San Francisco,California,West
4078,US-2024-100075,2024-08-14,2024-08-18,First Class,Amara Brown,Consumer,Laptops Item 192,Technology,Laptops,3941.28,8,0.5,-1356.87,Worcester,Massachusetts,East
4079,US-2024-100809,2024-05-02,2024-05-07,Standard Class,Wei Johnson,Corporate,Phones Item 232,Technology,Phones,5373.6,6,0.5,-1438.15,Spokane,Washington,West
4080,US-2024-100415,2024-07-09,2024-07-10,Standard Class,Robert Jones,Consumer,Bookcases Item 445,Furniture,Bookcases,4298.0,8,0.1,560.65,Spokane,Washington,West
4081,US-2022-101460,2022-09-08,2022-09-15,First Class,Mary Davis,Home Office,Chairs Item 371,Furniture,Chairs,1229.8,5,0.0,258.98,Chicago,Illinois,Central
4082,US-2022-101231,2022-03-02,2022-03-07,Standard Class,David Lee,Corporate,Paper Item 214,Office Supplies,Paper,39.77,1,0.5,-8.91,Miami,Florida,South
4083,US-2024-100931,2024-12-31,2025-01-07,Standard Class,Carlos Torres,Corporate,Labels Item 680,Office Supplies,Labels,39.72,2,0.0,11.17,Las Vegas,Nevada,West
4084,US-2022-101650,2022-06-30,2022-07-07,Standard Class,Sarah Williams,Home Office,Storage Item 827,Office Supplies,Storage,422.3,5,0.15,61.56,Buffalo,New York,East
4085,US-2023-102689,2023-02-07,2023-02-09,Same Day,Carlos Johnson,Home Office,Binders Item 272,Office Supplies,Binders,286.88,8,0.0,62.66,Portland,Oregon,West
4086,US-2022-100234,2022-12-08,2022-12-09,Second Class,Richard Kim,Consumer,Art Item 206,Office Supplies,Art,185.01,7,0.15,29.36,Memphis,Tennessee,South
4087,US-2022-102069,2022-07-29,2022-08-01,Second Class,Mei Miller,Home Office,Chairs Item 332,Furniture,Chairs,1903.3,5,0.0,408.65,San Francisco,California,West
4088,US-2024-100083,2024-08-23,2024-08-30,Standard Class,Aiden Brown,Home Office,Tables Item 312,Furniture,Tables,1205.61,7,0.1,249.63,Detroit,Michigan,Central
4089,US-2023-101129,2023-12-16,2023-01-18,Same Day,Richard Walker,Consumer,Printers Item 633,Technology,Printers,1745.35,5,0.3,-163.91,Detroit,Michigan,Central
4090,US-2023-102078,2023-09-17,2023-09-22,Same Day,John Kim,Corporate,Tables Item 674,Furniture,Tables,2125.13,7,0.0,324.25,Raleigh,North Carolina,South
4091,US-2023-100804,2023-03-01,2023-03-06,Same Day,Mei Williams,Corporate,Labels Item 465,Office Supplies,Labels,28.48,8,0.0,8.83,Portland,Oregon,West
4092,US-2022-100883,2022-07-05,2022-07-07,Standard Class,Richard Jones,Corporate,Chairs Item 705,Furniture,Chairs,1008.16,8,0.0,216.69,Dallas,Texas,Central
4093,US-2022-101634,2022-10-10,2022-10-13,Standard Class,Mary Taylor,Home Office,Chairs Item 888,Furniture,Chairs,537.34,2,0.0,140.86,Ann Arbor,Michigan,Central
4094,US-2024-102539,2024-11-28,2024-03-05,Standard Class,Mei Miller,Home Office,Phones Item 681,Technology,Phones,3663.84,6,0.15,118.42,Cleveland,Ohio,Central
4095,US-2023-101055,2023-07-09,2023-07-12,Second Class,Patricia Williams,Corporate,Phones Item 501,Technology,Phones,2503.76,7,0.1,592.65,Philadelphia,Pennsylvania,East
4096,US-2022-100291,2022-02-26,2022-03-02,Standard Class,David Garcia,Consumer,Storage Item 491,Office Supplies,Storage,799.52,8,0.15,144.72,Memphis,Tennessee,South
4097,US-2023-100915,2023-03-22,2023-03-26,First Class,Wei Davis,Corporate,Art Item 745,Office Supplies,Art,454.3,7,0.1,44.78,Chicago,Illinois,Central
4098,US-2023-101112,2023-12-15,2023-12-18,Second Class,Robert Torres,Home Office,Accessories Item 792,Technology,Accessories,94.04,4,0.15,3.14,Columbus,Ohio,Central
4099,US-2022-101573,2022-12-25,2023-01-01,Standard Class,Elizabeth Taylor,Consumer,Chairs Item 591,Furniture,Chairs,1426.4,8,0.1,162.17,Philadelphia,Pennsylvania,East
4100,US-2022-101676,2022-11-28,2022-06-06,First Class,Robert Garcia,Corporate,Tables Item 822,Furniture,Tables,2175.44,8,0.0,511.16,Columbus,Ohio,Central
4101,US-2024-100921,2024-04-12,2024-04-19,Same Day,Fatima Jones,Consumer,Phones Item 901,Technology,Phones,429.13,1,0.2,7.04,Portland,Oregon,West
4102,US-2022-101556,2022-03-26,2022-03-29,Same Day,John Smith,Home Office,Labels Item 934,Office Supplies,Labels,66.68,4,0.3,-8.77,Albany,New York,East
4103,US-2024-100599,2024-04-21,2024-04-25,Second Class,Richard Singh,Consumer,Chairs Item 649,Furniture,Chairs,1465.02,3,0.0,503.64,Las Vegas,Nevada,West
4104,US-2024-101699,2024-11-28,2024-11-05,First Class,Elizabeth Khan,Home Office,Chairs Item 298,Furniture,Chairs,1692.72,4,0.3,-18.66,Worcester,Massachusetts,East
4105,US-2022-100258,2022-03-19,2022-03-20,Standard Class,Richard Rodriguez,Consumer,Binders Item 913,Office Supplies,Binders,44.64,8,0.2,-2.89,Tampa,Florida,South
4106,US-2023-100256,2023-08-31,2023-09-06,Second Class,Patricia Lee,Home Office,Storage Item 184,Office Supplies,Storage,1027.84,8,0.1,127.09,Austin,Texas,Central
4107,US-2022-100769,2022-06-22,2022-06-25,Same Day,David Patel,Consumer,Furnishings Item 506,Furniture,Furnishings,369.96,6,0.0,105.89,Boston,Massachusetts,East
4108,US-2023-102540,2023-11-20,2023-11-21,Standard Class,Jessica Chen,Home Office,Storage Item 521,Office Supplies,Storage,104.45,1,0.3,-9.84,Spokane,Washington,West
4109,US-2023-101727,2023-07-05,2023-07-08,Same Day,Robert Torres,Consumer,Binders Item 613,Office Supplies,Binders,332.96,8,0.0,74.79,Raleigh,North Carolina,South
4110,US-2024-100111,2024-11-16,2024-11-20,Same Day,Mary Davis,Home Office,Bookcases Item 580,Furniture,Bookcases,2438.6,5,0.0,642.97,Ann Arbor,Michigan,Central
4111,US-2024-101680,2024-12-07,2024-12-11,Second Class,Carlos Davis,Consumer,Binders Item 810,Office Supplies,Binders,249.2,5,0.1,42.84,Orlando,Florida,South
4112,US-2022-101697,2022-11-18,2022-11-21,Second Class,Joseph Anderson,Consumer,Phones Item 277,Technology,Phones,3264.36,4,0.0,702.03,Buffalo,New York,East
4113,US-2024-103273,2024-10-06,2024-10-11,Standard Class,Elizabeth Davis,Consumer,Storage Item 892,Office Supplies,Storage,106.54,1,0.0,17.82,Atlanta,Georgia,South
4114,US-2022-103069,2022-01-05,2022-01-12,Standard Class,Patricia Smith,Corporate,Bookcases Item 329,Furniture,Bookcases,$1338.04,4,0.2,156.07,Reno,Nevada,West
4115,US-2022-100720,2022-12-11,2022-07-17,Second Class,Aiden Thomas,Home Office,Laptops Item 769,Technology,Laptops,6106.72,8,0.0,1738.5,Nashville,Tennessee,South
4116,US-2024-100713,2024-05-17,2024-05-23,Same Day,William Brown,Home Office,Labels Item 949,Office Supplies,Labels,74.07,3,0.0,25.41,San Diego,California,West
4117,US-2023-101480,2023-10-05,2023-10-11,First Class,Carlos Martinez,Consumer,Printers Item 470,Technology,Printers,1335.12,6,0.1,268.91,Eugene,Oregon,West
4118,US-2024-102514,2024-11-13,2024-01-18,Second Class,William Thomas,Home Office,Labels Item 235,Office Supplies,Labels,55.65,7,0.1,2.81,Newark,New Jersey,East
4119,US-2023-101020,2023-10-14,2023-10-15,Standard Class,Sarah Walker,Corporate,Labels Item 980,Office Supplies,Labels,28.72,4,0.2,-0.57,Newark,New Jersey,East
4120,US-2023-102708,2023-10-20,2023-10-22,First Class,Jennifer Chen,Home Office,Labels Item 179,Office Supplies,Labels,12.52,4,0.1,1.47,Miami,Florida,South
4121,US-2022-102995,2022-11-27,2022-01-28,Standard Class,John Kim,Home Office,Labels Item 787,Office Supplies,Labels,138.56,8,0.2,13.1,Detroit,Michigan,Central
4122,US-2024-103451,2024-08-16,2024-08-20,First Class,Robert Ali,Home Office,Labels Item 376,Office Supplies,Labels,36.4,5,0.15,0.91,Atlanta,Georgia,South
4123,US-2023-101654,2023-12-06,2023-05-10,Second Class,Robert Ali,Home Office,Labels Item 847,Office Supplies,Labels,73.99,7,0.0,12.12,Orlando,Florida,South
4124,US-2024-100271,2024-07-20,2024-07-21,Standard Class,Wei Khan,Consumer,Laptops Item 820,Technology,Laptops,12703.74,6,0.1,2048.29,Eugene,Oregon,West
4125,US-2023-100064,2023-08-08,2023-08-14,Same Day,Elizabeth Khan,Consumer,Accessories Item 238,Technology,Accessories,996.16,8,0.0,320.91,Nashville,Tennessee,South
4126,US-2022-101095,2022-07-20,2022-07-24,First Class,Fatima Davis,Consumer,Printers Item 489,Technology,Printers,$3429.93,7,0.2,216.08,Columbus,Ohio,Central
4127,US-2023-102386,2023-11-04,2023-03-07,First Class,Diego Williams,Corporate,Paper Item 546,Office Supplies,Paper,2.27,1,0.0,0.52,San Francisco,California,West
4128,US-2024-100779,2024-02-13,2024-02-19,Standard Class,Jessica Williams,Home Office,Phones Item 795,Technology,Phones,2432.96,4,0.4,-505.56,Jersey City,New Jersey,
4129,US-2022-100037,2022-12-11,2022-12-12,Standard Class,Amara Wilson,Home Office,Storage Item 298,Office Supplies,Storage,64.08,4,0.0,20.06,Orlando,Florida,South
4130,US-2024-103333,2024-10-04,2024-10-07,First Class,Priya Khan,Home Office,Labels Item 630,Office Supplies,Labels,157.85,7,0.2,12.84,Reno,Nevada,West
4131,US-2024-102994,2024-11-22,2024-11-23,First Class,Diego Chen,Consumer,Binders Item 898,Office Supplies,Binders,35.31,1,0.15,6.05,Cleveland,Ohio,Central
4132,US-2022-100861,2022-02-20,2022-02-24,Second Class,Elizabeth Singh,Corporate,Storage Item 588,Office Supplies,Storage,82.64,2,0.1,5.31,Orlando,Florida,South
4133,US-2023-101851,2023-10-19,2023-10-23,Standard Class,Jessica Johnson,Home Office,Chairs Item 409,Furniture,Chairs,1974.24,6,0.15,238.29,Las Vegas,Nevada,West
4134,US-2022-103095,2022-06-11,2022-06-17,First Class,David Khan,Corporate,Tables Item 527,Furniture,Tables,208.5,1,0.0,37.35,Houston,Texas,Central
4135,US-2023-101362,2023-09-29,2023-10-02,Same Day,Joseph Jones,Corporate,Printers Item 874,Technology,Printers,2429.0,5,0.0,586.84,Memphis,Tennessee,South
4136,US-2024-101235,2024-07-13,2024-07-16,First Class,David Wilson,Corporate,Labels Item 178,Office Supplies,Labels,38.82,3,0.0,10.04,Philadelphia,Pennsylvania,East
4137,US-2022-103114,2022-12-22,2022-04-24,First Class,Carlos Miller,Corporate,Tables Item 183,Furniture,Tables,591.3,3,0.15,107.73,Atlanta,Georgia,South
4138,US-2023-102596,2023-04-19,2023-04-23,Same Day,Carlos Patel,Consumer,Labels Item 698,Office Supplies,Labels,67.48,7,0.1,12.16,Reno,Nevada,West
4139,US-2023-101863,2023-08-21,2023-08-24,Same Day,Diego Jones,Home Office,Storage Item 929,Office Supplies,Storage,503.46,6,0.1,113.64,Pittsburgh,Pennsylvania,East
4140,US-2024-102768,2024-07-31,2024-08-03,Second Class,Mary Garcia,Corporate,Accessories Item 490,Technology,Accessories,131.48,4,0.4,-35.39,Las Vegas,Nevada,West
4141,US-2024-100633,2024-09-05,2024-09-09,Standard Class,Robert Miller,Consumer,Accessories Item 372,Technology,Accessories,11.63,1,0.15,-0.01,Las Vegas,Nevada,West
4142,US-2024-100217,08/22/2024,2024-08-24,First Class,Michael Patel,Consumer,Labels Item 796,Office Supplies,Labels,48.66,3,0.0,8.28,Raleigh,North Carolina,South
4143,US-2022-101054,2022-11-02,2022-11-06,First Class,Diego Chen,Corporate,Storage Item 910,Office Supplies,Storage,1215.06,7,0.5,-265.82,Nashville,Tennessee,South
4144,US-2024-101884,2024-06-10,2024-06-14,Standard Class,Mei Miller,Consumer,Storage Item 153,Office Supplies,Storage,501.12,4,0.1,63.53,Portland,Oregon,West
4145,US-2024-102886,2024-03-02,2024-03-06,Standard Class,Sarah Williams,Home Office,Paper Item 875,Office Supplies,Paper,104.24,4,,30.67,Memphis,Tennessee,South
4146,US-2023-100181,2023-01-19,2023-01-22,First Class,Diego Davis,Consumer,Furnishings Item 135,Furniture,Furnishings,327.84,3,0.1,55.29,Nashville,Tennessee,South
4147,US-2023-102967,2023-01-11,2023-01-13,First Class,Michael Rodriguez,Home Office,Laptops Item 180,Technology,Laptops,5928.44,7,0.15,1082.55,Newark,New Jersey,East
4148,US-2024-102794,2024-09-02,2024-09-04,Standard Class,Mary Ali,Corporate,Binders Item 285,Office Supplies,Binders,163.98,6,0.4,-32.17,Charlotte,North Carolina,
4149,US-2023-102950,2023-05-17,2023-05-23,First Class,Amara Johnson,Corporate,Art Item 813,Office Supplies,Art,382.1,5,0.15,35.0,Atlanta,Georgia,South
4150,US-2024-102143,2024-06-04,2024-06-06,First Class,Fatima Ali,Corporate,Storage Item 222,Office Supplies,Storage,703.14,6,0.1,111.83,Raleigh,North Carolina,South
4151,US-2024-100045,2024-09-22,2024-09-24,Second Class,Mei Kim,Consumer,Tables Item 179,Furniture,Tables,3239.08,4,0.0,791.77,Charlotte,North Carolina,South
4152,US-2024-103166,2024-11-24,2024-06-27,Second Class,Amara Jones,Home Office,Furnishings Item 960,Furniture,Furnishings,57.28,2,0.0,16.81,Austin,Texas,Central
4153,US-2022-102945,2022-04-30,2022-05-02,First Class,James Thomas,Consumer,Bookcases Item 728,Furniture,Bookcases,3459.06,6,0.15,260.21,Memphis,Tennessee,South
4154,US-2023-100800,2023-12-28,2023-05-01,Second Class,Michael Smith,Corporate,Printers Item 165,Technology,Printers,747.24,6,0.2,81.33,Albany,New York,East
4155,US-2023-100333,2023-03-31,2023-04-02,First Class,,Home Office,Bookcases Item 942,Furniture,Bookcases,143.11,1,0.0,25.84,Portland,Oregon,West
4156,US-2022-103105,2022-02-06,2022-02-08,Same Day,Wei Thomas,Corporate,Accessories Item 373,Technology,Accessories,397.92,6,0.3,-67.55,San Francisco,California,West
4157,US-2022-102080,2022-12-18,2022-12-19,Same Day,Jessica Chen,Home Office,Furnishings Item 299,Furniture,Furnishings,1441.56,6,0.0,379.35,Las Vegas,Nevada,West
4158,US-2024-103308,2024-05-27,2024-06-01,First Class,Patricia Williams,Home Office,Binders Item 582,Office Supplies,Binders,17.62,2,0.1,3.27,Reno,Nevada,West
4159,US-2024-101422,2024-01-06,2024-01-09,Second Class,Michael Lee,Home Office,Storage Item 680,Office Supplies,Storage,554.73,3,0.4,-55.37,Houston,Texas,Central
4160,US-2022-101460,2022-11-08,2022-09-15,First Class,Mary Davis,Home Office,Chairs Item 371,Furniture,Chairs,1229.8,5,0.0,258.98,Chicago,Illinois,Central
4161,US-2023-101414,2023-09-26,2023-10-02,Standard Class,Wei Jones,Consumer,Storage Item 202,Office Supplies,Storage,299.68,2,0.0,50.67,San Diego,California,West
4162,US-2024-100145,2024-10-11,2024-10-16,Standard Class,Robert Davis,Consumer,Accessories Item 374,Technology,Accessories,150.36,3,0.2,7.24,Boston,Massachusetts,East
4163,US-2024-101575,2024-09-15,2024-09-22,Standard Class,Sarah Williams,Home Office,Paper Item 678,Office Supplies,Paper,191.52,6,0.2,4.0,Ann Arbor,Michigan,Central
4164,US-2024-102314,2024-05-16,2024-05-20,First Class,,Consumer,Storage Item 338,Office Supplies,Storage,458.1,6,0.3,-36.59,Columbus,Ohio,Central
4165,US-2023-100987,2023-11-15,2023-11-18,Second Class,Linda Garcia,Corporate,Paper Item 203,Office Supplies,Paper,99.04,8,0.3,-7.57,Ann Arbor,Michigan,Central
4166,US-2022-101896,2022-12-23,2022-12-29,Standard Class,Fatima Patel,Corporate,Printers Item 353,Technology,Printers,1341.48,7,0.0,219.26,Nashville,Tennessee,South
4167,US-2022-100529,2022-09-22,2022-09-24,Second Class,Richard Rodriguez,Home Office,Storage Item 603,Office Supplies,Storage,313.86,2,0.15,20.52,Detroit,Michigan,Central
4168,US-2023-100802,2023-04-07,2023-04-09,Second Class,Diego Rodriguez,Home Office,Printers Item 928,Technology,Printers,1582.88,8,0.15,88.64,Atlanta,Georgia,South
4169,US-2022-102895,2022-12-22,2022-03-25,Standard Class,Robert Thomas,Corporate,Labels Item 142,Office Supplies,Labels,24.99,1,0.0,4.81,Las Vegas,Nevada,West
4170,US-2024-100388,2024-07-04,2024-07-06,Second Class,Linda Garcia,Corporate,Bookcases Item 683,Furniture,Bookcases,$4020.24,7,0.15,60.24,Seattle,Washington,West
4171,US-2022-100836,2022-02-19,2022-02-25,Second Class,Jessica Khan,Consumer,Paper Item 627,Office Supplies,Paper,16.46,1,0.3,-0.07,Raleigh,North Carolina,South
4172,US-2023-100191,2023-05-03,2023-05-06,First Class,Mary Johnson,Home Office,Paper Item 190,Office Supplies,Paper,38.94,6,0.2,2.7,Chicago,Illinois,Central
4173,US-2022-101689,2022-11-22,2022-03-25,Standard Class,Diego Williams,Corporate,Tables Item 697,Furniture,Tables,5669.44,8,0.3,-807.64,Seattle,Washington,West
4174,US-2023-101160,2023-11-01,2023-11-07,Same Day,Diego Smith,Home Office,Art Item 988,Office Supplies,Art,219.84,6,0.1,26.87,Jersey City,New Jersey,East
4175,US-2022-100275,2022-09-19,2022-09-24,Second Class,Susan Thomas,Home Office,Art Item 624,Office Supplies,Art,44.02,1,0.0,13.4,Nashville,Tennessee,South
4176,US-2022-100148,2022-12-11,2022-12-14,First Class,James Martinez,Home Office,Labels Item 373,Office Supplies,Labels,24.6,5,0.15,2.2,Philadelphia,Pennsylvania,East
4177,US-2024-100295,2024-10-05,2024-10-10,First Class,Fatima Davis,Consumer,Art Item 882,Office Supplies,Art,87.6,6,0.15,1.35,Tampa,Florida,South
4178,US-2023-102848,2023-12-10,2023-12-11,Standard Class,John Rodriguez,Corporate,Chairs Item 950,Furniture,Chairs,$1176.36,3,0.5,-397.74,Boston,Massachusetts,East
4179,US-2024-102588,2024-04-21,2024-04-27,First Class,Sarah Walker,Corporate,Labels Item 470,Office Supplies,Labels,24.5,2,0.0,7.68,Jersey City,New Jersey,East
4180,US-2024-101716,2024-06-27,2024-06-28,Second Class,Priya Kim,Corporate,Art Item 100,Office Supplies,Art,339.99,7,0.0,118.36,San Diego,California,West
4181,US-2024-103183,2024-04-13,2024-04-17,Second Class,Robert Davis,Consumer,Accessories Item 847,Technology,Accessories,221.31,3,0.0,58.96,Pittsburgh,Pennsylvania,East
4182,US-2022-102001,2022-07-02,2022-07-07,Second Class,Wei Ali,Corporate,Laptops Item 684,Technology,Laptops,8577.54,6,0.1,1724.83,Atlanta,Georgia,South
4183,US-2023-101178,2023-12-07,2023-09-11,Standard Class,Mary Ali,Corporate,Storage Item 435,Office Supplies,Storage,297.88,2,0.1,19.1,Detroit,Michigan,Central
4184,US-2023-102054,2023-10-13,2023-10-14,Standard Class,Carlos Khan,Consumer,Tables Item 234,Furniture,Tables,872.24,1,0.0,139.63,Columbus,Ohio,Central
4185,US-2022-100975,2022-10-06,2022-10-12,First Class,Aiden Brown,Consumer,Art Item 357,Office Supplies,Art,236.88,8,0.1,30.04,Raleigh,North Carolina,South
4186,US-2023-103217,2023-05-25,2023-05-30,First Class,Fatima Khan,Corporate,Phones Item 398,Technology,Phones,4056.15,5,0.15,357.1,Savannah,Georgia,South
4187,US-2024-101922,2024-06-06,2024-06-12,Second Class,Patricia Nguyen,Consumer,Phones Item 516,Technology,Phones,3546.9,7,0.15,236.04,Buffalo,New York,East
4188,US-2023-100042,2023-08-03,2023-08-07,Same Day,William Chen,Home Office,Art Item 712,Office Supplies,Art,89.46,3,0.1,4.72,New York City,New York,East
4189,US-2024-100378,2024-06-22,2024-06-28,Standard Class,Michael Anderson,Consumer,Accessories Item 261,Technology,Accessories,147.5,5,0.1,29.32,Springfield,Illinois,Central
4190,US-2022-101279,2022-12-03,2022-12-06,Standard Class,Wei Lee,Consumer,Paper Item 645,Office Supplies,Paper,43.72,2,0.0,9.18,Detroit,Michigan,Central
4191,US-2022-102195,2022-05-09,2022-05-15,First Class,Jennifer Martinez,Consumer,Printers Item 300,Technology,Printers,1047.68,8,0.2,-64.1,Nashville,Tennessee,South
4192,US-2024-103390,2024-11-12,2024-05-14,Same Day,Michael Anderson,Consumer,Bookcases Item 161,Furniture,Bookcases,4853.45,7,0.15,-19.66,Atlanta,Georgia,South
4193,US-2024-102005,2024-02-12,2024-02-19,Standard Class,Wei Davis,Consumer,Chairs Item 703,Furniture,Chairs,718.14,2,0.0,115.86,Albany,New York,East
4194,US-2023-101264,2023-11-01,2023-02-04,Same Day,Priya Williams,Home Office,Art Item 659,Office Supplies,Art,62.4,3,0.0,21.31,Los Angeles,California,West
4195,US-2022-103138,2022-08-03,2022-08-05,Second Class,Susan Garcia,Home Office,Laptops Item 685,Technology,Laptops,5854.24,4,0.0,1642.38,Newark,New Jersey,East
4196,US-2023-100206,2023-09-13,2023-09-16,First Class,Priya Taylor,Home Office,Storage Item 801,Office Supplies,Storage,444.42,6,0.0,151.11,Chicago,Illinois,Central
4197,US-2024-101069,2024-01-02,2024-01-05,Standard Class,Patricia Thomas,Corporate,Tables Item 868,Furniture,Tables,327.06,2,0.2,24.95,Philadelphia,Pennsylvania,East
4198,US-2023-103153,2023-02-24,2023-03-01,Same Day,Robert Khan,Home Office,Tables Item 458,Furniture,Tables,2841.23,7,0.1,365.45,Reno,Nevada,West
4199,US-2022-100491,2022-11-25,2022-04-29,First Class,Joseph Patel,Corporate,Accessories Item 658,Technology,Accessories,454.32,8,0.1,88.22,New York City,New York,East
4200,US-2022-103186,2022-08-11,2022-08-17,Second Class,Sarah Martinez,Consumer,Paper Item 473,Office Supplies,Paper,136.15,5,0.1,14.66,Miami,Florida,South
4201,US-2024-101078,2024-11-11,2024-03-16,Second Class,Priya Taylor,Corporate,Art Item 674,Office Supplies,Art,75.3,6,0.1,6.62,Springfield,Illinois,Central
4202,US-2022-102719,2022-01-12,2022-01-13,Second Class,Fatima Anderson,Consumer,Laptops Item 561,Technology,Laptops,$5458.25,7,0.0,1737.49,Atlanta,Georgia,South
4203,US-2024-102673,2024-04-09,2024-04-15,Same Day,William Miller,Consumer,Tables Item 565,Furniture,Tables,868.6,1,0.15,80.35,Columbus,Ohio,Central
4204,US-2023-102460,2023-02-26,2023-03-05,Second Class,Richard Brown,Consumer,Phones Item 378,Technology,Phones,$1439.74,2,0.0,313.52,Reno,Nevada,West
4205,US-2024-101983,2024-12-15,2024-12-21,Second Class,Aiden Singh,Home Office,Binders Item 205,Office Supplies,Binders,25.48,7,0.3,-0.57,Los Angeles,California,West
4206,US-2024-100741,2024-05-30,2024-06-01,Same Day,Wei Miller,Home Office,Labels Item 759,Office Supplies,Labels,124.86,6,0.0,21.73,Los Angeles,California,West
4207,US-2022-101033,2022-05-14,2022-05-15,Standard Class,Mary Smith,Consumer,Labels Item 439,Office Supplies,Labels,3.2,1,0.15,0.46,Jersey City,New Jersey,East
4208,US-2022-102122,2022-04-30,2022-05-07,Standard Class,Amara Davis,Home Office,Paper Item 971,Office Supplies,Paper,30.74,1,0.15,2.33,Detroit,Michigan,Central
4209,US-2024-103047,2024-03-17,2024-03-21,Standard Class,Fatima Kim,Corporate,Chairs Item 369,Furniture,Chairs,1672.32,8,0.0,439.4,Ann Arbor,Michigan,Central
4210,US-2023-101726,2023-01-10,2023-01-11,Second Class,Jennifer Khan,Home Office,Art Item 324,Office Supplies,Art,156.44,4,0.0,44.58,Miami,Florida,South
4211,US-2024-101404,2024-12-01,2024-02-02,Second Class,Carlos Patel,Consumer,Labels Item 935,Office Supplies,Labels,19.42,1,0.0,3.54,Miami,Florida,South
4212,US-2022-102255,2022-10-11,2022-10-13,First Class,Fatima Thomas,Home Office,Art Item 257,Office Supplies,Art,342.02,7,0.15,59.27,Savannah,Georgia,South
4213,US-2023-102916,2023-02-07,2023-02-08,Standard Class,Robert Garcia,Consumer,Furnishings Item 243,Furniture,Furnishings,747.39,3,0.0,183.04,Philadelphia,Pennsylvania,East
